ID,OCCUPATION_NAME,OCCUPATION_DESCRIPTION,OCCUPATION_GROUP_NAME,OCCUPATION_GROUP_DESCRIPTION,CAREER_AREA_NAME,CAREER_AREA_DESCRIPTION,REQUIREMENT_LEVEL,REQUIREMENT_LEVEL_DESCRIPTION,LICENSE_TYPICALLY_REQUIRED,CERTIFICATION_TYPICALLY_REQUIRED,REQUIRES_SPECIALIZED_TRAINING,SPECIALIZED_TRAINING_DESCRIPTION,MINIMUM_TRAINING_LENGTH_MONTHS
10101010,Farm / Ranch Manager,"A Farm or Ranch Manager manages operations at a farm or ranch. Directs crop production and management of livestock herds and supervises farm workers who grow and harvest crops or tend to farm animals. Purchases supplies such as seed, fertilizer or animal feed, operates and repairs farm equipment, and maintains facilities. Monitors prices and adapts production as needed due to market changes, weather conditions or other factors.",Agriculture Managers,"The Agriculture Managers Occupation Group includes managerial occupations specific to the practice of farming (the cultivation of the soil for the growing of crops and the rearing of animals to provide food, wool, and other products). It also includes managers of fish farms and fish hatcheries.","Agriculture, Horticulture, & the Outdoors","The Agriculture, Horticulture, & the Outdoors Career Area includes occupations specific to the practice of farming, including cultivation of the soil for the growing of crops and the rearing of animals to provide food, wool, and other products. It also includes all occupations specific to the maintenance and conservation of outdoor spaces such as parks and nature reserves.",3.0,Roles with 2 year specialized degree requirement or a mix of sub-BA and BA requirements,False,False,False,,0.0
10111010,Farm / Nursery / Greenhouse Worker,"A Farm, Nursery, or Greenhouse Worker propagates, cultivates and harvests plants, primarily flowers, trees, shrubs and sod, and other crops such as mushrooms that are grown in greenhouses, or grows and harvests farm crops such as grain, fruit or vegetables. Operates and maintains equipment used to grow and harvest plants and crops. Cares for animals including dairy cows or chickens, pigs or other animals raised for meat.",Agriculture Workers,"The Agriculture Workers Occupation Group includes occupations specific to the practice of farming (the cultivation of the soil for the growing of crops and the rearing of animals to provide food, wool, and other products).","Agriculture, Horticulture, & the Outdoors","The Agriculture, Horticulture, & the Outdoors Career Area includes occupations specific to the practice of farming, including cultivation of the soil for the growing of crops and the rearing of animals to provide food, wool, and other products. It also includes all occupations specific to the maintenance and conservation of outdoor spaces such as parks and nature reserves.",1.0,Roles with minimal training requirements,False,False,False,,0.0
10131210,Landscaping / Groundskeeping Worker,"A Landscaping or Groundskeeping Worker provides landscaping for residences, parks, public gardens, college campuses or building or office park grounds. Provides care for plants and trees including mowing, trimming and planting, and repairs driveways, walks, benches or other structures.",Landscaping and Gardening,"The Landscaping and Gardening Occupation Group includes all occupations specific to groundskeeping, including gardening and lawncare, but also arboreal roles and pest control.","Agriculture, Horticulture, & the Outdoors","The Agriculture, Horticulture, & the Outdoors Career Area includes occupations specific to the practice of farming, including cultivation of the soil for the growing of crops and the rearing of animals to provide food, wool, and other products. It also includes all occupations specific to the maintenance and conservation of outdoor spaces such as parks and nature reserves.",1.0,Roles with minimal training requirements,False,False,False,,0.0
10131410,Pest Control Technician,"A Pest Control Technician controls problems with unwanted animals and insects in residences, commercial buildings and the areas around them. Inspects buildings, identifies pests and determines pest control treatment. Provides applications of chemical pesticides and sets traps or bait. Makes minor building repairs as needed to keep pests out.",Landscaping and Gardening,"The Landscaping and Gardening Occupation Group includes all occupations specific to groundskeeping, including gardening and lawncare, but also arboreal roles and pest control.","Agriculture, Horticulture, & the Outdoors","The Agriculture, Horticulture, & the Outdoors Career Area includes occupations specific to the practice of farming, including cultivation of the soil for the growing of crops and the rearing of animals to provide food, wool, and other products. It also includes all occupations specific to the maintenance and conservation of outdoor spaces such as parks and nature reserves.",1.0,Roles with minimal training requirements,False,False,False,,0.0
10131510,Tree Climber / Trimmer,A Tree Climber or Trimmer trims and prunes trees. Clears away excess branches near utility lines or over roads or sidewalks. Prunes dead or diseased tree limbs to improve the appearance and health of the tree. Uses rigging equipment and may work from a truck powered lift; uses chain saws and other power equipment.,Landscaping and Gardening,"The Landscaping and Gardening Occupation Group includes all occupations specific to groundskeeping, including gardening and lawncare, but also arboreal roles and pest control.","Agriculture, Horticulture, & the Outdoors","The Agriculture, Horticulture, & the Outdoors Career Area includes occupations specific to the practice of farming, including cultivation of the soil for the growing of crops and the rearing of animals to provide food, wool, and other products. It also includes all occupations specific to the maintenance and conservation of outdoor spaces such as parks and nature reserves.",1.0,Roles with minimal training requirements,False,False,False,,0.0
10141210,Forester,"A Forester manages large tracts of tree covered land, or manages trees in an urban setting. Directs tree harvests and plantings, develops plans for regenerating or protecting forest land, educates teachers and students about forest conservation. May inventory and appraise timber for sale by forest owners.",Rangers and Foresters,"The Rangers and Foresters Occupation Group includes occupations specific to the protection and conservation of wildlife in forests, woodland, and national parks.","Agriculture, Horticulture, & the Outdoors","The Agriculture, Horticulture, & the Outdoors Career Area includes occupations specific to the practice of farming, including cultivation of the soil for the growing of crops and the rearing of animals to provide food, wool, and other products. It also includes all occupations specific to the maintenance and conservation of outdoor spaces such as parks and nature reserves.",4.0,Entry level BA roles,False,False,False,,0.0
11111010,Business / Management Analyst,"A Business or Management Analyst provides strategic management consulting to companies and businesses. Advises on ways to improve operations, increase efficiency, reduce costs and increase revenues; may recommend systems or organizational change. May specialize in an area of business practice or a specific industry; may also specialize in consulting with government agencies.",Business Analysis,"The Business Analysis Occupation Group includes occupations involved in identifying business needs and determining solutions to business problems. It includes management, operational, and business continuity analysts.",Business Management and Operations,"The Business Management and Operations Career Area includes occupations specific to the administration of an organization, such as a business, a non-profit organization, or a government body. It also includes roles responsible for managing resources of the business, along with planning and running the logistics required to run the organization.",5.0,Advanced BA roles,False,False,False,,0.0
11111011,Business / Management Analyst,"A Business or Management Analyst provides strategic management consulting to companies and businesses. Advises on ways to improve operations, increase efficiency, reduce costs and increase revenues; may recommend systems or organizational change. May specialize in an area of business practice or a specific industry; may also specialize in consulting with government agencies.",Business Analysis,"The Business Analysis Occupation Group includes occupations involved in identifying business needs and determining solutions to business problems. It includes management, operational, and business continuity analysts.",Business Management and Operations,"The Business Management and Operations Career Area includes occupations specific to the administration of an organization, such as a business, a non-profit organization, or a government body. It also includes roles responsible for managing resources of the business, along with planning and running the logistics required to run the organization.",5.0,Advanced BA roles,False,False,False,,0.0
11111012,Business / Management Analyst,"A Business or Management Analyst provides strategic management consulting to companies and businesses. Advises on ways to improve operations, increase efficiency, reduce costs and increase revenues; may recommend systems or organizational change. May specialize in an area of business practice or a specific industry; may also specialize in consulting with government agencies.",Business Analysis,"The Business Analysis Occupation Group includes occupations involved in identifying business needs and determining solutions to business problems. It includes management, operational, and business continuity analysts.",Business Management and Operations,"The Business Management and Operations Career Area includes occupations specific to the administration of an organization, such as a business, a non-profit organization, or a government body. It also includes roles responsible for managing resources of the business, along with planning and running the logistics required to run the organization.",5.0,Advanced BA roles,False,False,False,,0.0
11111015,Business / Management Analyst,"A Business or Management Analyst provides strategic management consulting to companies and businesses. Advises on ways to improve operations, increase efficiency, reduce costs and increase revenues; may recommend systems or organizational change. May specialize in an area of business practice or a specific industry; may also specialize in consulting with government agencies.",Business Analysis,"The Business Analysis Occupation Group includes occupations involved in identifying business needs and determining solutions to business problems. It includes management, operational, and business continuity analysts.",Business Management and Operations,"The Business Management and Operations Career Area includes occupations specific to the administration of an organization, such as a business, a non-profit organization, or a government body. It also includes roles responsible for managing resources of the business, along with planning and running the logistics required to run the organization.",5.0,Advanced BA roles,False,False,False,,0.0
11111110,Business Continuity Planner / Analyst,A Business Continuity Planner or Analyst researches company operations and develops strategies for companies to implement in the event of a disaster or significant unexpected problems affecting operations.,Business Analysis,"The Business Analysis Occupation Group includes occupations involved in identifying business needs and determining solutions to business problems. It includes management, operational, and business continuity analysts.",Business Management and Operations,"The Business Management and Operations Career Area includes occupations specific to the administration of an organization, such as a business, a non-profit organization, or a government body. It also includes roles responsible for managing resources of the business, along with planning and running the logistics required to run the organization.",5.0,Advanced BA roles,False,False,False,,0.0
11111214,Operations Analyst,An Operations Analyst analyzes systems and processes in an organization or business and uses findings to help solve problems and improve management. Uses advanced statistical and mathematical models and computer software to analyze a wide variety of data; collaborates with other analysts and with the management of an organization.,Business Analysis,"The Business Analysis Occupation Group includes occupations involved in identifying business needs and determining solutions to business problems. It includes management, operational, and business continuity analysts.",Business Management and Operations,"The Business Management and Operations Career Area includes occupations specific to the administration of an organization, such as a business, a non-profit organization, or a government body. It also includes roles responsible for managing resources of the business, along with planning and running the logistics required to run the organization.",4.0,Entry level BA roles,False,False,False,,0.0
11111215,Operations Analyst,An Operations Analyst analyzes systems and processes in an organization or business and uses findings to help solve problems and improve management. Uses advanced statistical and mathematical models and computer software to analyze a wide variety of data; collaborates with other analysts and with the management of an organization.,Business Analysis,"The Business Analysis Occupation Group includes occupations involved in identifying business needs and determining solutions to business problems. It includes management, operational, and business continuity analysts.",Business Management and Operations,"The Business Management and Operations Career Area includes occupations specific to the administration of an organization, such as a business, a non-profit organization, or a government body. It also includes roles responsible for managing resources of the business, along with planning and running the logistics required to run the organization.",4.0,Entry level BA roles,False,False,False,,0.0
11121010,Fundraising / Development Specialist,"A Fundraising or Development Specialist raises funds and develops funding resources for an organization, program or non-profit institution. Manages special fundraising events, online donations, individual membership or corporate donations or grants. Builds awareness of the contributions and financial needs of organizations and programs.",Fundraising and Grants,"The Fundraising and Grants Occupation Group includes occupations involved in seeking and gathering voluntary financial contributions by engaging individuals, businesses, charitable foundations, or governmental agencies.",Business Management and Operations,"The Business Management and Operations Career Area includes occupations specific to the administration of an organization, such as a business, a non-profit organization, or a government body. It also includes roles responsible for managing resources of the business, along with planning and running the logistics required to run the organization.",4.0,Entry level BA roles,False,False,False,,0.0
11121110,Fundraising Manager,"A Fundraising Manager manages fundraising for an organization. Develops and implements fundraising strategies that include online fundraising, mail and email campaigns, grant writing and fundraising events. May develop relationships with large donors.",Fundraising and Grants,"The Fundraising and Grants Occupation Group includes occupations involved in seeking and gathering voluntary financial contributions by engaging individuals, businesses, charitable foundations, or governmental agencies.",Business Management and Operations,"The Business Management and Operations Career Area includes occupations specific to the administration of an organization, such as a business, a non-profit organization, or a government body. It also includes roles responsible for managing resources of the business, along with planning and running the logistics required to run the organization.",5.0,Advanced BA roles,False,False,False,,0.0
11131010,Chief Executive Officer,"A Chief Executive Officer provides overall direction for companies and private and public sector organizations. Develops and defines company policies. Plans and directs operational activities, with the help of management executives and staff managers.",General Managers,"The General Managers Occupation Group includes all non-specific management roles in public, private and not-for-profit organizations.",Business Management and Operations,"The Business Management and Operations Career Area includes occupations specific to the administration of an organization, such as a business, a non-profit organization, or a government body. It also includes roles responsible for managing resources of the business, along with planning and running the logistics required to run the organization.",6.0,Graduate and professional roles,False,False,False,,0.0
11131110,General Manager,"A General Manager manages all aspects of a business. May be responsible for managing a small business, or managing one division or department of a larger business. Oversees administration, finance, communication and marketing as well as operations for a company. Reports to business owners, executive management or a board of directors.",General Managers,"The General Managers Occupation Group includes all non-specific management roles in public, private and not-for-profit organizations.",Business Management and Operations,"The Business Management and Operations Career Area includes occupations specific to the administration of an organization, such as a business, a non-profit organization, or a government body. It also includes roles responsible for managing resources of the business, along with planning and running the logistics required to run the organization.",5.0,Advanced BA roles,False,False,False,,0.0
11131111,General Manager,"A General Manager manages all aspects of a business. May be responsible for managing a small business, or managing one division or department of a larger business. Oversees administration, finance, communication and marketing as well as operations for a company. Reports to business owners, executive management or a board of directors.",General Managers,"The General Managers Occupation Group includes all non-specific management roles in public, private and not-for-profit organizations.",Business Management and Operations,"The Business Management and Operations Career Area includes occupations specific to the administration of an organization, such as a business, a non-profit organization, or a government body. It also includes roles responsible for managing resources of the business, along with planning and running the logistics required to run the organization.",5.0,Advanced BA roles,False,False,False,,0.0
11131113,General Manager,"A General Manager manages all aspects of a business. May be responsible for managing a small business, or managing one division or department of a larger business. Oversees administration, finance, communication and marketing as well as operations for a company. Reports to business owners, executive management or a board of directors.",General Managers,"The General Managers Occupation Group includes all non-specific management roles in public, private and not-for-profit organizations.",Business Management and Operations,"The Business Management and Operations Career Area includes occupations specific to the administration of an organization, such as a business, a non-profit organization, or a government body. It also includes roles responsible for managing resources of the business, along with planning and running the logistics required to run the organization.",5.0,Advanced BA roles,False,False,False,,0.0
11131210,Non-profit Executive Director,"A Non-profit Executive Director provides senior level leadership to a non-profit organization focused on policy, political advocacy, or social program development.",General Managers,"The General Managers Occupation Group includes all non-specific management roles in public, private and not-for-profit organizations.",Business Management and Operations,"The Business Management and Operations Career Area includes occupations specific to the administration of an organization, such as a business, a non-profit organization, or a government body. It also includes roles responsible for managing resources of the business, along with planning and running the logistics required to run the organization.",5.0,Advanced BA roles,False,False,False,,0.0
11131312,Public Administrator,A Public Administrator oversees the implementation of government policy or studies this implementation. Supervises and manages civil servants or personally assists in the operations of a government. Many years of experience and at the very least a Bachelor's degree tend to be required for these roles.,General Managers,"The General Managers Occupation Group includes all non-specific management roles in public, private and not-for-profit organizations.",Business Management and Operations,"The Business Management and Operations Career Area includes occupations specific to the administration of an organization, such as a business, a non-profit organization, or a government body. It also includes roles responsible for managing resources of the business, along with planning and running the logistics required to run the organization.",5.0,Advanced BA roles,False,False,False,,0.0
11131314,Public Administrator,A Public Administrator oversees the implementation of government policy or studies this implementation. Supervises and manages civil servants or personally assists in the operations of a government. Many years of experience and at the very least a Bachelor's degree tend to be required for these roles.,General Managers,"The General Managers Occupation Group includes all non-specific management roles in public, private and not-for-profit organizations.",Business Management and Operations,"The Business Management and Operations Career Area includes occupations specific to the administration of an organization, such as a business, a non-profit organization, or a government body. It also includes roles responsible for managing resources of the business, along with planning and running the logistics required to run the organization.",5.0,Advanced BA roles,False,False,False,,0.0
11131316,Public Administrator,A Public Administrator oversees the implementation of government policy or studies this implementation. Supervises and manages civil servants or personally assists in the operations of a government. Many years of experience and at the very least a Bachelor's degree tend to be required for these roles.,General Managers,"The General Managers Occupation Group includes all non-specific management roles in public, private and not-for-profit organizations.",Business Management and Operations,"The Business Management and Operations Career Area includes occupations specific to the administration of an organization, such as a business, a non-profit organization, or a government body. It also includes roles responsible for managing resources of the business, along with planning and running the logistics required to run the organization.",5.0,Advanced BA roles,False,False,False,,0.0
11131318,Public Administrator,A Public Administrator oversees the implementation of government policy or studies this implementation. Supervises and manages civil servants or personally assists in the operations of a government. Many years of experience and at the very least a Bachelor's degree tend to be required for these roles.,General Managers,"The General Managers Occupation Group includes all non-specific management roles in public, private and not-for-profit organizations.",Business Management and Operations,"The Business Management and Operations Career Area includes occupations specific to the administration of an organization, such as a business, a non-profit organization, or a government body. It also includes roles responsible for managing resources of the business, along with planning and running the logistics required to run the organization.",5.0,Advanced BA roles,False,False,False,,0.0
11151010,Forklift / Pallet Jack Operator,"A Forklift or Pallet Jack Operator operates forklift machinery used to lift heavy loads or pallets at a construction site, warehouse or factory.",Laborers and Warehouse Workers,"The Laborers and Warehouse Workers Occupation Group includes operational roles in material storage, moving, packaging and recycling or sanitation.",Business Management and Operations,"The Business Management and Operations Career Area includes occupations specific to the administration of an organization, such as a business, a non-profit organization, or a government body. It also includes roles responsible for managing resources of the business, along with planning and running the logistics required to run the organization.",1.0,Roles with minimal training requirements,False,False,False,,0.0
11151110,Warehouse Worker,"A Warehouse Worker moves or transports freight, stocks, and materials, usually without using machinery.",Laborers and Warehouse Workers,"The Laborers and Warehouse Workers Occupation Group includes operational roles in material storage, moving, packaging and recycling or sanitation.",Business Management and Operations,"The Business Management and Operations Career Area includes occupations specific to the administration of an organization, such as a business, a non-profit organization, or a government body. It also includes roles responsible for managing resources of the business, along with planning and running the logistics required to run the organization.",1.0,Roles with minimal training requirements,False,False,False,,0.0
11151210,Packager,A Packager consolidates and packages goods for safe and efficient storage and transport. Works at a factory or at a trade or transportation facility.,Laborers and Warehouse Workers,"The Laborers and Warehouse Workers Occupation Group includes operational roles in material storage, moving, packaging and recycling or sanitation.",Business Management and Operations,"The Business Management and Operations Career Area includes occupations specific to the administration of an organization, such as a business, a non-profit organization, or a government body. It also includes roles responsible for managing resources of the business, along with planning and running the logistics required to run the organization.",1.0,Roles with minimal training requirements,False,False,False,,0.0
11161010,Cargo Coordinator / Freight Forwarder,"A Cargo Coordinator or Freight Forwarder manages shipments of cargo or freight for a company or client. Identifies the best options for transporting cargo, arranges shipments, monitors carriers, tracks fees and tariffs, and confirms the arrival of cargo.",Logistics and Operational Support,The Logistics and Operational Support Occupation Group includes roles specific to the running and maintenance of systems behind the flow of materials or products between the point of origin and the point of consumption - to meet the requirements of both consumers or producers.,Business Management and Operations,"The Business Management and Operations Career Area includes occupations specific to the administration of an organization, such as a business, a non-profit organization, or a government body. It also includes roles responsible for managing resources of the business, along with planning and running the logistics required to run the organization.",3.0,Roles with 2 year specialized degree requirement or a mix of sub-BA and BA requirements,False,False,False,,0.0
11161110,Dispatcher,"A Dispatcher answers emergency calls and relays information from callers to the appropriate police, fire or ambulance staff. Speaks calmly with callers to get the information needed for emergency personnel. Keeps detailed records of calls and responses.",Logistics and Operational Support,The Logistics and Operational Support Occupation Group includes roles specific to the running and maintenance of systems behind the flow of materials or products between the point of origin and the point of consumption - to meet the requirements of both consumers or producers.,Business Management and Operations,"The Business Management and Operations Career Area includes occupations specific to the administration of an organization, such as a business, a non-profit organization, or a government body. It also includes roles responsible for managing resources of the business, along with planning and running the logistics required to run the organization.",1.0,Roles with minimal training requirements,False,False,False,,0.0
11161210,Inventory / Supply Specialist,"An Inventory or Supply Specialist specializes in tracking and managing inventory and supplies to improve production or distribution at a company or organization. Manages purchase orders, or distribution of materials between different centers of a large company.",Logistics and Operational Support,The Logistics and Operational Support Occupation Group includes roles specific to the running and maintenance of systems behind the flow of materials or products between the point of origin and the point of consumption - to meet the requirements of both consumers or producers.,Business Management and Operations,"The Business Management and Operations Career Area includes occupations specific to the administration of an organization, such as a business, a non-profit organization, or a government body. It also includes roles responsible for managing resources of the business, along with planning and running the logistics required to run the organization.",1.0,Roles with minimal training requirements,False,False,False,,0.0
11161310,Inventory Associate,An Inventory Associate monitors warehouse inventory and places orders with vendors for supplies. Conducts regular or occasional audits of inventory or sections of a warehouse.,Logistics and Operational Support,The Logistics and Operational Support Occupation Group includes roles specific to the running and maintenance of systems behind the flow of materials or products between the point of origin and the point of consumption - to meet the requirements of both consumers or producers.,Business Management and Operations,"The Business Management and Operations Career Area includes occupations specific to the administration of an organization, such as a business, a non-profit organization, or a government body. It also includes roles responsible for managing resources of the business, along with planning and running the logistics required to run the organization.",1.0,Roles with minimal training requirements,False,False,False,,0.0
11161410,Order Processor / Order Entry Clerk,"An Order Processor or Order Entry Clerk handles customer orders for products or services. Records and verifies information about the order, including shipping and billing information, enters data as needed for a company system, and directs the order to the department where it will be filled.",Logistics and Operational Support,The Logistics and Operational Support Occupation Group includes roles specific to the running and maintenance of systems behind the flow of materials or products between the point of origin and the point of consumption - to meet the requirements of both consumers or producers.,Business Management and Operations,"The Business Management and Operations Career Area includes occupations specific to the administration of an organization, such as a business, a non-profit organization, or a government body. It also includes roles responsible for managing resources of the business, along with planning and running the logistics required to run the organization.",1.0,Roles with minimal training requirements,False,False,False,,0.0
11161510,Scheduler / Operations Coordinator,"A Scheduler or Operations Coordinator provides scheduling and logistical support for an office, company or organization. May specialize in scheduling required for production or for administrative work.",Logistics and Operational Support,The Logistics and Operational Support Occupation Group includes roles specific to the running and maintenance of systems behind the flow of materials or products between the point of origin and the point of consumption - to meet the requirements of both consumers or producers.,Business Management and Operations,"The Business Management and Operations Career Area includes occupations specific to the administration of an organization, such as a business, a non-profit organization, or a government body. It also includes roles responsible for managing resources of the business, along with planning and running the logistics required to run the organization.",3.0,Roles with 2 year specialized degree requirement or a mix of sub-BA and BA requirements,False,False,False,,0.0
11161610,Shipping / Receiving Clerk,"A Shipping or Receiving Clerk tracks all incoming and/or outgoing shipments at a company facility and checks that shipment orders are filled correctly. Uses scanning equipment to track inventory. Works in receiving to check shipments that are primarily production materials or company supplies, or checks outgoing shipments of finished products.",Logistics and Operational Support,The Logistics and Operational Support Occupation Group includes roles specific to the running and maintenance of systems behind the flow of materials or products between the point of origin and the point of consumption - to meet the requirements of both consumers or producers.,Business Management and Operations,"The Business Management and Operations Career Area includes occupations specific to the administration of an organization, such as a business, a non-profit organization, or a government body. It also includes roles responsible for managing resources of the business, along with planning and running the logistics required to run the organization.",1.0,Roles with minimal training requirements,False,False,False,,0.0
11171010,Logistician / Supply Chain Specialist,"A Logistician or Supply Chain Specialist develops estimates of demand for company products. Analyzes business and economic data and develops forecasts of product sales that can be used for production planning. Plans and manages purchasing of supplies needed by a company or organization. Develops order schedules and policies, cultivates relationships with suppliers, monitors supply quality; identifies cost-effective sources for products and services.",Logistics and Supply Chain Analysts / Specialists,The Logistics and Supply Chain Analysts / Specialists Occupation Group includes roles specific to the analysis and improvement of the flow of materials or products between the point of origin and the point of consumption - to meet the requirements of both consumers or producers.,Business Management and Operations,"The Business Management and Operations Career Area includes occupations specific to the administration of an organization, such as a business, a non-profit organization, or a government body. It also includes roles responsible for managing resources of the business, along with planning and running the logistics required to run the organization.",3.0,Roles with 2 year specialized degree requirement or a mix of sub-BA and BA requirements,False,False,False,,0.0
11171012,Logistician / Supply Chain Specialist,"A Logistician or Supply Chain Specialist develops estimates of demand for company products. Analyzes business and economic data and develops forecasts of product sales that can be used for production planning. Plans and manages purchasing of supplies needed by a company or organization. Develops order schedules and policies, cultivates relationships with suppliers, monitors supply quality; identifies cost-effective sources for products and services.",Logistics and Supply Chain Analysts / Specialists,The Logistics and Supply Chain Analysts / Specialists Occupation Group includes roles specific to the analysis and improvement of the flow of materials or products between the point of origin and the point of consumption - to meet the requirements of both consumers or producers.,Business Management and Operations,"The Business Management and Operations Career Area includes occupations specific to the administration of an organization, such as a business, a non-profit organization, or a government body. It also includes roles responsible for managing resources of the business, along with planning and running the logistics required to run the organization.",3.0,Roles with 2 year specialized degree requirement or a mix of sub-BA and BA requirements,False,False,False,,0.0
11171013,Logistician / Supply Chain Specialist,"A Logistician or Supply Chain Specialist develops estimates of demand for company products. Analyzes business and economic data and develops forecasts of product sales that can be used for production planning. Plans and manages purchasing of supplies needed by a company or organization. Develops order schedules and policies, cultivates relationships with suppliers, monitors supply quality; identifies cost-effective sources for products and services.",Logistics and Supply Chain Analysts / Specialists,The Logistics and Supply Chain Analysts / Specialists Occupation Group includes roles specific to the analysis and improvement of the flow of materials or products between the point of origin and the point of consumption - to meet the requirements of both consumers or producers.,Business Management and Operations,"The Business Management and Operations Career Area includes occupations specific to the administration of an organization, such as a business, a non-profit organization, or a government body. It also includes roles responsible for managing resources of the business, along with planning and running the logistics required to run the organization.",3.0,Roles with 2 year specialized degree requirement or a mix of sub-BA and BA requirements,False,False,False,,0.0
11171015,Logistician / Supply Chain Specialist,"A Logistician or Supply Chain Specialist develops estimates of demand for company products. Analyzes business and economic data and develops forecasts of product sales that can be used for production planning. Plans and manages purchasing of supplies needed by a company or organization. Develops order schedules and policies, cultivates relationships with suppliers, monitors supply quality; identifies cost-effective sources for products and services.",Logistics and Supply Chain Analysts / Specialists,The Logistics and Supply Chain Analysts / Specialists Occupation Group includes roles specific to the analysis and improvement of the flow of materials or products between the point of origin and the point of consumption - to meet the requirements of both consumers or producers.,Business Management and Operations,"The Business Management and Operations Career Area includes occupations specific to the administration of an organization, such as a business, a non-profit organization, or a government body. It also includes roles responsible for managing resources of the business, along with planning and running the logistics required to run the organization.",3.0,Roles with 2 year specialized degree requirement or a mix of sub-BA and BA requirements,False,False,False,,0.0
11171016,Logistician / Supply Chain Specialist,"A Logistician or Supply Chain Specialist develops estimates of demand for company products. Analyzes business and economic data and develops forecasts of product sales that can be used for production planning. Plans and manages purchasing of supplies needed by a company or organization. Develops order schedules and policies, cultivates relationships with suppliers, monitors supply quality; identifies cost-effective sources for products and services.",Logistics and Supply Chain Analysts / Specialists,The Logistics and Supply Chain Analysts / Specialists Occupation Group includes roles specific to the analysis and improvement of the flow of materials or products between the point of origin and the point of consumption - to meet the requirements of both consumers or producers.,Business Management and Operations,"The Business Management and Operations Career Area includes occupations specific to the administration of an organization, such as a business, a non-profit organization, or a government body. It also includes roles responsible for managing resources of the business, along with planning and running the logistics required to run the organization.",3.0,Roles with 2 year specialized degree requirement or a mix of sub-BA and BA requirements,False,False,False,,0.0
11171017,Logistician / Supply Chain Specialist,"A Logistician or Supply Chain Specialist develops estimates of demand for company products. Analyzes business and economic data and develops forecasts of product sales that can be used for production planning. Plans and manages purchasing of supplies needed by a company or organization. Develops order schedules and policies, cultivates relationships with suppliers, monitors supply quality; identifies cost-effective sources for products and services.",Logistics and Supply Chain Analysts / Specialists,The Logistics and Supply Chain Analysts / Specialists Occupation Group includes roles specific to the analysis and improvement of the flow of materials or products between the point of origin and the point of consumption - to meet the requirements of both consumers or producers.,Business Management and Operations,"The Business Management and Operations Career Area includes occupations specific to the administration of an organization, such as a business, a non-profit organization, or a government body. It also includes roles responsible for managing resources of the business, along with planning and running the logistics required to run the organization.",3.0,Roles with 2 year specialized degree requirement or a mix of sub-BA and BA requirements,False,False,False,,0.0
11171019,Logistician / Supply Chain Specialist,"A Logistician or Supply Chain Specialist develops estimates of demand for company products. Analyzes business and economic data and develops forecasts of product sales that can be used for production planning. Plans and manages purchasing of supplies needed by a company or organization. Develops order schedules and policies, cultivates relationships with suppliers, monitors supply quality; identifies cost-effective sources for products and services.",Logistics and Supply Chain Analysts / Specialists,The Logistics and Supply Chain Analysts / Specialists Occupation Group includes roles specific to the analysis and improvement of the flow of materials or products between the point of origin and the point of consumption - to meet the requirements of both consumers or producers.,Business Management and Operations,"The Business Management and Operations Career Area includes occupations specific to the administration of an organization, such as a business, a non-profit organization, or a government body. It also includes roles responsible for managing resources of the business, along with planning and running the logistics required to run the organization.",3.0,Roles with 2 year specialized degree requirement or a mix of sub-BA and BA requirements,False,False,False,,0.0
11171020,Logistician / Supply Chain Specialist,"A Logistician or Supply Chain Specialist develops estimates of demand for company products. Analyzes business and economic data and develops forecasts of product sales that can be used for production planning. Plans and manages purchasing of supplies needed by a company or organization. Develops order schedules and policies, cultivates relationships with suppliers, monitors supply quality; identifies cost-effective sources for products and services.",Logistics and Supply Chain Analysts / Specialists,The Logistics and Supply Chain Analysts / Specialists Occupation Group includes roles specific to the analysis and improvement of the flow of materials or products between the point of origin and the point of consumption - to meet the requirements of both consumers or producers.,Business Management and Operations,"The Business Management and Operations Career Area includes occupations specific to the administration of an organization, such as a business, a non-profit organization, or a government body. It also includes roles responsible for managing resources of the business, along with planning and running the logistics required to run the organization.",3.0,Roles with 2 year specialized degree requirement or a mix of sub-BA and BA requirements,False,False,False,,0.0
11171110,Logistics / Supply Chain Analyst,"A Logistics or Supply Chain Analyst analyzes data to identify inefficiencies and potential improvements in the supply chain system for a company or organization. Analyzes workflow and costs associated with procurement, production, and distribution; analyzes sales and customer demand data; completes cost benefit analysis for proposed changes in production processes.",Logistics and Supply Chain Analysts / Specialists,The Logistics and Supply Chain Analysts / Specialists Occupation Group includes roles specific to the analysis and improvement of the flow of materials or products between the point of origin and the point of consumption - to meet the requirements of both consumers or producers.,Business Management and Operations,"The Business Management and Operations Career Area includes occupations specific to the administration of an organization, such as a business, a non-profit organization, or a government body. It also includes roles responsible for managing resources of the business, along with planning and running the logistics required to run the organization.",5.0,Advanced BA roles,False,False,False,,0.0
11171111,Logistics / Supply Chain Analyst,"A Logistics or Supply Chain Analyst analyzes data to identify inefficiencies and potential improvements in the supply chain system for a company or organization. Analyzes workflow and costs associated with procurement, production, and distribution; analyzes sales and customer demand data; completes cost benefit analysis for proposed changes in production processes.",Logistics and Supply Chain Analysts / Specialists,The Logistics and Supply Chain Analysts / Specialists Occupation Group includes roles specific to the analysis and improvement of the flow of materials or products between the point of origin and the point of consumption - to meet the requirements of both consumers or producers.,Business Management and Operations,"The Business Management and Operations Career Area includes occupations specific to the administration of an organization, such as a business, a non-profit organization, or a government body. It also includes roles responsible for managing resources of the business, along with planning and running the logistics required to run the organization.",5.0,Advanced BA roles,False,False,False,,0.0
11171114,Logistics / Supply Chain Analyst,"A Logistics or Supply Chain Analyst analyzes data to identify inefficiencies and potential improvements in the supply chain system for a company or organization. Analyzes workflow and costs associated with procurement, production, and distribution; analyzes sales and customer demand data; completes cost benefit analysis for proposed changes in production processes.",Logistics and Supply Chain Analysts / Specialists,The Logistics and Supply Chain Analysts / Specialists Occupation Group includes roles specific to the analysis and improvement of the flow of materials or products between the point of origin and the point of consumption - to meet the requirements of both consumers or producers.,Business Management and Operations,"The Business Management and Operations Career Area includes occupations specific to the administration of an organization, such as a business, a non-profit organization, or a government body. It also includes roles responsible for managing resources of the business, along with planning and running the logistics required to run the organization.",5.0,Advanced BA roles,False,False,False,,0.0
11171115,Logistics / Supply Chain Analyst,"A Logistics or Supply Chain Analyst analyzes data to identify inefficiencies and potential improvements in the supply chain system for a company or organization. Analyzes workflow and costs associated with procurement, production, and distribution; analyzes sales and customer demand data; completes cost benefit analysis for proposed changes in production processes.",Logistics and Supply Chain Analysts / Specialists,The Logistics and Supply Chain Analysts / Specialists Occupation Group includes roles specific to the analysis and improvement of the flow of materials or products between the point of origin and the point of consumption - to meet the requirements of both consumers or producers.,Business Management and Operations,"The Business Management and Operations Career Area includes occupations specific to the administration of an organization, such as a business, a non-profit organization, or a government body. It also includes roles responsible for managing resources of the business, along with planning and running the logistics required to run the organization.",5.0,Advanced BA roles,False,False,False,,0.0
11181010,Supply Chain / Logistics Manager,"A Supply Chain or Logistics Manager manages the work involved with moving materials, including raw materials, finished products or data, in a cost effective way. Supervises logistics analysts who gather data on production, storage and transportation costs; looks for ways to streamline production and implement cost savings.",Logistics and Supply Chain Managers,The Logistics and Supply Chain Managers Occupation Group includes roles specific to the management of the flow of materials or products between the point of origin and the point of consumption - to meet the requirements of both consumers and producers.,Business Management and Operations,"The Business Management and Operations Career Area includes occupations specific to the administration of an organization, such as a business, a non-profit organization, or a government body. It also includes roles responsible for managing resources of the business, along with planning and running the logistics required to run the organization.",5.0,Advanced BA roles,False,False,False,,0.0
11181011,Supply Chain / Logistics Manager,"A Supply Chain or Logistics Manager manages the work involved with moving materials, including raw materials, finished products or data, in a cost effective way. Supervises logistics analysts who gather data on production, storage and transportation costs; looks for ways to streamline production and implement cost savings.",Logistics and Supply Chain Managers,The Logistics and Supply Chain Managers Occupation Group includes roles specific to the management of the flow of materials or products between the point of origin and the point of consumption - to meet the requirements of both consumers and producers.,Business Management and Operations,"The Business Management and Operations Career Area includes occupations specific to the administration of an organization, such as a business, a non-profit organization, or a government body. It also includes roles responsible for managing resources of the business, along with planning and running the logistics required to run the organization.",5.0,Advanced BA roles,False,False,False,,0.0
11181012,Supply Chain / Logistics Manager,"A Supply Chain or Logistics Manager manages the work involved with moving materials, including raw materials, finished products or data, in a cost effective way. Supervises logistics analysts who gather data on production, storage and transportation costs; looks for ways to streamline production and implement cost savings.",Logistics and Supply Chain Managers,The Logistics and Supply Chain Managers Occupation Group includes roles specific to the management of the flow of materials or products between the point of origin and the point of consumption - to meet the requirements of both consumers and producers.,Business Management and Operations,"The Business Management and Operations Career Area includes occupations specific to the administration of an organization, such as a business, a non-profit organization, or a government body. It also includes roles responsible for managing resources of the business, along with planning and running the logistics required to run the organization.",5.0,Advanced BA roles,False,False,False,,0.0
11181013,Supply Chain / Logistics Manager,"A Supply Chain or Logistics Manager manages the work involved with moving materials, including raw materials, finished products or data, in a cost effective way. Supervises logistics analysts who gather data on production, storage and transportation costs; looks for ways to streamline production and implement cost savings.",Logistics and Supply Chain Managers,The Logistics and Supply Chain Managers Occupation Group includes roles specific to the management of the flow of materials or products between the point of origin and the point of consumption - to meet the requirements of both consumers and producers.,Business Management and Operations,"The Business Management and Operations Career Area includes occupations specific to the administration of an organization, such as a business, a non-profit organization, or a government body. It also includes roles responsible for managing resources of the business, along with planning and running the logistics required to run the organization.",5.0,Advanced BA roles,False,False,False,,0.0
11181014,Supply Chain / Logistics Manager,"A Supply Chain or Logistics Manager manages the work involved with moving materials, including raw materials, finished products or data, in a cost effective way. Supervises logistics analysts who gather data on production, storage and transportation costs; looks for ways to streamline production and implement cost savings.",Logistics and Supply Chain Managers,The Logistics and Supply Chain Managers Occupation Group includes roles specific to the management of the flow of materials or products between the point of origin and the point of consumption - to meet the requirements of both consumers and producers.,Business Management and Operations,"The Business Management and Operations Career Area includes occupations specific to the administration of an organization, such as a business, a non-profit organization, or a government body. It also includes roles responsible for managing resources of the business, along with planning and running the logistics required to run the organization.",5.0,Advanced BA roles,False,False,False,,0.0
11181015,Supply Chain / Logistics Manager,"A Supply Chain or Logistics Manager manages the work involved with moving materials, including raw materials, finished products or data, in a cost effective way. Supervises logistics analysts who gather data on production, storage and transportation costs; looks for ways to streamline production and implement cost savings.",Logistics and Supply Chain Managers,The Logistics and Supply Chain Managers Occupation Group includes roles specific to the management of the flow of materials or products between the point of origin and the point of consumption - to meet the requirements of both consumers and producers.,Business Management and Operations,"The Business Management and Operations Career Area includes occupations specific to the administration of an organization, such as a business, a non-profit organization, or a government body. It also includes roles responsible for managing resources of the business, along with planning and running the logistics required to run the organization.",5.0,Advanced BA roles,False,False,False,,0.0
11181016,Supply Chain / Logistics Manager,"A Supply Chain or Logistics Manager manages the work involved with moving materials, including raw materials, finished products or data, in a cost effective way. Supervises logistics analysts who gather data on production, storage and transportation costs; looks for ways to streamline production and implement cost savings.",Logistics and Supply Chain Managers,The Logistics and Supply Chain Managers Occupation Group includes roles specific to the management of the flow of materials or products between the point of origin and the point of consumption - to meet the requirements of both consumers and producers.,Business Management and Operations,"The Business Management and Operations Career Area includes occupations specific to the administration of an organization, such as a business, a non-profit organization, or a government body. It also includes roles responsible for managing resources of the business, along with planning and running the logistics required to run the organization.",5.0,Advanced BA roles,False,False,False,,0.0
11181017,Supply Chain / Logistics Manager,"A Supply Chain or Logistics Manager manages the work involved with moving materials, including raw materials, finished products or data, in a cost effective way. Supervises logistics analysts who gather data on production, storage and transportation costs; looks for ways to streamline production and implement cost savings.",Logistics and Supply Chain Managers,The Logistics and Supply Chain Managers Occupation Group includes roles specific to the management of the flow of materials or products between the point of origin and the point of consumption - to meet the requirements of both consumers and producers.,Business Management and Operations,"The Business Management and Operations Career Area includes occupations specific to the administration of an organization, such as a business, a non-profit organization, or a government body. It also includes roles responsible for managing resources of the business, along with planning and running the logistics required to run the organization.",5.0,Advanced BA roles,False,False,False,,0.0
11181210,Warehouse / Distribution Supervisor,"A Warehouse or Distribution Supervisor manages daily operations at a warehouse. Hires, trains, and supervises warehouse staff, oversees inventory and the distribution of materials to and from the warehouse.",Logistics and Supply Chain Managers,The Logistics and Supply Chain Managers Occupation Group includes roles specific to the management of the flow of materials or products between the point of origin and the point of consumption - to meet the requirements of both consumers and producers.,Business Management and Operations,"The Business Management and Operations Career Area includes occupations specific to the administration of an organization, such as a business, a non-profit organization, or a government body. It also includes roles responsible for managing resources of the business, along with planning and running the logistics required to run the organization.",2.0,Roles with formal training requirements of less than 2 years,False,False,False,,0.0
11191012,Chief Operating Officer,A Chief Operating Officer (COO) is a senior executive tasked with overseeing the day-to-day administrative and operational functions of a business. The COO typically reports directly to the chief executive officer (CEO) and is considered to be second in the chain of command.,Operations Managers,The Operations Managers Occupation Group includes roles specific to the planning and execution of the routine functions and activities of an organization.,Business Management and Operations,"The Business Management and Operations Career Area includes occupations specific to the administration of an organization, such as a business, a non-profit organization, or a government body. It also includes roles responsible for managing resources of the business, along with planning and running the logistics required to run the organization.",6.0,Graduate and professional roles,False,False,False,,0.0
11191013,Chief Operating Officer,A Chief Operating Officer (COO) is a senior executive tasked with overseeing the day-to-day administrative and operational functions of a business. The COO typically reports directly to the chief executive officer (CEO) and is considered to be second in the chain of command.,Operations Managers,The Operations Managers Occupation Group includes roles specific to the planning and execution of the routine functions and activities of an organization.,Business Management and Operations,"The Business Management and Operations Career Area includes occupations specific to the administration of an organization, such as a business, a non-profit organization, or a government body. It also includes roles responsible for managing resources of the business, along with planning and running the logistics required to run the organization.",6.0,Graduate and professional roles,False,False,False,,0.0
11191014,Chief Operating Officer,A Chief Operating Officer (COO) is a senior executive tasked with overseeing the day-to-day administrative and operational functions of a business. The COO typically reports directly to the chief executive officer (CEO) and is considered to be second in the chain of command.,Operations Managers,The Operations Managers Occupation Group includes roles specific to the planning and execution of the routine functions and activities of an organization.,Business Management and Operations,"The Business Management and Operations Career Area includes occupations specific to the administration of an organization, such as a business, a non-profit organization, or a government body. It also includes roles responsible for managing resources of the business, along with planning and running the logistics required to run the organization.",6.0,Graduate and professional roles,False,False,False,,0.0
11191111,Corporate Development Analyst / Manager,"A Corporate Development Analyst or Manager helps develop, manage and analyze corporate development through mergers and acquisitions or strategic alliances. Help carry out research, cost/benefit analysis of mergers and communicate results to stakeholders. Includes developing and maintaining professional relationships, marketing the proposed changes and assisting in transitions.",Operations Managers,The Operations Managers Occupation Group includes roles specific to the planning and execution of the routine functions and activities of an organization.,Business Management and Operations,"The Business Management and Operations Career Area includes occupations specific to the administration of an organization, such as a business, a non-profit organization, or a government body. It also includes roles responsible for managing resources of the business, along with planning and running the logistics required to run the organization.",6.0,Graduate and professional roles,False,False,False,,0.0
11191210,Emergency Management Director,"An Emergency Management Director plans and directs disaster response or crisis management activities, primarily for state and local governments. Directs preparation of emergency plans and disaster preparedness training. Surveys community resources available for emergencies, provides outreach to community groups and businesses on disaster and/or emergency response plans and procedures.",Operations Managers,The Operations Managers Occupation Group includes roles specific to the planning and execution of the routine functions and activities of an organization.,Business Management and Operations,"The Business Management and Operations Career Area includes occupations specific to the administration of an organization, such as a business, a non-profit organization, or a government body. It also includes roles responsible for managing resources of the business, along with planning and running the logistics required to run the organization.",4.0,Entry level BA roles,False,False,False,,0.0
11191310,Mining Manager / Supervisor,"A Mining Manager or Supervisor manages or supervises mine production, development, safety procedures, and material quality. Carry out generic management duties, such as hiring staff, organizing staff training, overseeing financial administration, and liaising and negotiating with suppliers, contractors and other stakeholders.",Operations Managers,The Operations Managers Occupation Group includes roles specific to the planning and execution of the routine functions and activities of an organization.,Business Management and Operations,"The Business Management and Operations Career Area includes occupations specific to the administration of an organization, such as a business, a non-profit organization, or a government body. It also includes roles responsible for managing resources of the business, along with planning and running the logistics required to run the organization.",4.0,Entry level BA roles,False,False,False,,0.0
11191311,Mining Manager / Supervisor,"A Mining Manager or Supervisor manages or supervises mine production, development, safety procedures, and material quality. Carry out generic management duties, such as hiring staff, organizing staff training, overseeing financial administration, and liaising and negotiating with suppliers, contractors and other stakeholders.",Operations Managers,The Operations Managers Occupation Group includes roles specific to the planning and execution of the routine functions and activities of an organization.,Business Management and Operations,"The Business Management and Operations Career Area includes occupations specific to the administration of an organization, such as a business, a non-profit organization, or a government body. It also includes roles responsible for managing resources of the business, along with planning and running the logistics required to run the organization.",4.0,Entry level BA roles,False,False,False,,0.0
11191410,Operations Manager / Supervisor,"An Operations Manager or Supervisor manages daily operations and activities for a company or organization. Supervises staff, oversee projects and daily work activities. May have responsibility for managing supplies and materials, budgets or customer relations; may serve as liaison to senior management.",Operations Managers,The Operations Managers Occupation Group includes roles specific to the planning and execution of the routine functions and activities of an organization.,Business Management and Operations,"The Business Management and Operations Career Area includes occupations specific to the administration of an organization, such as a business, a non-profit organization, or a government body. It also includes roles responsible for managing resources of the business, along with planning and running the logistics required to run the organization.",3.0,Roles with 2 year specialized degree requirement or a mix of sub-BA and BA requirements,False,False,False,,0.0
11191413,Operations Manager / Supervisor,"An Operations Manager or Supervisor manages daily operations and activities for a company or organization. Supervises staff, oversee projects and daily work activities. May have responsibility for managing supplies and materials, budgets or customer relations; may serve as liaison to senior management.",Operations Managers,The Operations Managers Occupation Group includes roles specific to the planning and execution of the routine functions and activities of an organization.,Business Management and Operations,"The Business Management and Operations Career Area includes occupations specific to the administration of an organization, such as a business, a non-profit organization, or a government body. It also includes roles responsible for managing resources of the business, along with planning and running the logistics required to run the organization.",3.0,Roles with 2 year specialized degree requirement or a mix of sub-BA and BA requirements,False,False,False,,0.0
11191511,Storage / Distribution Manager,"A Storage or Distribution Manager manages warehouse storage of inventory or supplies for a company. Maintains records of inventory and supplies; oversees distribution from storage out to customers, retail distributors or other company facilities.",Operations Managers,The Operations Managers Occupation Group includes roles specific to the planning and execution of the routine functions and activities of an organization.,Business Management and Operations,"The Business Management and Operations Career Area includes occupations specific to the administration of an organization, such as a business, a non-profit organization, or a government body. It also includes roles responsible for managing resources of the business, along with planning and running the logistics required to run the organization.",3.0,Roles with 2 year specialized degree requirement or a mix of sub-BA and BA requirements,False,False,False,,0.0
11191512,Storage / Distribution Manager,"A Storage or Distribution Manager manages warehouse storage of inventory or supplies for a company. Maintains records of inventory and supplies; oversees distribution from storage out to customers, retail distributors or other company facilities.",Operations Managers,The Operations Managers Occupation Group includes roles specific to the planning and execution of the routine functions and activities of an organization.,Business Management and Operations,"The Business Management and Operations Career Area includes occupations specific to the administration of an organization, such as a business, a non-profit organization, or a government body. It also includes roles responsible for managing resources of the business, along with planning and running the logistics required to run the organization.",3.0,Roles with 2 year specialized degree requirement or a mix of sub-BA and BA requirements,False,False,False,,0.0
11191514,Storage / Distribution Manager,"A Storage or Distribution Manager manages warehouse storage of inventory or supplies for a company. Maintains records of inventory and supplies; oversees distribution from storage out to customers, retail distributors or other company facilities.",Operations Managers,The Operations Managers Occupation Group includes roles specific to the planning and execution of the routine functions and activities of an organization.,Business Management and Operations,"The Business Management and Operations Career Area includes occupations specific to the administration of an organization, such as a business, a non-profit organization, or a government body. It also includes roles responsible for managing resources of the business, along with planning and running the logistics required to run the organization.",3.0,Roles with 2 year specialized degree requirement or a mix of sub-BA and BA requirements,False,False,False,,0.0
11191610,Transportation Manager,A Transportation Manager coordinates transportation operations within an organization or a company or directs the activities of an organization that provides transportation services.,Operations Managers,The Operations Managers Occupation Group includes roles specific to the planning and execution of the routine functions and activities of an organization.,Business Management and Operations,"The Business Management and Operations Career Area includes occupations specific to the administration of an organization, such as a business, a non-profit organization, or a government body. It also includes roles responsible for managing resources of the business, along with planning and running the logistics required to run the organization.",3.0,Roles with 2 year specialized degree requirement or a mix of sub-BA and BA requirements,False,False,False,,0.0
11211010,Buyer / Purchasing Agent,"A Buyer or Purchasing Agent buys products, materials or services needed by a company or organization. Manages inventory and schedule for purchasing, works with vendors and negotiates contracts, monitors quality of supplies and services purchased. May work in farm products, manufacturing, trade or services industries.",Procurement,"The Procurement Occupation Group includes occupations specific to finding and agreeing to terms, and acquiring goods, services, or works from an external source, often via a tendering or competitive bidding process. It includes roles such as buyers, purchasing agents and contract administrators",Business Management and Operations,"The Business Management and Operations Career Area includes occupations specific to the administration of an organization, such as a business, a non-profit organization, or a government body. It also includes roles responsible for managing resources of the business, along with planning and running the logistics required to run the organization.",3.0,Roles with 2 year specialized degree requirement or a mix of sub-BA and BA requirements,False,False,False,,0.0
11211012,Buyer / Purchasing Agent,"A Buyer or Purchasing Agent buys products, materials or services needed by a company or organization. Manages inventory and schedule for purchasing, works with vendors and negotiates contracts, monitors quality of supplies and services purchased. May work in farm products, manufacturing, trade or services industries.",Procurement,"The Procurement Occupation Group includes occupations specific to finding and agreeing to terms, and acquiring goods, services, or works from an external source, often via a tendering or competitive bidding process. It includes roles such as buyers, purchasing agents and contract administrators",Business Management and Operations,"The Business Management and Operations Career Area includes occupations specific to the administration of an organization, such as a business, a non-profit organization, or a government body. It also includes roles responsible for managing resources of the business, along with planning and running the logistics required to run the organization.",3.0,Roles with 2 year specialized degree requirement or a mix of sub-BA and BA requirements,False,False,False,,0.0
11211014,Buyer / Purchasing Agent,"A Buyer or Purchasing Agent buys products, materials or services needed by a company or organization. Manages inventory and schedule for purchasing, works with vendors and negotiates contracts, monitors quality of supplies and services purchased. May work in farm products, manufacturing, trade or services industries.",Procurement,"The Procurement Occupation Group includes occupations specific to finding and agreeing to terms, and acquiring goods, services, or works from an external source, often via a tendering or competitive bidding process. It includes roles such as buyers, purchasing agents and contract administrators",Business Management and Operations,"The Business Management and Operations Career Area includes occupations specific to the administration of an organization, such as a business, a non-profit organization, or a government body. It also includes roles responsible for managing resources of the business, along with planning and running the logistics required to run the organization.",3.0,Roles with 2 year specialized degree requirement or a mix of sub-BA and BA requirements,False,False,False,,0.0
11211015,Buyer / Purchasing Agent,"A Buyer or Purchasing Agent buys products, materials or services needed by a company or organization. Manages inventory and schedule for purchasing, works with vendors and negotiates contracts, monitors quality of supplies and services purchased. May work in farm products, manufacturing, trade or services industries.",Procurement,"The Procurement Occupation Group includes occupations specific to finding and agreeing to terms, and acquiring goods, services, or works from an external source, often via a tendering or competitive bidding process. It includes roles such as buyers, purchasing agents and contract administrators",Business Management and Operations,"The Business Management and Operations Career Area includes occupations specific to the administration of an organization, such as a business, a non-profit organization, or a government body. It also includes roles responsible for managing resources of the business, along with planning and running the logistics required to run the organization.",3.0,Roles with 2 year specialized degree requirement or a mix of sub-BA and BA requirements,False,False,False,,0.0
11211016,Buyer / Purchasing Agent,"A Buyer or Purchasing Agent buys products, materials or services needed by a company or organization. Manages inventory and schedule for purchasing, works with vendors and negotiates contracts, monitors quality of supplies and services purchased. May work in farm products, manufacturing, trade or services industries.",Procurement,"The Procurement Occupation Group includes occupations specific to finding and agreeing to terms, and acquiring goods, services, or works from an external source, often via a tendering or competitive bidding process. It includes roles such as buyers, purchasing agents and contract administrators",Business Management and Operations,"The Business Management and Operations Career Area includes occupations specific to the administration of an organization, such as a business, a non-profit organization, or a government body. It also includes roles responsible for managing resources of the business, along with planning and running the logistics required to run the organization.",3.0,Roles with 2 year specialized degree requirement or a mix of sub-BA and BA requirements,False,False,False,,0.0
11211110,Contracts Administrator,A Contracts Administrator reviews and manages business contracts for a company or organization. Reviews proposed contract terms and conditions and communicates and negotiates with clients; confirms that contract terms have been met before a contract is closed out. Oversees the administration of contracts for equipment and supplies; may also deal with surplus or unclaimed property.,Procurement,"The Procurement Occupation Group includes occupations specific to finding and agreeing to terms, and acquiring goods, services, or works from an external source, often via a tendering or competitive bidding process. It includes roles such as buyers, purchasing agents and contract administrators",Business Management and Operations,"The Business Management and Operations Career Area includes occupations specific to the administration of an organization, such as a business, a non-profit organization, or a government body. It also includes roles responsible for managing resources of the business, along with planning and running the logistics required to run the organization.",5.0,Advanced BA roles,False,False,False,,0.0
11211112,Contracts Administrator,A Contracts Administrator reviews and manages business contracts for a company or organization. Reviews proposed contract terms and conditions and communicates and negotiates with clients; confirms that contract terms have been met before a contract is closed out. Oversees the administration of contracts for equipment and supplies; may also deal with surplus or unclaimed property.,Procurement,"The Procurement Occupation Group includes occupations specific to finding and agreeing to terms, and acquiring goods, services, or works from an external source, often via a tendering or competitive bidding process. It includes roles such as buyers, purchasing agents and contract administrators",Business Management and Operations,"The Business Management and Operations Career Area includes occupations specific to the administration of an organization, such as a business, a non-profit organization, or a government body. It also includes roles responsible for managing resources of the business, along with planning and running the logistics required to run the organization.",5.0,Advanced BA roles,False,False,False,,0.0
11211113,Contracts Administrator,A Contracts Administrator reviews and manages business contracts for a company or organization. Reviews proposed contract terms and conditions and communicates and negotiates with clients; confirms that contract terms have been met before a contract is closed out. Oversees the administration of contracts for equipment and supplies; may also deal with surplus or unclaimed property.,Procurement,"The Procurement Occupation Group includes occupations specific to finding and agreeing to terms, and acquiring goods, services, or works from an external source, often via a tendering or competitive bidding process. It includes roles such as buyers, purchasing agents and contract administrators",Business Management and Operations,"The Business Management and Operations Career Area includes occupations specific to the administration of an organization, such as a business, a non-profit organization, or a government body. It also includes roles responsible for managing resources of the business, along with planning and running the logistics required to run the organization.",5.0,Advanced BA roles,False,False,False,,0.0
11211210,Procurement / Sourcing Manager,"A Procurement or Sourcing Manager manages the procurement of supplies for a company or organization. Develops policies and schedules for regular procurements. Trains and supervises staff, develops relationships with suppliers, researches and inspects supplies, and negotiates supply and shipping prices.",Procurement,"The Procurement Occupation Group includes occupations specific to finding and agreeing to terms, and acquiring goods, services, or works from an external source, often via a tendering or competitive bidding process. It includes roles such as buyers, purchasing agents and contract administrators",Business Management and Operations,"The Business Management and Operations Career Area includes occupations specific to the administration of an organization, such as a business, a non-profit organization, or a government body. It also includes roles responsible for managing resources of the business, along with planning and running the logistics required to run the organization.",5.0,Advanced BA roles,False,False,False,,0.0
11211211,Procurement / Sourcing Manager,"A Procurement or Sourcing Manager manages the procurement of supplies for a company or organization. Develops policies and schedules for regular procurements. Trains and supervises staff, develops relationships with suppliers, researches and inspects supplies, and negotiates supply and shipping prices.",Procurement,"The Procurement Occupation Group includes occupations specific to finding and agreeing to terms, and acquiring goods, services, or works from an external source, often via a tendering or competitive bidding process. It includes roles such as buyers, purchasing agents and contract administrators",Business Management and Operations,"The Business Management and Operations Career Area includes occupations specific to the administration of an organization, such as a business, a non-profit organization, or a government body. It also includes roles responsible for managing resources of the business, along with planning and running the logistics required to run the organization.",5.0,Advanced BA roles,False,False,False,,0.0
11211212,Procurement / Sourcing Manager,"A Procurement or Sourcing Manager manages the procurement of supplies for a company or organization. Develops policies and schedules for regular procurements. Trains and supervises staff, develops relationships with suppliers, researches and inspects supplies, and negotiates supply and shipping prices.",Procurement,"The Procurement Occupation Group includes occupations specific to finding and agreeing to terms, and acquiring goods, services, or works from an external source, often via a tendering or competitive bidding process. It includes roles such as buyers, purchasing agents and contract administrators",Business Management and Operations,"The Business Management and Operations Career Area includes occupations specific to the administration of an organization, such as a business, a non-profit organization, or a government body. It also includes roles responsible for managing resources of the business, along with planning and running the logistics required to run the organization.",5.0,Advanced BA roles,False,False,False,,0.0
11211310,Purchasing Assistant,"A Purchasing Assistant assists buyers and staff in the purchasing or procurement department of a business or store. Assists with checking and completing purchase orders, communicates with vendors and suppliers, maintains records and provides data entry.",Procurement,"The Procurement Occupation Group includes occupations specific to finding and agreeing to terms, and acquiring goods, services, or works from an external source, often via a tendering or competitive bidding process. It includes roles such as buyers, purchasing agents and contract administrators",Business Management and Operations,"The Business Management and Operations Career Area includes occupations specific to the administration of an organization, such as a business, a non-profit organization, or a government body. It also includes roles responsible for managing resources of the business, along with planning and running the logistics required to run the organization.",3.0,Roles with 2 year specialized degree requirement or a mix of sub-BA and BA requirements,False,False,False,,0.0
11221010,Program Manager,"A Program Manager manages ongoing program activity, or a group of related projects, for a company or organization. May work in production, administration, advertising/marketing, human resources, technology, finance and other technical areas such as engineering.",Project and Program Managers,The Project and Program Managers Occupation Group includes occupations specific to the process of leading the work of a team to achieve all project or program goals within given constraints.,Business Management and Operations,"The Business Management and Operations Career Area includes occupations specific to the administration of an organization, such as a business, a non-profit organization, or a government body. It also includes roles responsible for managing resources of the business, along with planning and running the logistics required to run the organization.",5.0,Advanced BA roles,False,False,False,,0.0
11221011,Program Manager,"A Program Manager manages ongoing program activity, or a group of related projects, for a company or organization. May work in production, administration, advertising/marketing, human resources, technology, finance and other technical areas such as engineering.",Project and Program Managers,The Project and Program Managers Occupation Group includes occupations specific to the process of leading the work of a team to achieve all project or program goals within given constraints.,Business Management and Operations,"The Business Management and Operations Career Area includes occupations specific to the administration of an organization, such as a business, a non-profit organization, or a government body. It also includes roles responsible for managing resources of the business, along with planning and running the logistics required to run the organization.",5.0,Advanced BA roles,False,False,False,,0.0
11221015,Program Manager,"A Program Manager manages ongoing program activity, or a group of related projects, for a company or organization. May work in production, administration, advertising/marketing, human resources, technology, finance and other technical areas such as engineering.",Project and Program Managers,The Project and Program Managers Occupation Group includes occupations specific to the process of leading the work of a team to achieve all project or program goals within given constraints.,Business Management and Operations,"The Business Management and Operations Career Area includes occupations specific to the administration of an organization, such as a business, a non-profit organization, or a government body. It also includes roles responsible for managing resources of the business, along with planning and running the logistics required to run the organization.",5.0,Advanced BA roles,False,False,False,,0.0
23141217,IT Project / Program Manager,"An IT Project or Program Manager manages projects for a company in the information technology industry. Projects may include initiatives to create new products or improve or expand technology or systems. Identifies project requirements, develops and manages project budgets and schedules, leads project teams, and manages communications with project stakeholders, including company management and clients.",IT Managers,"The IT Managers Occupation Group includes managerial occupations in information technology, such as chief information officers, chief technology officers and IT project managers.",Information Technology and Computer Science,"The Information Technology and Computer Science Career Area includes occupations involved with the development, implementation, support, and management of computers and information systems - Both hardware and software. It also includes roles specific to the development and testing of software and software systems, working with mathematical models, data analysis and security, algorithms, and computational theory.",5.0,Advanced BA roles,False,False,False,,0.0
11221110,Project Manager,"A Project Manager manages work on projects with a defined scope, start and completion point. Leads project teams, manages project budgets and schedules; manages contractors and communications with stakeholders. May manage projects in construction, information technology or in other industries.",Project and Program Managers,The Project and Program Managers Occupation Group includes occupations specific to the process of leading the work of a team to achieve all project or program goals within given constraints.,Business Management and Operations,"The Business Management and Operations Career Area includes occupations specific to the administration of an organization, such as a business, a non-profit organization, or a government body. It also includes roles responsible for managing resources of the business, along with planning and running the logistics required to run the organization.",5.0,Advanced BA roles,False,False,False,,0.0
11221111,Project Manager,"A Project Manager manages work on projects with a defined scope, start and completion point. Leads project teams, manages project budgets and schedules; manages contractors and communications with stakeholders. May manage projects in construction, information technology or in other industries.",Project and Program Managers,The Project and Program Managers Occupation Group includes occupations specific to the process of leading the work of a team to achieve all project or program goals within given constraints.,Business Management and Operations,"The Business Management and Operations Career Area includes occupations specific to the administration of an organization, such as a business, a non-profit organization, or a government body. It also includes roles responsible for managing resources of the business, along with planning and running the logistics required to run the organization.",5.0,Advanced BA roles,False,False,False,,0.0
11221114,Project Manager,"A Project Manager manages work on projects with a defined scope, start and completion point. Leads project teams, manages project budgets and schedules; manages contractors and communications with stakeholders. May manage projects in construction, information technology or in other industries.",Project and Program Managers,The Project and Program Managers Occupation Group includes occupations specific to the process of leading the work of a team to achieve all project or program goals within given constraints.,Business Management and Operations,"The Business Management and Operations Career Area includes occupations specific to the administration of an organization, such as a business, a non-profit organization, or a government body. It also includes roles responsible for managing resources of the business, along with planning and running the logistics required to run the organization.",5.0,Advanced BA roles,False,False,False,,0.0
11221115,Project Manager,"A Project Manager manages work on projects with a defined scope, start and completion point. Leads project teams, manages project budgets and schedules; manages contractors and communications with stakeholders. May manage projects in construction, information technology or in other industries.",Project and Program Managers,The Project and Program Managers Occupation Group includes occupations specific to the process of leading the work of a team to achieve all project or program goals within given constraints.,Business Management and Operations,"The Business Management and Operations Career Area includes occupations specific to the administration of an organization, such as a business, a non-profit organization, or a government body. It also includes roles responsible for managing resources of the business, along with planning and running the logistics required to run the organization.",5.0,Advanced BA roles,False,False,False,,0.0
11221116,Project Manager,"A Project Manager manages work on projects with a defined scope, start and completion point. Leads project teams, manages project budgets and schedules; manages contractors and communications with stakeholders. May manage projects in construction, information technology or in other industries.",Project and Program Managers,The Project and Program Managers Occupation Group includes occupations specific to the process of leading the work of a team to achieve all project or program goals within given constraints.,Business Management and Operations,"The Business Management and Operations Career Area includes occupations specific to the administration of an organization, such as a business, a non-profit organization, or a government body. It also includes roles responsible for managing resources of the business, along with planning and running the logistics required to run the organization.",5.0,Advanced BA roles,False,False,False,,0.0
11221117,Project Manager,"A Project Manager manages work on projects with a defined scope, start and completion point. Leads project teams, manages project budgets and schedules; manages contractors and communications with stakeholders. May manage projects in construction, information technology or in other industries.",Project and Program Managers,The Project and Program Managers Occupation Group includes occupations specific to the process of leading the work of a team to achieve all project or program goals within given constraints.,Business Management and Operations,"The Business Management and Operations Career Area includes occupations specific to the administration of an organization, such as a business, a non-profit organization, or a government body. It also includes roles responsible for managing resources of the business, along with planning and running the logistics required to run the organization.",5.0,Advanced BA roles,False,False,False,,0.0
11231010,Facilities Manager,"A Facilities Manager manages the facilities of a company or organization, including buildings and grounds, equipment, supplies and staff. Oversees maintenance and security of facilities; oversees renovation projects and monitors work to improve energy efficiency, productivity or employee safety. May work in manufacturing and production, or manage hotels, small apartment buildings, trailer parks or recreational facilities.",Property and Facilities Managers,"The Property and Facilities Managers Occupation Group includes occupations specific to the operation, control, maintenance, and oversight of facilities, physical property, and real estate.",Business Management and Operations,"The Business Management and Operations Career Area includes occupations specific to the administration of an organization, such as a business, a non-profit organization, or a government body. It also includes roles responsible for managing resources of the business, along with planning and running the logistics required to run the organization.",3.0,Roles with 2 year specialized degree requirement or a mix of sub-BA and BA requirements,False,False,False,,0.0
11231110,Property / Real Estate / Community Manager,"A Property, Real Estate, or Community Manager manages operations for an apartment building or complex. Recruits and screens tenants for apartments, collects rents and security deposits, responds to requests or complaints from tenants, supervises maintenance and repairs; oversees payment of bills, insurance, taxes and recordkeeping. Manages property and services on behalf of a community association, for properties such as condominiums or cooperatives. Collects fees or dues, responds to requests or complaints, supervises maintenance, oversees work done by contractors, and provides accounting of income and expenses. May also assist owners or a board of directors with regulatory compliance or compliance with community association rules. Manages the operation of commercial or residential properties. Oversees the collection of rents and payment of bills, taxes and insurance for properties, and provides property owners with reports on finances and the status of properties. Directs leasing operations, or equipment and machinery rentals, for a company or business. Determines charges and prepares rental or lease agreements; supervises inventory, equipment maintenance and recordkeeping for leasing operations.",Property and Facilities Managers,"The Property and Facilities Managers Occupation Group includes occupations specific to the operation, control, maintenance, and oversight of facilities, physical property, and real estate.",Business Management and Operations,"The Business Management and Operations Career Area includes occupations specific to the administration of an organization, such as a business, a non-profit organization, or a government body. It also includes roles responsible for managing resources of the business, along with planning and running the logistics required to run the organization.",3.0,Roles with 2 year specialized degree requirement or a mix of sub-BA and BA requirements,False,False,False,,0.0
11231111,Property / Real Estate / Community Manager,"A Property, Real Estate, or Community Manager manages operations for an apartment building or complex. Recruits and screens tenants for apartments, collects rents and security deposits, responds to requests or complaints from tenants, supervises maintenance and repairs; oversees payment of bills, insurance, taxes and recordkeeping. Manages property and services on behalf of a community association, for properties such as condominiums or cooperatives. Collects fees or dues, responds to requests or complaints, supervises maintenance, oversees work done by contractors, and provides accounting of income and expenses. May also assist owners or a board of directors with regulatory compliance or compliance with community association rules. Manages the operation of commercial or residential properties. Oversees the collection of rents and payment of bills, taxes and insurance for properties, and provides property owners with reports on finances and the status of properties. Directs leasing operations, or equipment and machinery rentals, for a company or business. Determines charges and prepares rental or lease agreements; supervises inventory, equipment maintenance and recordkeeping for leasing operations.",Property and Facilities Managers,"The Property and Facilities Managers Occupation Group includes occupations specific to the operation, control, maintenance, and oversight of facilities, physical property, and real estate.",Business Management and Operations,"The Business Management and Operations Career Area includes occupations specific to the administration of an organization, such as a business, a non-profit organization, or a government body. It also includes roles responsible for managing resources of the business, along with planning and running the logistics required to run the organization.",3.0,Roles with 2 year specialized degree requirement or a mix of sub-BA and BA requirements,False,False,False,,0.0
11231112,Property / Real Estate / Community Manager,"A Property, Real Estate, or Community Manager manages operations for an apartment building or complex. Recruits and screens tenants for apartments, collects rents and security deposits, responds to requests or complaints from tenants, supervises maintenance and repairs; oversees payment of bills, insurance, taxes and recordkeeping. Manages property and services on behalf of a community association, for properties such as condominiums or cooperatives. Collects fees or dues, responds to requests or complaints, supervises maintenance, oversees work done by contractors, and provides accounting of income and expenses. May also assist owners or a board of directors with regulatory compliance or compliance with community association rules. Manages the operation of commercial or residential properties. Oversees the collection of rents and payment of bills, taxes and insurance for properties, and provides property owners with reports on finances and the status of properties. Directs leasing operations, or equipment and machinery rentals, for a company or business. Determines charges and prepares rental or lease agreements; supervises inventory, equipment maintenance and recordkeeping for leasing operations.",Property and Facilities Managers,"The Property and Facilities Managers Occupation Group includes occupations specific to the operation, control, maintenance, and oversight of facilities, physical property, and real estate.",Business Management and Operations,"The Business Management and Operations Career Area includes occupations specific to the administration of an organization, such as a business, a non-profit organization, or a government body. It also includes roles responsible for managing resources of the business, along with planning and running the logistics required to run the organization.",3.0,Roles with 2 year specialized degree requirement or a mix of sub-BA and BA requirements,False,False,False,,0.0
12101010,Executive Assistant,"An Executive Assistant provides skilled administrative support for a company executive or professional staff at an organization. Schedules meetings, calls and travel, manages correspondence, handles outside information requests and staff communications; may assist with preparing presentations.",Administrative Assistants,"The Administrative Assistants Occupation Group includes occupations involved in routine clerical and organizational tasks, such as secretaries, personal assistants, and receptionists.",Clerical and Administrative,"The Clerical and Administrative Career Area includes occupations specific to the day-to-day administrative tasks of an office or organization, such as secretarial duties, billing, scheduling, data entry and filing documents.",3.0,Roles with 2 year specialized degree requirement or a mix of sub-BA and BA requirements,False,False,False,,0.0
12101110,Legal Secretary,A Legal Secretary provides secretarial work that requires specialized knowledge of legal terminology and procedures. Prepares documents such as subpoenas or summonses and assists with legal research. Works with supervision from an attorney or paralegal.,Administrative Assistants,"The Administrative Assistants Occupation Group includes occupations involved in routine clerical and organizational tasks, such as secretaries, personal assistants, and receptionists.",Clerical and Administrative,"The Clerical and Administrative Career Area includes occupations specific to the day-to-day administrative tasks of an office or organization, such as secretarial duties, billing, scheduling, data entry and filing documents.",3.0,Roles with 2 year specialized degree requirement or a mix of sub-BA and BA requirements,False,False,False,,0.0
12101210,Office / Administrative Assistant,"An Office or Administrative Assistant performs administrative work in an office. Works in a wide variety of office settings, such as a company or business, or a government office or school. Manages paper and electronic files, uses office equipment including computers, responds to phone calls and emails, routes mail and maintains calendars and schedules.",Administrative Assistants,"The Administrative Assistants Occupation Group includes occupations involved in routine clerical and organizational tasks, such as secretaries, personal assistants, and receptionists.",Clerical and Administrative,"The Clerical and Administrative Career Area includes occupations specific to the day-to-day administrative tasks of an office or organization, such as secretarial duties, billing, scheduling, data entry and filing documents.",2.0,Roles with formal training requirements of less than 2 years,False,False,False,,0.0
12101211,Office / Administrative Assistant,"An Office or Administrative Assistant performs administrative work in an office. Works in a wide variety of office settings, such as a company or business, or a government office or school. Manages paper and electronic files, uses office equipment including computers, responds to phone calls and emails, routes mail and maintains calendars and schedules.",Administrative Assistants,"The Administrative Assistants Occupation Group includes occupations involved in routine clerical and organizational tasks, such as secretaries, personal assistants, and receptionists.",Clerical and Administrative,"The Clerical and Administrative Career Area includes occupations specific to the day-to-day administrative tasks of an office or organization, such as secretarial duties, billing, scheduling, data entry and filing documents.",2.0,Roles with formal training requirements of less than 2 years,False,False,False,,0.0
12101212,Office / Administrative Assistant,"An Office or Administrative Assistant performs administrative work in an office. Works in a wide variety of office settings, such as a company or business, or a government office or school. Manages paper and electronic files, uses office equipment including computers, responds to phone calls and emails, routes mail and maintains calendars and schedules.",Administrative Assistants,"The Administrative Assistants Occupation Group includes occupations involved in routine clerical and organizational tasks, such as secretaries, personal assistants, and receptionists.",Clerical and Administrative,"The Clerical and Administrative Career Area includes occupations specific to the day-to-day administrative tasks of an office or organization, such as secretarial duties, billing, scheduling, data entry and filing documents.",2.0,Roles with formal training requirements of less than 2 years,False,False,False,,0.0
12101214,Office / Administrative Assistant,"An Office or Administrative Assistant performs administrative work in an office. Works in a wide variety of office settings, such as a company or business, or a government office or school. Manages paper and electronic files, uses office equipment including computers, responds to phone calls and emails, routes mail and maintains calendars and schedules.",Administrative Assistants,"The Administrative Assistants Occupation Group includes occupations involved in routine clerical and organizational tasks, such as secretaries, personal assistants, and receptionists.",Clerical and Administrative,"The Clerical and Administrative Career Area includes occupations specific to the day-to-day administrative tasks of an office or organization, such as secretarial duties, billing, scheduling, data entry and filing documents.",2.0,Roles with formal training requirements of less than 2 years,False,False,False,,0.0
12101215,Office / Administrative Assistant,"An Office or Administrative Assistant performs administrative work in an office. Works in a wide variety of office settings, such as a company or business, or a government office or school. Manages paper and electronic files, uses office equipment including computers, responds to phone calls and emails, routes mail and maintains calendars and schedules.",Administrative Assistants,"The Administrative Assistants Occupation Group includes occupations involved in routine clerical and organizational tasks, such as secretaries, personal assistants, and receptionists.",Clerical and Administrative,"The Clerical and Administrative Career Area includes occupations specific to the day-to-day administrative tasks of an office or organization, such as secretarial duties, billing, scheduling, data entry and filing documents.",2.0,Roles with formal training requirements of less than 2 years,False,False,False,,0.0
12101216,Office / Administrative Assistant,"An Office or Administrative Assistant performs administrative work in an office. Works in a wide variety of office settings, such as a company or business, or a government office or school. Manages paper and electronic files, uses office equipment including computers, responds to phone calls and emails, routes mail and maintains calendars and schedules.",Administrative Assistants,"The Administrative Assistants Occupation Group includes occupations involved in routine clerical and organizational tasks, such as secretaries, personal assistants, and receptionists.",Clerical and Administrative,"The Clerical and Administrative Career Area includes occupations specific to the day-to-day administrative tasks of an office or organization, such as secretarial duties, billing, scheduling, data entry and filing documents.",2.0,Roles with formal training requirements of less than 2 years,False,False,False,,0.0
12101310,Receptionist,"A Receptionist greets and directs customers or visitors that come in to an office or business, and answers and directs incoming phone calls. Deals with mail or courier services. May schedule appointments or meeting rooms, gather patient information, or assist with filing or other administrative support work.",Administrative Assistants,"The Administrative Assistants Occupation Group includes occupations involved in routine clerical and organizational tasks, such as secretaries, personal assistants, and receptionists.",Clerical and Administrative,"The Clerical and Administrative Career Area includes occupations specific to the day-to-day administrative tasks of an office or organization, such as secretarial duties, billing, scheduling, data entry and filing documents.",1.0,Roles with minimal training requirements,False,False,False,,0.0
12111010,Bill and Account Collector,"A Bill and Account Collector works for a company or credit agency to collect bill or account payments owed by customers. Reviews the amount of an overdue account, contacts customers to request payment, and negotiates payment plans as needed.",Billing and Collections,The Billing and Collections Occupation Group includes occupations involved in the process of requesting payment from customers by issuing invoices and collecting payments.,Clerical and Administrative,"The Clerical and Administrative Career Area includes occupations specific to the day-to-day administrative tasks of an office or organization, such as secretarial duties, billing, scheduling, data entry and filing documents.",2.0,Roles with formal training requirements of less than 2 years,False,False,False,,0.0
12111011,Bill and Account Collector,"A Bill and Account Collector works for a company or credit agency to collect bill or account payments owed by customers. Reviews the amount of an overdue account, contacts customers to request payment, and negotiates payment plans as needed.",Billing and Collections,The Billing and Collections Occupation Group includes occupations involved in the process of requesting payment from customers by issuing invoices and collecting payments.,Clerical and Administrative,"The Clerical and Administrative Career Area includes occupations specific to the day-to-day administrative tasks of an office or organization, such as secretarial duties, billing, scheduling, data entry and filing documents.",2.0,Roles with formal training requirements of less than 2 years,False,False,False,,0.0
12111110,Billing Clerk / Specialist,"A Billing Clerk or Specialist prepares and checks information included on a customer bill or invoice. Assembles and itemizes information on products or services purchased, and verifies amounts including any tax owed.",Billing and Collections,The Billing and Collections Occupation Group includes occupations involved in the process of requesting payment from customers by issuing invoices and collecting payments.,Clerical and Administrative,"The Clerical and Administrative Career Area includes occupations specific to the day-to-day administrative tasks of an office or organization, such as secretarial duties, billing, scheduling, data entry and filing documents.",3.0,Roles with 2 year specialized degree requirement or a mix of sub-BA and BA requirements,False,False,False,,0.0
12111111,Billing Clerk / Specialist,"A Billing Clerk or Specialist prepares and checks information included on a customer bill or invoice. Assembles and itemizes information on products or services purchased, and verifies amounts including any tax owed.",Billing and Collections,The Billing and Collections Occupation Group includes occupations involved in the process of requesting payment from customers by issuing invoices and collecting payments.,Clerical and Administrative,"The Clerical and Administrative Career Area includes occupations specific to the day-to-day administrative tasks of an office or organization, such as secretarial duties, billing, scheduling, data entry and filing documents.",3.0,Roles with 2 year specialized degree requirement or a mix of sub-BA and BA requirements,False,False,False,,0.0
12111112,Billing Clerk / Specialist,"A Billing Clerk or Specialist prepares and checks information included on a customer bill or invoice. Assembles and itemizes information on products or services purchased, and verifies amounts including any tax owed.",Billing and Collections,The Billing and Collections Occupation Group includes occupations involved in the process of requesting payment from customers by issuing invoices and collecting payments.,Clerical and Administrative,"The Clerical and Administrative Career Area includes occupations specific to the day-to-day administrative tasks of an office or organization, such as secretarial duties, billing, scheduling, data entry and filing documents.",3.0,Roles with 2 year specialized degree requirement or a mix of sub-BA and BA requirements,False,False,False,,0.0
12121010,Data Entry Clerk,"A Data Entry Clerk types or scans information into a computer to create databases, programs or summary data reports. Transcribes handwritten information from order forms, receipts or other documents to type into a computerized record, or enters data for medical records, or enters data in code to update company websites.",Clerical Workers,"The Clerical Workers Occupation Group includes occupations involved in basic clerical duties such as filing, data entry, and switchboard operation. It also includes roles such as census workers, title examiners and courtroom clerks.",Clerical and Administrative,"The Clerical and Administrative Career Area includes occupations specific to the day-to-day administrative tasks of an office or organization, such as secretarial duties, billing, scheduling, data entry and filing documents.",1.0,Roles with minimal training requirements,False,False,False,,0.0
12121210,File Clerk,A File Clerk maintains paper or electronic records for a company or organization. Enters data and organizes and retrieves files. Makes copies and scans of documents.,Clerical Workers,"The Clerical Workers Occupation Group includes occupations involved in basic clerical duties such as filing, data entry, and switchboard operation. It also includes roles such as census workers, title examiners and courtroom clerks.",Clerical and Administrative,"The Clerical and Administrative Career Area includes occupations specific to the day-to-day administrative tasks of an office or organization, such as secretarial duties, billing, scheduling, data entry and filing documents.",1.0,Roles with minimal training requirements,False,False,False,,0.0
12121610,Postal Service / Mail Room Worker,"A Postal Service or Mail Room Worker collects and sorts mail and packages, sells stamps and other mailing supplies, and delivers mail to residential and business customers.",Clerical Workers,"The Clerical Workers Occupation Group includes occupations involved in basic clerical duties such as filing, data entry, and switchboard operation. It also includes roles such as census workers, title examiners and courtroom clerks.",Clerical and Administrative,"The Clerical and Administrative Career Area includes occupations specific to the day-to-day administrative tasks of an office or organization, such as secretarial duties, billing, scheduling, data entry and filing documents.",1.0,Roles with minimal training requirements,False,False,False,,0.0
12121710,Switchboard / Telephone Operator,"A Switchboard or Telephone Operator works for a telephone company or system to operate telephone system equipment to route incoming calls, direct internal calls, or assist customers with placing calls. Assists with connecting long distance or collect calls, or provides customers with assistance in finding a phone number or an address. May also answer customer calls at a company or organization or work for an agency that handles and routes emergency calls.",Clerical Workers,"The Clerical Workers Occupation Group includes occupations involved in basic clerical duties such as filing, data entry, and switchboard operation. It also includes roles such as census workers, title examiners and courtroom clerks.",Clerical and Administrative,"The Clerical and Administrative Career Area includes occupations specific to the day-to-day administrative tasks of an office or organization, such as secretarial duties, billing, scheduling, data entry and filing documents.",1.0,Roles with minimal training requirements,False,False,False,,0.0
12131010,Administrative Manager,"An Administrative Manager manages and directs administrative support for a company or organization or manages the business office at a smaller company. Directs clerical and administrative staff, manages supply orders and budgets, monitors company contracts or procedures, or directs equipment and office space use and maintenance.",Office and Building Administration,"The Office and Building Administration Occupation Group includes occupations involving the design, implementation, evaluation, and maintenance of the process of work within an office or other organization, in order to sustain and improve efficiency and productivity.",Clerical and Administrative,"The Clerical and Administrative Career Area includes occupations specific to the day-to-day administrative tasks of an office or organization, such as secretarial duties, billing, scheduling, data entry and filing documents.",5.0,Advanced BA roles,False,False,False,,0.0
12131211,Office Manager,"An Office Manager directs administrative staff and manages workflow in a business office. Supervises clerical work, tracks office supplies, oversees maintenance for office equipment and manages budget for office expenses. May hire and train staff.",Office and Building Administration,"The Office and Building Administration Occupation Group includes occupations involving the design, implementation, evaluation, and maintenance of the process of work within an office or other organization, in order to sustain and improve efficiency and productivity.",Clerical and Administrative,"The Clerical and Administrative Career Area includes occupations specific to the day-to-day administrative tasks of an office or organization, such as secretarial duties, billing, scheduling, data entry and filing documents.",3.0,Roles with 2 year specialized degree requirement or a mix of sub-BA and BA requirements,False,False,False,,0.0
12131213,Office Manager,"An Office Manager directs administrative staff and manages workflow in a business office. Supervises clerical work, tracks office supplies, oversees maintenance for office equipment and manages budget for office expenses. May hire and train staff.",Office and Building Administration,"The Office and Building Administration Occupation Group includes occupations involving the design, implementation, evaluation, and maintenance of the process of work within an office or other organization, in order to sustain and improve efficiency and productivity.",Clerical and Administrative,"The Clerical and Administrative Career Area includes occupations specific to the day-to-day administrative tasks of an office or organization, such as secretarial duties, billing, scheduling, data entry and filing documents.",3.0,Roles with 2 year specialized degree requirement or a mix of sub-BA and BA requirements,False,False,False,,0.0
13101010,Caregiver / Personal Care Aide,"A Caregiver or Personal Care Aide provides care for adults, including elderly and disabled people, in their own homes. Assists clients with personal care and bathing, taking medications and light housekeeping; may also provide transportation to appointments or errands.",Caregiving,"The Caregiving Occupation Group includes occupations specific to looking after a child or a sick, elderly, or disabled person. Note that these are paid roles. Voluntary care is included in the Group ""Not employed"".",Community and Social Services,"The Community and Social Services Career Area includes occupations specific to social work, community services, personal care-giving, youth, adult and career counseling outside a health or education context.",1.0,Roles with minimal training requirements,False,False,False,,0.0
13101110,Nanny / Babysitter,"A Nanny or Babysitter provides care for children in their homes. Stays with children on a regular basis or for occasional day or evening times, or works full time; may live with a family.",Caregiving,"The Caregiving Occupation Group includes occupations specific to looking after a child or a sick, elderly, or disabled person. Note that these are paid roles. Voluntary care is included in the Group ""Not employed"".",Community and Social Services,"The Community and Social Services Career Area includes occupations specific to social work, community services, personal care-giving, youth, adult and career counseling outside a health or education context.",1.0,Roles with minimal training requirements,False,False,False,,0.0
13111010,Community / Political Organizer,"A Community or Political Organizer works to unite citizens around a concern, ranging from reducing environmental pollution to fighting prejudice. Can be involved in organizing and working on political campaigns to advance social goals.",Human Services,"The Human Services Occupation Group includes occupations specific to community services and community projects. These may include housing, alleviation of poverty, political campaigning or co-ordination of home-help services.",Community and Social Services,"The Community and Social Services Career Area includes occupations specific to social work, community services, personal care-giving, youth, adult and career counseling outside a health or education context.",1.0,Roles with minimal training requirements,False,False,False,,0.0
13111210,Social / Human Services Manager,"A Social or Human Services Manager works with and advocates for clients, including children and adults, that have health, mental health or poverty related problems. Runs programs for social service or human services organizations. Meets with community members to assess needs; plans and monitors the effectiveness of programs. Represents service organizations in the community.",Human Services,"The Human Services Occupation Group includes occupations specific to community services and community projects. These may include housing, alleviation of poverty, political campaigning or co-ordination of home-help services.",Community and Social Services,"The Community and Social Services Career Area includes occupations specific to social work, community services, personal care-giving, youth, adult and career counseling outside a health or education context.",4.0,Entry level BA roles,False,False,False,,0.0
13121011,Mental / Behavioral Health Counselor,"A Mental or Behavioral Health Counselor works with patients to treat mental health problems. Assesses patients and assists with diagnosis, counseling and crisis intervention. Consults with nurses, doctors and psychiatrists. May work with specific populations, such as youth, senior citizens or substance abusers, in group settings, facilities or hospitals.",Mental and Behavioral Counseling,The Mental and Behavioral Counseling Occupation Group includes occupations specific providing different types of therapy in order to treat mental health disorders.,Community and Social Services,"The Community and Social Services Career Area includes occupations specific to social work, community services, personal care-giving, youth, adult and career counseling outside a health or education context.",6.0,Graduate and professional roles,True,False,True,Complete Bachelors or Masters degree program in mental or behavioral health counseling. Many of the jobs in this field require a Masters degree and clinical license.,84.0
13131110,Religious Leader / Professional,"A Religious Leader or Professional leads religious services and provides spiritual guidance or counseling. Presents knowledge and interpretation of theological texts. May work in a non-denominational setting like a prison or hospital, or work for specific faith-based congregation or denomination and follow the practices of that faith.",Religion and Clergy,"The Religion and Clergy Occupation Group includes formal leadership roles within established religions. The roles and functions vary in different religious traditions, but usually involve presiding over specific rituals and teaching the religion's doctrines and practices.",Community and Social Services,"The Community and Social Services Career Area includes occupations specific to social work, community services, personal care-giving, youth, adult and career counseling outside a health or education context.",6.0,Graduate and professional roles,False,False,True,Gain admission to Masters degree Divinity or Theology program at Seminary or University and become ordained according to faith group requirements.,84.0
20231310,Care Coordinator,A Care Coordinator develops and manages patient care programs and handles patient cases. Keeps patients informed about their care options.,Healthcare Administrative Support,"The Healthcare Administrative Support Occupation Group includes occupations specific to administrative and secretarial roles in a healthcare setting. It includes medical secretaries and transcriptionists, as well as patient service representatives.",Healthcare,"The Healthcare Career Area includes occupations specific to the maintenance or improvement of health via the prevention, diagnosis, treatment, amelioration, or cure of disease, illness, injury, and other physical and mental impairments in individuals or communities. It also includes veterinarians.",4.0,Entry level BA roles,False,False,False,,0.0
13141011,Case Worker,"A Case Worker is employed by a government agency, non-profit organization, or other social services group to take on the cause of individuals and provide them with advocacy, information, and other services.",Social Work,"The Social Work Occupation Group includes occupations within the practice-based profession of social work - working with individuals, families, groups, communities, and society as a whole in an effort to meet basic needs and enhance social functioning, self-determination, collective responsibility, optimal health, and overall well-being.",Community and Social Services,"The Community and Social Services Career Area includes occupations specific to social work, community services, personal care-giving, youth, adult and career counseling outside a health or education context.",4.0,Entry level BA roles,False,False,False,,0.0
13141012,Case Worker,"A Case Worker is employed by a government agency, non-profit organization, or other social services group to take on the cause of individuals and provide them with advocacy, information, and other services.",Social Work,"The Social Work Occupation Group includes occupations within the practice-based profession of social work - working with individuals, families, groups, communities, and society as a whole in an effort to meet basic needs and enhance social functioning, self-determination, collective responsibility, optimal health, and overall well-being.",Community and Social Services,"The Community and Social Services Career Area includes occupations specific to social work, community services, personal care-giving, youth, adult and career counseling outside a health or education context.",4.0,Entry level BA roles,False,False,False,,0.0
13141110,Family / School / General Social Worker,"A Family, School, or General Social Worker provides specialized assistance to vulnerable families and children. Intervenes in crisis situations; evaluates individual and family needs, helps clients get access to health care, mental health care or social services such as housing assistance. Advocates for clients and provides follow up visits. May work with teachers, parents and school administrators to help students improve academically and deal with social issues such as bullying.",Social Work,"The Social Work Occupation Group includes occupations within the practice-based profession of social work - working with individuals, families, groups, communities, and society as a whole in an effort to meet basic needs and enhance social functioning, self-determination, collective responsibility, optimal health, and overall well-being.",Community and Social Services,"The Community and Social Services Career Area includes occupations specific to social work, community services, personal care-giving, youth, adult and career counseling outside a health or education context.",6.0,Graduate and professional roles,True,False,True,Complete Bachelors or Masters degree program in social work. Many of the jobs in this field require a Masters degree and clinical license.,84.0
13141111,Family / School / General Social Worker,"A Family, School, or General Social Worker provides specialized assistance to vulnerable families and children. Intervenes in crisis situations; evaluates individual and family needs, helps clients get access to health care, mental health care or social services such as housing assistance. Advocates for clients and provides follow up visits. May work with teachers, parents and school administrators to help students improve academically and deal with social issues such as bullying.",Social Work,"The Social Work Occupation Group includes occupations within the practice-based profession of social work - working with individuals, families, groups, communities, and society as a whole in an effort to meet basic needs and enhance social functioning, self-determination, collective responsibility, optimal health, and overall well-being.",Community and Social Services,"The Community and Social Services Career Area includes occupations specific to social work, community services, personal care-giving, youth, adult and career counseling outside a health or education context.",6.0,Graduate and professional roles,True,False,True,Complete Bachelors or Masters degree program in social work. Many of the jobs in this field require a Masters degree and clinical license.,84.0
13141211,Healthcare Social Worker,"A Healthcare Social Worker provides individuals and families with the psychosocial support needed to cope with chronic, acute, or terminal illnesses. Services include advising family care givers, providing patient education and counseling, and making referrals for other services. May also provide care and case management or interventions designed to promote health, prevent disease, and address barriers to access to healthcare.",Social Work,"The Social Work Occupation Group includes occupations within the practice-based profession of social work - working with individuals, families, groups, communities, and society as a whole in an effort to meet basic needs and enhance social functioning, self-determination, collective responsibility, optimal health, and overall well-being.",Community and Social Services,"The Community and Social Services Career Area includes occupations specific to social work, community services, personal care-giving, youth, adult and career counseling outside a health or education context.",6.0,Graduate and professional roles,True,False,True,Complete Bachelors or Masters degree program in social work. Many of the jobs in this field require a Masters degree and clinical license.,84.0
13141311,Mental / Behavioral Health Social Worker,"A Mental or Behavioral Health Social Worker assesses and treats individuals with mental, emotional, or substance abuse problems. Activities may include individual and group therapy, crisis intervention, case management, client advocacy, prevention, and education.",Social Work,"The Social Work Occupation Group includes occupations within the practice-based profession of social work - working with individuals, families, groups, communities, and society as a whole in an effort to meet basic needs and enhance social functioning, self-determination, collective responsibility, optimal health, and overall well-being.",Community and Social Services,"The Community and Social Services Career Area includes occupations specific to social work, community services, personal care-giving, youth, adult and career counseling outside a health or education context.",6.0,Graduate and professional roles,True,False,True,Complete Bachelors or Masters degree program in social work. Many of the jobs in this field require a Masters degree and clinical license.,84.0
13151010,Academic / Guidance Counselor,"An Academic or Guidance Counselor provides guidance to students in elementary, middle and high schools to help them succeed academically and socially. Works with schoolteachers and administrators to address problems that affect student performance, and identifies resources for students and families. Helps high school students to plan academic course work and advises on the college search and application process.",Youth and Career Counseling,The Youth and Career Counseling Occupation Group includes occupations concerned with giving advice or counseling to children and young people. It also includes career guidance and career counseling roles.,Community and Social Services,"The Community and Social Services Career Area includes occupations specific to social work, community services, personal care-giving, youth, adult and career counseling outside a health or education context.",6.0,Graduate and professional roles,True,True,True,Gain admissions to a Masters degree program in Counseling or Education. Must have a bachelors degree to qualify. Some states require guidance counselors who work in schools to have a teaching credential in addition to a counseling degree.,72.0
13151110,Career Counselor,"A Career Counselor works with adults of all ages to plan career choices and access the education and training needed to support a career. Gives skills assessment and aptitude tests to clients. Provides job search assistance or training for general workplace skills. Provides referrals for workplace literacy, academic or job training programs, or direct job referrals.",Youth and Career Counseling,The Youth and Career Counseling Occupation Group includes occupations concerned with giving advice or counseling to children and young people. It also includes career guidance and career counseling roles.,Community and Social Services,"The Community and Social Services Career Area includes occupations specific to social work, community services, personal care-giving, youth, adult and career counseling outside a health or education context.",3.0,Roles with 2 year specialized degree requirement or a mix of sub-BA and BA requirements,False,False,False,,0.0
13151210,Enrollment / Admission Counselor,"An Enrollment or Admission Counselor reviews applications and advises on admissions decisions for private elementary and secondary schools, colleges and universities. Organizes information and promotional materials about a school, conducts interviews with students and families, reviews application materials, and works with other school or college administrators to plan admissions goals and identify financial aid resources for admitted students. May travel to meet and recruit students.",Youth and Career Counseling,The Youth and Career Counseling Occupation Group includes occupations concerned with giving advice or counseling to children and young people. It also includes career guidance and career counseling roles.,Community and Social Services,"The Community and Social Services Career Area includes occupations specific to social work, community services, personal care-giving, youth, adult and career counseling outside a health or education context.",4.0,Entry level BA roles,False,False,False,,0.0
13151510,Youth Counselor / Worker,"A Youth Counselor or Worker works with young people, primarily ages 13-18, to provide mentoring and support for dealing with problems. Works in a school or community-based program; may assist with referrals from parole or probation offices. Collaborates with teachers, family members, social workers and health care professionals to help young people facing challenges or crises.",Youth and Career Counseling,The Youth and Career Counseling Occupation Group includes occupations concerned with giving advice or counseling to children and young people. It also includes career guidance and career counseling roles.,Community and Social Services,"The Community and Social Services Career Area includes occupations specific to social work, community services, personal care-giving, youth, adult and career counseling outside a health or education context.",3.0,Roles with 2 year specialized degree requirement or a mix of sub-BA and BA requirements,False,False,False,,0.0
14101010,Architect,"An Architect plans and designs buildings and other structures. Drafts drawings and blueprints, uses computer software, and oversees the construction process for a building or structure. Works with clients to create designs that are functional and aesthetically appealing.",Architects,"The Architects Occupation Group includes occupations specific to the planning and designing of buildings or other structures. It includes landscape architecture, the design outdoor areas, landmarks, and structures to achieve environmental, social-behavioral, or aesthetic outcomes.","Construction, Extraction, and Architecture","The Construction, Extraction, and Architecture Career Area includes occupations specific to the design, erection, and repair of buildings and other immobile structures, and the building of roads and service facilities that become integral parts of structures and are essential to their use. Furthermore this Career Area includes all occupations related to mining and mineral, oil and gas extraction.",5.0,Advanced BA roles,True,False,True,Gain admission to Bachelors degree program in Architecture.,6.0
14101110,Landscape Architect,"A Landscape Architect plans and designs outside spaces and land, including parks, private gardens, subdivisions, highways, and industrial sites. Uses architectural and design skills and knowledge of plants and trees; addresses land use issues; reviews the environmental impacts of construction projects.",Architects,"The Architects Occupation Group includes occupations specific to the planning and designing of buildings or other structures. It includes landscape architecture, the design outdoor areas, landmarks, and structures to achieve environmental, social-behavioral, or aesthetic outcomes.","Construction, Extraction, and Architecture","The Construction, Extraction, and Architecture Career Area includes occupations specific to the design, erection, and repair of buildings and other immobile structures, and the building of roads and service facilities that become integral parts of structures and are essential to their use. Furthermore this Career Area includes all occupations related to mining and mineral, oil and gas extraction.",4.0,Entry level BA roles,True,False,True,Gain admission to Bachelors degree program in Landscape Architecture.,48.0
14111010,Construction Foreman,"A Construction Foreman supervises work crews at construction sites. Hires and manages construction workers and directs work according to plans developed by a project manager and architects. May specialize in a particular type of building project such as residential or industrial construction, or a particular part or stage of the construction process.",Construction Administration,"The Construction Administration Occupation Group includes management occupations specific to the erection and repair of buildings and other immobile structures, and the building of roads and service facilities that become integral parts of structures and are essential to their use.","Construction, Extraction, and Architecture","The Construction, Extraction, and Architecture Career Area includes occupations specific to the design, erection, and repair of buildings and other immobile structures, and the building of roads and service facilities that become integral parts of structures and are essential to their use. Furthermore this Career Area includes all occupations related to mining and mineral, oil and gas extraction.",3.0,Roles with 2 year specialized degree requirement or a mix of sub-BA and BA requirements,False,False,False,,0.0
14111110,Construction Manager,"A Construction Manager manages construction projects from project planning through completion. Manages project budget and schedule; works closely with architects, engineers, trades workers, and clients; supervises construction on site and manages subcontractors; coordinates permits and regulatory compliance as needed for projects.",Construction Administration,"The Construction Administration Occupation Group includes management occupations specific to the erection and repair of buildings and other immobile structures, and the building of roads and service facilities that become integral parts of structures and are essential to their use.","Construction, Extraction, and Architecture","The Construction, Extraction, and Architecture Career Area includes occupations specific to the design, erection, and repair of buildings and other immobile structures, and the building of roads and service facilities that become integral parts of structures and are essential to their use. Furthermore this Career Area includes all occupations related to mining and mineral, oil and gas extraction.",5.0,Advanced BA roles,False,False,False,,0.0
14111114,Construction Manager,"A Construction Manager manages construction projects from project planning through completion. Manages project budget and schedule; works closely with architects, engineers, trades workers, and clients; supervises construction on site and manages subcontractors; coordinates permits and regulatory compliance as needed for projects.",Construction Administration,"The Construction Administration Occupation Group includes management occupations specific to the erection and repair of buildings and other immobile structures, and the building of roads and service facilities that become integral parts of structures and are essential to their use.","Construction, Extraction, and Architecture","The Construction, Extraction, and Architecture Career Area includes occupations specific to the design, erection, and repair of buildings and other immobile structures, and the building of roads and service facilities that become integral parts of structures and are essential to their use. Furthermore this Career Area includes all occupations related to mining and mineral, oil and gas extraction.",5.0,Advanced BA roles,False,False,False,,0.0
14111115,Construction Manager,"A Construction Manager manages construction projects from project planning through completion. Manages project budget and schedule; works closely with architects, engineers, trades workers, and clients; supervises construction on site and manages subcontractors; coordinates permits and regulatory compliance as needed for projects.",Construction Administration,"The Construction Administration Occupation Group includes management occupations specific to the erection and repair of buildings and other immobile structures, and the building of roads and service facilities that become integral parts of structures and are essential to their use.","Construction, Extraction, and Architecture","The Construction, Extraction, and Architecture Career Area includes occupations specific to the design, erection, and repair of buildings and other immobile structures, and the building of roads and service facilities that become integral parts of structures and are essential to their use. Furthermore this Career Area includes all occupations related to mining and mineral, oil and gas extraction.",5.0,Advanced BA roles,False,False,False,,0.0
14111116,Construction Manager,"A Construction Manager manages construction projects from project planning through completion. Manages project budget and schedule; works closely with architects, engineers, trades workers, and clients; supervises construction on site and manages subcontractors; coordinates permits and regulatory compliance as needed for projects.",Construction Administration,"The Construction Administration Occupation Group includes management occupations specific to the erection and repair of buildings and other immobile structures, and the building of roads and service facilities that become integral parts of structures and are essential to their use.","Construction, Extraction, and Architecture","The Construction, Extraction, and Architecture Career Area includes occupations specific to the design, erection, and repair of buildings and other immobile structures, and the building of roads and service facilities that become integral parts of structures and are essential to their use. Furthermore this Career Area includes all occupations related to mining and mineral, oil and gas extraction.",5.0,Advanced BA roles,False,False,False,,0.0
14111117,Construction Manager,"A Construction Manager manages construction projects from project planning through completion. Manages project budget and schedule; works closely with architects, engineers, trades workers, and clients; supervises construction on site and manages subcontractors; coordinates permits and regulatory compliance as needed for projects.",Construction Administration,"The Construction Administration Occupation Group includes management occupations specific to the erection and repair of buildings and other immobile structures, and the building of roads and service facilities that become integral parts of structures and are essential to their use.","Construction, Extraction, and Architecture","The Construction, Extraction, and Architecture Career Area includes occupations specific to the design, erection, and repair of buildings and other immobile structures, and the building of roads and service facilities that become integral parts of structures and are essential to their use. Furthermore this Career Area includes all occupations related to mining and mineral, oil and gas extraction.",5.0,Advanced BA roles,False,False,False,,0.0
14111118,Construction Manager,"A Construction Manager manages construction projects from project planning through completion. Manages project budget and schedule; works closely with architects, engineers, trades workers, and clients; supervises construction on site and manages subcontractors; coordinates permits and regulatory compliance as needed for projects.",Construction Administration,"The Construction Administration Occupation Group includes management occupations specific to the erection and repair of buildings and other immobile structures, and the building of roads and service facilities that become integral parts of structures and are essential to their use.","Construction, Extraction, and Architecture","The Construction, Extraction, and Architecture Career Area includes occupations specific to the design, erection, and repair of buildings and other immobile structures, and the building of roads and service facilities that become integral parts of structures and are essential to their use. Furthermore this Career Area includes all occupations related to mining and mineral, oil and gas extraction.",5.0,Advanced BA roles,False,False,False,,0.0
14111210,Estimator,"An Estimator provides cost estimates for a project, based on an evaluation of the materials, labor, time and equipment needed to complete the project. May specialize in many aspects of construction or in manufacturing and design industries.",Construction Administration,"The Construction Administration Occupation Group includes management occupations specific to the erection and repair of buildings and other immobile structures, and the building of roads and service facilities that become integral parts of structures and are essential to their use.","Construction, Extraction, and Architecture","The Construction, Extraction, and Architecture Career Area includes occupations specific to the design, erection, and repair of buildings and other immobile structures, and the building of roads and service facilities that become integral parts of structures and are essential to their use. Furthermore this Career Area includes all occupations related to mining and mineral, oil and gas extraction.",3.0,Roles with 2 year specialized degree requirement or a mix of sub-BA and BA requirements,False,False,False,,0.0
14121010,Asphalt / Screed Worker / Paver,"An Asphalt or Screed Worker / Paver operates machinery used to apply and repair different types of pavement, such as asphalt, concrete, or stone pavers.",Construction Workers,"The Construction Workers Occupation Group includes operational occupations specific to the erection and repair of buildings and other immobile structures, and the building of roads and service facilities that become integral parts of structures and are essential to their use.","Construction, Extraction, and Architecture","The Construction, Extraction, and Architecture Career Area includes occupations specific to the design, erection, and repair of buildings and other immobile structures, and the building of roads and service facilities that become integral parts of structures and are essential to their use. Furthermore this Career Area includes all occupations related to mining and mineral, oil and gas extraction.",2.0,Roles with formal training requirements of less than 2 years,False,False,False,,0.0
14121210,Concrete Finisher,"A Concrete Finisher works with cement workers in a construction process. Smoothes and levels concrete that has been poured, monitors concrete as it hardens, and applies sealants as needed.",Construction Workers,"The Construction Workers Occupation Group includes operational occupations specific to the erection and repair of buildings and other immobile structures, and the building of roads and service facilities that become integral parts of structures and are essential to their use.","Construction, Extraction, and Architecture","The Construction, Extraction, and Architecture Career Area includes occupations specific to the design, erection, and repair of buildings and other immobile structures, and the building of roads and service facilities that become integral parts of structures and are essential to their use. Furthermore this Career Area includes all occupations related to mining and mineral, oil and gas extraction.",2.0,Roles with formal training requirements of less than 2 years,False,False,True,Gain entry to Apprenticeship training program..,48.0
14121310,Construction Helper / Worker,"A Construction Helper or Worker works at construction sites and projects. Works as a skilled trades worker such as bricklayer, carpenter, painter, electrician or mason, or operates construction equipment.",Construction Workers,"The Construction Workers Occupation Group includes operational occupations specific to the erection and repair of buildings and other immobile structures, and the building of roads and service facilities that become integral parts of structures and are essential to their use.","Construction, Extraction, and Architecture","The Construction, Extraction, and Architecture Career Area includes occupations specific to the design, erection, and repair of buildings and other immobile structures, and the building of roads and service facilities that become integral parts of structures and are essential to their use. Furthermore this Career Area includes all occupations related to mining and mineral, oil and gas extraction.",2.0,Roles with formal training requirements of less than 2 years,False,False,False,,0.0
14121510,Drywall Installer / Finisher,"A Drywall Installer or Finisher installs drywall or panels of interior wall material in a newly constructed or renovated building. Measures and cuts drywall, prepares surfaces, fastens panels and finishes corners and seams.",Construction Workers,"The Construction Workers Occupation Group includes operational occupations specific to the erection and repair of buildings and other immobile structures, and the building of roads and service facilities that become integral parts of structures and are essential to their use.","Construction, Extraction, and Architecture","The Construction, Extraction, and Architecture Career Area includes occupations specific to the design, erection, and repair of buildings and other immobile structures, and the building of roads and service facilities that become integral parts of structures and are essential to their use. Furthermore this Career Area includes all occupations related to mining and mineral, oil and gas extraction.",2.0,Roles with formal training requirements of less than 2 years,False,False,True,Gain entry to Apprenticeship training program.,48.0
14121610,Electrician's Assistant,"An Electrician's Assistant works under the direction of a qualified electrician and assists with installing electrical wiring and lighting or making repairs or upgrades to wiring, outlets or other parts of electrical systems.",Construction Workers,"The Construction Workers Occupation Group includes operational occupations specific to the erection and repair of buildings and other immobile structures, and the building of roads and service facilities that become integral parts of structures and are essential to their use.","Construction, Extraction, and Architecture","The Construction, Extraction, and Architecture Career Area includes occupations specific to the design, erection, and repair of buildings and other immobile structures, and the building of roads and service facilities that become integral parts of structures and are essential to their use. Furthermore this Career Area includes all occupations related to mining and mineral, oil and gas extraction.",2.0,Roles with formal training requirements of less than 2 years,False,False,False,,0.0
14121910,Operating Engineer / Heavy Equipment Operator,"An Operating Engineer or Heavy Equipment Operator drives and operates heavy equipment used in quarries, construction sites, landfills, refuse and recycling centers, or ports. Heavy Equipment may include, but is not limited to, bulldozers, excavators, paving equipment and pile drivers.",Construction Workers,"The Construction Workers Occupation Group includes operational occupations specific to the erection and repair of buildings and other immobile structures, and the building of roads and service facilities that become integral parts of structures and are essential to their use.","Construction, Extraction, and Architecture","The Construction, Extraction, and Architecture Career Area includes occupations specific to the design, erection, and repair of buildings and other immobile structures, and the building of roads and service facilities that become integral parts of structures and are essential to their use. Furthermore this Career Area includes all occupations related to mining and mineral, oil and gas extraction.",2.0,Roles with formal training requirements of less than 2 years,True,False,True,Gain entry to Apprenticeship training program.,48.0
14122010,Painter,"A Painter applies paint to walls of houses or buildings, including interior and exterior walls. Prepares wall surfaces before painting. May specialize in painting industrial structures.",Construction Workers,"The Construction Workers Occupation Group includes operational occupations specific to the erection and repair of buildings and other immobile structures, and the building of roads and service facilities that become integral parts of structures and are essential to their use.","Construction, Extraction, and Architecture","The Construction, Extraction, and Architecture Career Area includes occupations specific to the design, erection, and repair of buildings and other immobile structures, and the building of roads and service facilities that become integral parts of structures and are essential to their use. Furthermore this Career Area includes all occupations related to mining and mineral, oil and gas extraction.",2.0,Roles with formal training requirements of less than 2 years,False,False,False,,0.0
14122110,Roofing / Siding Worker,"A Roofing or Siding Worker installs roofs on houses and buildings using asphalt shingles, metal or other roofing material.",Construction Workers,"The Construction Workers Occupation Group includes operational occupations specific to the erection and repair of buildings and other immobile structures, and the building of roads and service facilities that become integral parts of structures and are essential to their use.","Construction, Extraction, and Architecture","The Construction, Extraction, and Architecture Career Area includes occupations specific to the design, erection, and repair of buildings and other immobile structures, and the building of roads and service facilities that become integral parts of structures and are essential to their use. Furthermore this Career Area includes all occupations related to mining and mineral, oil and gas extraction.",1.0,Roles with minimal training requirements,False,False,False,,0.0
14141110,Iron / Steel Worker,"An Iron or Steel Worker installs iron or steel beams, girders or columns that create the structural frame for tall buildings, bridges or other large structures.",Metal Workers,"The Metal Workers Occupation Group includes occupations involved in the process of shaping and reshaping metals to create useful objects, parts, assemblies, and large-scale structures.","Construction, Extraction, and Architecture","The Construction, Extraction, and Architecture Career Area includes occupations specific to the design, erection, and repair of buildings and other immobile structures, and the building of roads and service facilities that become integral parts of structures and are essential to their use. Furthermore this Career Area includes all occupations related to mining and mineral, oil and gas extraction.",2.0,Roles with formal training requirements of less than 2 years,False,False,True,Gain entry to Apprenticeship training program.,36.0
14141210,Sheet Metal Fabricator / Mechanic,"A Sheet Metal Fabricator or Mechanic fabricates and installs parts or products made with thin sheet metal, such as heating and air-conditioning ducts used in construction or parts used in aircraft manufacturing.",Metal Workers,"The Metal Workers Occupation Group includes occupations involved in the process of shaping and reshaping metals to create useful objects, parts, assemblies, and large-scale structures.","Construction, Extraction, and Architecture","The Construction, Extraction, and Architecture Career Area includes occupations specific to the design, erection, and repair of buildings and other immobile structures, and the building of roads and service facilities that become integral parts of structures and are essential to their use. Furthermore this Career Area includes all occupations related to mining and mineral, oil and gas extraction.",2.0,Roles with formal training requirements of less than 2 years,False,False,True,Gain entry to Apprenticeship training program or complete Vocational or Associates degree program in Sheet Metal Technology .,12.0
14151010,Miner / Mining Worker,"A Miner or Mining Worker works in an underground mine to dig coal, precious metals or minerals.",Mining,"The Mining Occupation Group includes occupations involved in the extraction of valuable minerals or other geological materials from the Earth, usually from an ore body, lode, vein, seam, reef, or placer deposit.","Construction, Extraction, and Architecture","The Construction, Extraction, and Architecture Career Area includes occupations specific to the design, erection, and repair of buildings and other immobile structures, and the building of roads and service facilities that become integral parts of structures and are essential to their use. Furthermore this Career Area includes all occupations related to mining and mineral, oil and gas extraction.",1.0,Roles with minimal training requirements,False,False,False,,0.0
14161010,Driller / Drill Operator,"A Driller or Drill Operator operates machines used to drill in quarries, mines, or construction sites.",Oil and Gas Workers,"The Oil and Gas Workers Occupation Group includes occupations at all stages of oil and gas exploration, extraction, transportation, and refining of the finished products.","Construction, Extraction, and Architecture","The Construction, Extraction, and Architecture Career Area includes occupations specific to the design, erection, and repair of buildings and other immobile structures, and the building of roads and service facilities that become integral parts of structures and are essential to their use. Furthermore this Career Area includes all occupations related to mining and mineral, oil and gas extraction.",1.0,Roles with minimal training requirements,False,False,False,,0.0
14161210,Oil / Gas Field Service Technician,An Oil or Gas Field Service Technician assembles or repair oil or gas field equipment using hand and power tools. Performs other tasks as needed.,Oil and Gas Workers,"The Oil and Gas Workers Occupation Group includes occupations at all stages of oil and gas exploration, extraction, transportation, and refining of the finished products.","Construction, Extraction, and Architecture","The Construction, Extraction, and Architecture Career Area includes occupations specific to the design, erection, and repair of buildings and other immobile structures, and the building of roads and service facilities that become integral parts of structures and are essential to their use. Furthermore this Career Area includes all occupations related to mining and mineral, oil and gas extraction.",2.0,Roles with formal training requirements of less than 2 years,False,False,False,,0.0
14171110,Carpenter,"A Carpenter builds and repairs wood frameworks or structures for houses and buildings, or builds and installs wood cabinets, furniture or other fixtures. May specialize in residential, commercial or industrial carpentry.",Skilled Construction and Building Trades,"The Skilled Construction and Building Trades Occupation Group includes skilled tradesperson roles within construction. Occupations include plumber, electrician, carpenter and stone mason. It also includes commercial divers.","Construction, Extraction, and Architecture","The Construction, Extraction, and Architecture Career Area includes occupations specific to the design, erection, and repair of buildings and other immobile structures, and the building of roads and service facilities that become integral parts of structures and are essential to their use. Furthermore this Career Area includes all occupations related to mining and mineral, oil and gas extraction.",2.0,Roles with formal training requirements of less than 2 years,False,False,True,Complete a Vocational program and gain entry into an Apprenticeship program.,12.0
14171310,Construction / Building Inspector,"A Construction or Building Inspector inspects new construction or renovated buildings to check for compliance with government safety codes and zoning requirements. Checks building structures and foundations, or provides inspections of electrical systems, plumbing or heating and cooling systems, or building elevators.",Skilled Construction and Building Trades,"The Skilled Construction and Building Trades Occupation Group includes skilled tradesperson roles within construction. Occupations include plumber, electrician, carpenter and stone mason. It also includes commercial divers.","Construction, Extraction, and Architecture","The Construction, Extraction, and Architecture Career Area includes occupations specific to the design, erection, and repair of buildings and other immobile structures, and the building of roads and service facilities that become integral parts of structures and are essential to their use. Furthermore this Career Area includes all occupations related to mining and mineral, oil and gas extraction.",2.0,Roles with formal training requirements of less than 2 years,False,False,False,,0.0
14171410,Electrician,"An Electrician works on electrical systems in buildings. Installs electrical wiring and lighting in new construction, and repairs or upgrade wiring, outlets or other parts of older electrical systems. Checks safety and makes installations or repairs that are in compliance with local building codes. May also specialize in electrical work required in different manufacturing industries, electrical systems for cars, plane or boats, or electrical and lighting work in the film industry.",Skilled Construction and Building Trades,"The Skilled Construction and Building Trades Occupation Group includes skilled tradesperson roles within construction. Occupations include plumber, electrician, carpenter and stone mason. It also includes commercial divers.","Construction, Extraction, and Architecture","The Construction, Extraction, and Architecture Career Area includes occupations specific to the design, erection, and repair of buildings and other immobile structures, and the building of roads and service facilities that become integral parts of structures and are essential to their use. Furthermore this Career Area includes all occupations related to mining and mineral, oil and gas extraction.",2.0,Roles with formal training requirements of less than 2 years,True,False,True,Gain entry to Apprenticeship training program.,48.0
14171510,Glazier / Window Installer,"A Glazier or Window Installer installs glass in windows or display cases. Fits glass for mirrors, tables, bathroom fixtures or skylights.",Skilled Construction and Building Trades,"The Skilled Construction and Building Trades Occupation Group includes skilled tradesperson roles within construction. Occupations include plumber, electrician, carpenter and stone mason. It also includes commercial divers.","Construction, Extraction, and Architecture","The Construction, Extraction, and Architecture Career Area includes occupations specific to the design, erection, and repair of buildings and other immobile structures, and the building of roads and service facilities that become integral parts of structures and are essential to their use. Furthermore this Career Area includes all occupations related to mining and mineral, oil and gas extraction.",2.0,Roles with formal training requirements of less than 2 years,True,False,True,Gain entry to Apprenticeship training program.,48.0
14171810,Plumber,"A Plumber installs and repairs water pipes, including drainage pipes, in homes or larger buildings. Installs plumbing fixtures or appliances that use gas, and fixes plumbing problems such as clogged pipes.",Skilled Construction and Building Trades,"The Skilled Construction and Building Trades Occupation Group includes skilled tradesperson roles within construction. Occupations include plumber, electrician, carpenter and stone mason. It also includes commercial divers.","Construction, Extraction, and Architecture","The Construction, Extraction, and Architecture Career Area includes occupations specific to the design, erection, and repair of buildings and other immobile structures, and the building of roads and service facilities that become integral parts of structures and are essential to their use. Furthermore this Career Area includes all occupations related to mining and mineral, oil and gas extraction.",2.0,Roles with formal training requirements of less than 2 years,True,False,True,Gain entry to Apprenticeship training program.,48.0
14171910,Solar Installer,A Solar Installer installs solar energy systems for homes or larger buildings. Mounts frames and solar panels on the roof; may install and connect electrical wiring and power storage batteries.,Skilled Construction and Building Trades,"The Skilled Construction and Building Trades Occupation Group includes skilled tradesperson roles within construction. Occupations include plumber, electrician, carpenter and stone mason. It also includes commercial divers.","Construction, Extraction, and Architecture","The Construction, Extraction, and Architecture Career Area includes occupations specific to the design, erection, and repair of buildings and other immobile structures, and the building of roads and service facilities that become integral parts of structures and are essential to their use. Furthermore this Career Area includes all occupations related to mining and mineral, oil and gas extraction.",2.0,Roles with formal training requirements of less than 2 years,True,False,True,Complete Vocational programs in Solar or Renewable Energy Technology. Some states require installers to be licensed electricians.,3.0
15101010,Call Center Manager,"A Call Center Manager manages staff and operations at a telephone call center. Monitors quality and efficiency of staff handling incoming calls for orders and services or for customer service, or staff making outgoing marketing, survey or sales calls. Oversees telephone and computer systems at a call center; may manage the budget for a center.",Customer Service Managers,"The Customer Service Managers Occupation Group includes managerial, supervisory, and directorial occupations responsible for overseeing teams of agents and representatives who respond to inquiries from prospective, current and past customers regarding provided services, products, and membership.",Customer and Client Support,The Customer and Client Support Career Area includes occupations specific to assisting customers or clients. This assistance is provided so that the customer or client get the most out of a product or service or to resolve problems with the product or service.,3.0,Roles with 2 year specialized degree requirement or a mix of sub-BA and BA requirements,False,False,False,,0.0
15101111,Customer Service Manager,"A Customer Service Manager manages staff that provide customer service for a company. Assists staff as needed, or deals directly with customers. Implements policies with regard to company products or services. Answers questions, resolves problems and complaints and approves refunds or exchanges for customers.",Customer Service Managers,"The Customer Service Managers Occupation Group includes managerial, supervisory, and directorial occupations responsible for overseeing teams of agents and representatives who respond to inquiries from prospective, current and past customers regarding provided services, products, and membership.",Customer and Client Support,The Customer and Client Support Career Area includes occupations specific to assisting customers or clients. This assistance is provided so that the customer or client get the most out of a product or service or to resolve problems with the product or service.,3.0,Roles with 2 year specialized degree requirement or a mix of sub-BA and BA requirements,False,False,False,,0.0
15101112,Customer Service Manager,"A Customer Service Manager manages staff that provide customer service for a company. Assists staff as needed, or deals directly with customers. Implements policies with regard to company products or services. Answers questions, resolves problems and complaints and approves refunds or exchanges for customers.",Customer Service Managers,"The Customer Service Managers Occupation Group includes managerial, supervisory, and directorial occupations responsible for overseeing teams of agents and representatives who respond to inquiries from prospective, current and past customers regarding provided services, products, and membership.",Customer and Client Support,The Customer and Client Support Career Area includes occupations specific to assisting customers or clients. This assistance is provided so that the customer or client get the most out of a product or service or to resolve problems with the product or service.,3.0,Roles with 2 year specialized degree requirement or a mix of sub-BA and BA requirements,False,False,False,,0.0
15101113,Customer Service Manager,"A Customer Service Manager manages staff that provide customer service for a company. Assists staff as needed, or deals directly with customers. Implements policies with regard to company products or services. Answers questions, resolves problems and complaints and approves refunds or exchanges for customers.",Customer Service Managers,"The Customer Service Managers Occupation Group includes managerial, supervisory, and directorial occupations responsible for overseeing teams of agents and representatives who respond to inquiries from prospective, current and past customers regarding provided services, products, and membership.",Customer and Client Support,The Customer and Client Support Career Area includes occupations specific to assisting customers or clients. This assistance is provided so that the customer or client get the most out of a product or service or to resolve problems with the product or service.,3.0,Roles with 2 year specialized degree requirement or a mix of sub-BA and BA requirements,False,False,False,,0.0
15101114,Customer Service Manager,"A Customer Service Manager manages staff that provide customer service for a company. Assists staff as needed, or deals directly with customers. Implements policies with regard to company products or services. Answers questions, resolves problems and complaints and approves refunds or exchanges for customers.",Customer Service Managers,"The Customer Service Managers Occupation Group includes managerial, supervisory, and directorial occupations responsible for overseeing teams of agents and representatives who respond to inquiries from prospective, current and past customers regarding provided services, products, and membership.",Customer and Client Support,The Customer and Client Support Career Area includes occupations specific to assisting customers or clients. This assistance is provided so that the customer or client get the most out of a product or service or to resolve problems with the product or service.,3.0,Roles with 2 year specialized degree requirement or a mix of sub-BA and BA requirements,False,False,False,,0.0
15101115,Customer Service Manager,"A Customer Service Manager manages staff that provide customer service for a company. Assists staff as needed, or deals directly with customers. Implements policies with regard to company products or services. Answers questions, resolves problems and complaints and approves refunds or exchanges for customers.",Customer Service Managers,"The Customer Service Managers Occupation Group includes managerial, supervisory, and directorial occupations responsible for overseeing teams of agents and representatives who respond to inquiries from prospective, current and past customers regarding provided services, products, and membership.",Customer and Client Support,The Customer and Client Support Career Area includes occupations specific to assisting customers or clients. This assistance is provided so that the customer or client get the most out of a product or service or to resolve problems with the product or service.,3.0,Roles with 2 year specialized degree requirement or a mix of sub-BA and BA requirements,False,False,False,,0.0
15101116,Customer Service Manager,"A Customer Service Manager manages staff that provide customer service for a company. Assists staff as needed, or deals directly with customers. Implements policies with regard to company products or services. Answers questions, resolves problems and complaints and approves refunds or exchanges for customers.",Customer Service Managers,"The Customer Service Managers Occupation Group includes managerial, supervisory, and directorial occupations responsible for overseeing teams of agents and representatives who respond to inquiries from prospective, current and past customers regarding provided services, products, and membership.",Customer and Client Support,The Customer and Client Support Career Area includes occupations specific to assisting customers or clients. This assistance is provided so that the customer or client get the most out of a product or service or to resolve problems with the product or service.,3.0,Roles with 2 year specialized degree requirement or a mix of sub-BA and BA requirements,False,False,False,,0.0
15111010,Customer Service Representative,"A Customer Service Representative interacts directly with customers to answer questions and solve problems. Communicates with customers in person, over the phone or online. Provides help with troubleshooting technical problems for equipment or software. Keeps records of customer communications and transactions.",Customer Service Representatives,"The Customer Service Representatives Occupation Group includes operational occupations specific to responding to inquiries from prospective, current and past customers regarding services, products, and membership.",Customer and Client Support,The Customer and Client Support Career Area includes occupations specific to assisting customers or clients. This assistance is provided so that the customer or client get the most out of a product or service or to resolve problems with the product or service.,1.0,Roles with minimal training requirements,False,False,False,,0.0
15111011,Customer Service Representative,"A Customer Service Representative interacts directly with customers to answer questions and solve problems. Communicates with customers in person, over the phone or online. Provides help with troubleshooting technical problems for equipment or software. Keeps records of customer communications and transactions.",Customer Service Representatives,"The Customer Service Representatives Occupation Group includes operational occupations specific to responding to inquiries from prospective, current and past customers regarding services, products, and membership.",Customer and Client Support,The Customer and Client Support Career Area includes occupations specific to assisting customers or clients. This assistance is provided so that the customer or client get the most out of a product or service or to resolve problems with the product or service.,1.0,Roles with minimal training requirements,False,False,False,,0.0
15111012,Customer Service Representative,"A Customer Service Representative interacts directly with customers to answer questions and solve problems. Communicates with customers in person, over the phone or online. Provides help with troubleshooting technical problems for equipment or software. Keeps records of customer communications and transactions.",Customer Service Representatives,"The Customer Service Representatives Occupation Group includes operational occupations specific to responding to inquiries from prospective, current and past customers regarding services, products, and membership.",Customer and Client Support,The Customer and Client Support Career Area includes occupations specific to assisting customers or clients. This assistance is provided so that the customer or client get the most out of a product or service or to resolve problems with the product or service.,1.0,Roles with minimal training requirements,False,False,False,,0.0
15111013,Customer Service Representative,"A Customer Service Representative interacts directly with customers to answer questions and solve problems. Communicates with customers in person, over the phone or online. Provides help with troubleshooting technical problems for equipment or software. Keeps records of customer communications and transactions.",Customer Service Representatives,"The Customer Service Representatives Occupation Group includes operational occupations specific to responding to inquiries from prospective, current and past customers regarding services, products, and membership.",Customer and Client Support,The Customer and Client Support Career Area includes occupations specific to assisting customers or clients. This assistance is provided so that the customer or client get the most out of a product or service or to resolve problems with the product or service.,1.0,Roles with minimal training requirements,False,False,False,,0.0
15111014,Customer Service Representative,"A Customer Service Representative interacts directly with customers to answer questions and solve problems. Communicates with customers in person, over the phone or online. Provides help with troubleshooting technical problems for equipment or software. Keeps records of customer communications and transactions.",Customer Service Representatives,"The Customer Service Representatives Occupation Group includes operational occupations specific to responding to inquiries from prospective, current and past customers regarding services, products, and membership.",Customer and Client Support,The Customer and Client Support Career Area includes occupations specific to assisting customers or clients. This assistance is provided so that the customer or client get the most out of a product or service or to resolve problems with the product or service.,1.0,Roles with minimal training requirements,False,False,False,,0.0
21141810,Hotel Desk Clerk,"A Hotel Desk Clerk provides service to customers at the front desk of a hotel. Takes room reservations, checks in guests and handles payments; answers questions and arranges for room services requested by customers.",Hospitality and Travel,"The Hospitality and Travel Occupation Group includes occupations specific to the organization and provision of entertainment and lodgings for visitors, conference delegates and tourists. It includes roles in travel agencies and tour guides.","Hospitality, Food, and Tourism","The Hospitality, Food, and Tourism Career Area includes occupations specific to the provision of lodgings, food and entertainment to visitors, conference delegates and tourists. It includes roles in hotels, restaurants and food preparation.",1.0,Roles with minimal training requirements,False,False,False,,0.0
16101010,Audio / Visual Technician,"An Audio or Visual Technician operates sound and video equipment for concerts, sports events, news conferences or presentations at business meetings or conventions. Sets up wiring and cables as needed for an equipment system, which may include microphones, speakers, sound mixing and recording equipment and video equipment; may also work with specialized lighting equipment.",Media Production Technicians,"The Media Production Technicians Occupation Group includes the technical occupations involved in lighting, cameras, sound, and other aspects of broadcasting.","Design, Media, and Writing","The Design, Media, and Writing Career Area includes occupations involved in the creative process of design in art, communication, and broadcasting. It includes visual art and design, product designers, writers and journalists.",2.0,Roles with formal training requirements of less than 2 years,False,False,False,,0.0
16111010,Fashion Designer,"A Fashion Designer creates designs for clothing, shoes, accessories or costumes. Creates designs for individual pieces or for a collection or line of clothes or shoes. Creates drawings and prototypes for designs, chooses fabrics and materials, and oversees the production process.","Fashion, Floral, and Interior Design","The Fashion, Floral, and Interior Design Occupation Group includes occupations specific to the design of sets, exhibitions, interior spaces, floral displays, and fashion.","Design, Media, and Writing","The Design, Media, and Writing Career Area includes occupations involved in the creative process of design in art, communication, and broadcasting. It includes visual art and design, product designers, writers and journalists.",3.0,Roles with 2 year specialized degree requirement or a mix of sub-BA and BA requirements,False,False,True,Develop portfolio and gain admission to Bachelors degree program in Fashion Design.,48.0
16111210,Interior Designer,"An Interior Designer plans and designs interior spaces for buildings, including houses, offices and commercial buildings. Recommends and selects material, colors and furnishings to be used, including fabrics, flooring and furniture. May specialize in lighting design, or designing kitchens, bathrooms or closets; may focus on improving energy and water efficiency in a building.","Fashion, Floral, and Interior Design","The Fashion, Floral, and Interior Design Occupation Group includes occupations specific to the design of sets, exhibitions, interior spaces, floral displays, and fashion.","Design, Media, and Writing","The Design, Media, and Writing Career Area includes occupations involved in the creative process of design in art, communication, and broadcasting. It includes visual art and design, product designers, writers and journalists.",3.0,Roles with 2 year specialized degree requirement or a mix of sub-BA and BA requirements,False,False,True,Develop portfolio and gain admission to Bachelors degree program in Interior Design or Architecture.,48.0
16121110,Editor,"An Editor reviews stories, reports or manuscripts, makes corrections, and works with writers to improve content and structure of writing. Plans and coordinates material to be included in publications. Works with print material or website content. May specialize in copy editing (careful review of text for errors) or other types of editing; may work as an executive editor with authority to approve publications and contracts.",Journalism and Broadcasting,"The Journalism and Broadcasting Occupation Group includes occupations involving writing for newspapers, magazines, or news websites. It includes preparation of news to be broadcast on radio or television. It also includes entertainment broadcasters (such as DJs), continuity announcers, and producers/directors.","Design, Media, and Writing","The Design, Media, and Writing Career Area includes occupations involved in the creative process of design in art, communication, and broadcasting. It includes visual art and design, product designers, writers and journalists.",5.0,Advanced BA roles,False,False,False,,0.0
16121310,Producer,"A Producer plans and coordinates elements needed to create a film, television show, theater production, musical production or radio show. Works with writers, composers and artistic directors to develop ideas and scripts; oversees rehearsals or production schedule and budget; recruits financing to support production and marketing costs; negotiates distribution agreements. May also work on television or radio advertisements.",Journalism and Broadcasting,"The Journalism and Broadcasting Occupation Group includes occupations involving writing for newspapers, magazines, or news websites. It includes preparation of news to be broadcast on radio or television. It also includes entertainment broadcasters (such as DJs), continuity announcers, and producers/directors.","Design, Media, and Writing","The Design, Media, and Writing Career Area includes occupations involved in the creative process of design in art, communication, and broadcasting. It includes visual art and design, product designers, writers and journalists.",4.0,Entry level BA roles,False,False,False,,0.0
16121510,Reporter,"A Reporter investigates and reports on news events and stories. Gathers information from interviews, site visits and background research, and writes reports for news and media outlets. May edit news stories or write news commentary. Covers a particular territory or specializes in a topic such as politics, sports, on an industry. Works for a news service or media company, or works freelance and takes assignments from news organizations.",Journalism and Broadcasting,"The Journalism and Broadcasting Occupation Group includes occupations involving writing for newspapers, magazines, or news websites. It includes preparation of news to be broadcast on radio or television. It also includes entertainment broadcasters (such as DJs), continuity announcers, and producers/directors.","Design, Media, and Writing","The Design, Media, and Writing Career Area includes occupations involved in the creative process of design in art, communication, and broadcasting. It includes visual art and design, product designers, writers and journalists.",4.0,Entry level BA roles,False,False,False,,0.0
16131010,Industrial Designer,"An Industrial Designer designs products for companies and creates design ideas for products that are functional and visually appealing. Creates designs for product packaging or exhibits, or contributes graphic design work for industrial design projects. Creates new product designs or works to improve existing products, including consumer or industrial products.",Product Design,The Product Design Occupation Group includes occupations specific to industrial design - design applied to physical products that are to be manufactured by mass production. Roles involve the creative act of determining and defining the form and features of a product or its packaging.,"Design, Media, and Writing","The Design, Media, and Writing Career Area includes occupations involved in the creative process of design in art, communication, and broadcasting. It includes visual art and design, product designers, writers and journalists.",5.0,Advanced BA roles,False,False,False,,0.0
16131014,Industrial Designer,"An Industrial Designer designs products for companies and creates design ideas for products that are functional and visually appealing. Creates designs for product packaging or exhibits, or contributes graphic design work for industrial design projects. Creates new product designs or works to improve existing products, including consumer or industrial products.",Product Design,The Product Design Occupation Group includes occupations specific to industrial design - design applied to physical products that are to be manufactured by mass production. Roles involve the creative act of determining and defining the form and features of a product or its packaging.,"Design, Media, and Writing","The Design, Media, and Writing Career Area includes occupations involved in the creative process of design in art, communication, and broadcasting. It includes visual art and design, product designers, writers and journalists.",5.0,Advanced BA roles,False,False,False,,0.0
16131015,Industrial Designer,"An Industrial Designer designs products for companies and creates design ideas for products that are functional and visually appealing. Creates designs for product packaging or exhibits, or contributes graphic design work for industrial design projects. Creates new product designs or works to improve existing products, including consumer or industrial products.",Product Design,The Product Design Occupation Group includes occupations specific to industrial design - design applied to physical products that are to be manufactured by mass production. Roles involve the creative act of determining and defining the form and features of a product or its packaging.,"Design, Media, and Writing","The Design, Media, and Writing Career Area includes occupations involved in the creative process of design in art, communication, and broadcasting. It includes visual art and design, product designers, writers and journalists.",5.0,Advanced BA roles,False,False,False,,0.0
16141110,Creative Director,"A Creative Director may direct style and visual image for a company. May direct the work of other design staff including artists, photographers, writers and editors. May work on page layout and cover art in print or web publishing, or the visual aspects of a design or media campaign. May oversee set design for movie, television or theatre productions.",Visual Design / Arts,"The Visual Design / Arts Occupation Group includes occupations that involve creative art whose products are to be appreciated by sight, such as painting, sculpture, photography and film-making.","Design, Media, and Writing","The Design, Media, and Writing Career Area includes occupations involved in the creative process of design in art, communication, and broadcasting. It includes visual art and design, product designers, writers and journalists.",5.0,Advanced BA roles,False,False,False,,0.0
16141210,Graphic Designer,"A Graphic Designer works with text and images to create design for printed material or web sites. Develops visual designs, such as a logo, that establish an identity or brand for an organization, business or campaign; uses design skills to improve the visual impact of advertising messages, reports, books or websites. May produce documents and printed materials using desktop publishing software and equipment. May work for a publishing company or provide printed business or marketing material for business clients.",Visual Design / Arts,"The Visual Design / Arts Occupation Group includes occupations that involve creative art whose products are to be appreciated by sight, such as painting, sculpture, photography and film-making.","Design, Media, and Writing","The Design, Media, and Writing Career Area includes occupations involved in the creative process of design in art, communication, and broadcasting. It includes visual art and design, product designers, writers and journalists.",4.0,Entry level BA roles,False,False,False,,0.0
16141310,Photographer,"A Photographer uses digital cameras to take photographs for news organizations, commercial or individual clients. May specialize in photographing people, places and landscapes, or objects. Uses software for processing and editing photographs, and may also use traditional film cameras and film processing. Creates portfolios of work to exhibit or sell.",Visual Design / Arts,"The Visual Design / Arts Occupation Group includes occupations that involve creative art whose products are to be appreciated by sight, such as painting, sculpture, photography and film-making.","Design, Media, and Writing","The Design, Media, and Writing Career Area includes occupations involved in the creative process of design in art, communication, and broadcasting. It includes visual art and design, product designers, writers and journalists.",3.0,Roles with 2 year specialized degree requirement or a mix of sub-BA and BA requirements,False,False,False,,0.0
16141410,Video Editor,"A Video Editor edits films, primarily smaller film productions or video recordings of events. Edits film for review, and collaborates with directors and producers to create a final production. Uses specialized editing software. May supervise editing assistants.",Visual Design / Arts,"The Visual Design / Arts Occupation Group includes occupations that involve creative art whose products are to be appreciated by sight, such as painting, sculpture, photography and film-making.","Design, Media, and Writing","The Design, Media, and Writing Career Area includes occupations involved in the creative process of design in art, communication, and broadcasting. It includes visual art and design, product designers, writers and journalists.",3.0,Roles with 2 year specialized degree requirement or a mix of sub-BA and BA requirements,False,False,False,,0.0
16141510,Videographer,"A Videographer creates video recordings of events and private ceremonies. Films and produces documentaries, commercials or music videos. Creates promotional videos for businesses and posts on company websites. Creates videos designed for internet distribution. Works with light and sound technicians.",Visual Design / Arts,"The Visual Design / Arts Occupation Group includes occupations that involve creative art whose products are to be appreciated by sight, such as painting, sculpture, photography and film-making.","Design, Media, and Writing","The Design, Media, and Writing Career Area includes occupations involved in the creative process of design in art, communication, and broadcasting. It includes visual art and design, product designers, writers and journalists.",3.0,Roles with 2 year specialized degree requirement or a mix of sub-BA and BA requirements,False,False,False,,0.0
16151010,Copywriter,"A Copywriter writes text for advertising and other material used by businesses and organizations. Specializes in producing concise writing that informs readers and generates interest from customers. Creates text for print, online or broadcast media advertising or for marketing or informational pieces such as brochures. Writes copy for websites and develops web content.",Writing and Language,"The Writing and Language Occupation Group includes occupations specific to writing, including technical writing and copywriting, as well as proofreaders, translators, and interpreters.","Design, Media, and Writing","The Design, Media, and Writing Career Area includes occupations involved in the creative process of design in art, communication, and broadcasting. It includes visual art and design, product designers, writers and journalists.",5.0,Advanced BA roles,False,False,False,,0.0
16151110,Interpreter / Translator,"An Interpreter or Translator uses language and communication skills to convert words and concepts from one spoken language to another, or from spoken language to sign language. Works with written information and texts to create translations that are accurate and capture the style and nuance of the original text.",Writing and Language,"The Writing and Language Occupation Group includes occupations specific to writing, including technical writing and copywriting, as well as proofreaders, translators, and interpreters.","Design, Media, and Writing","The Design, Media, and Writing Career Area includes occupations involved in the creative process of design in art, communication, and broadcasting. It includes visual art and design, product designers, writers and journalists.",3.0,Roles with 2 year specialized degree requirement or a mix of sub-BA and BA requirements,False,False,False,,0.0
16151311,Technical Writer,"A Technical Writer writes product instructions, user manuals or other material that helps to explain complex information or procedures. Writes help information available to customers online, or clear explanations of company policies. Supports internal communication among different technical, engineering and scientific specialists working on a project or product. Creates product documentation, and provides input for improving product design.",Writing and Language,"The Writing and Language Occupation Group includes occupations specific to writing, including technical writing and copywriting, as well as proofreaders, translators, and interpreters.","Design, Media, and Writing","The Design, Media, and Writing Career Area includes occupations involved in the creative process of design in art, communication, and broadcasting. It includes visual art and design, product designers, writers and journalists.",5.0,Advanced BA roles,False,False,False,,0.0
16151410,Writer,"A Writer writes books, stories, articles, scripts or other original material, including fiction and non-fiction. Works independently or as staff for a magazine, newspaper, journal or social media organization.",Writing and Language,"The Writing and Language Occupation Group includes occupations specific to writing, including technical writing and copywriting, as well as proofreaders, translators, and interpreters.","Design, Media, and Writing","The Design, Media, and Writing Career Area includes occupations involved in the creative process of design in art, communication, and broadcasting. It includes visual art and design, product designers, writers and journalists.",4.0,Entry level BA roles,False,False,False,,0.0
17101010,Preschool / Childcare Director,"A Preschool or Childcare Director manages and directs programs for very young children. Supervises child care workers and pre-school teachers. Proposes policies, program fees and budgets for approval by a program board or administrative agency or implements policies of a national organization. Meets with parents and staff to discuss the development, learning and behavior of children in the program or center. Orders supplies and monitors maintenance and cleaning at a facility. Ensures that the program or center meets state and federal guidelines.",Childcare Teachers and Directors,The Childcare Teachers and Directors Occupation Group includes operational and managerial occupations specific to pre-school teaching.,Education and Training,"The Education and Training Career Area includes occupations specific to the teaching of knowledge, practical skills or behavior through the process of giving systematic instruction. Furthermore it includes roles in cultural institutions with a mission to provide access to knowledge (galleries, libraries, archives, and museums). It also includes the administrative roles involved in the operation of an education institution.",3.0,Roles with 2 year specialized degree requirement or a mix of sub-BA and BA requirements,False,False,False,,0.0
17101110,Preschool / Childcare Teacher,"A Preschool or Childcare Teacher works with young children, usually ages 3 - 5, to help them learn the social, motor and language skills needed to be ready for kindergarten and elementary school. Organizes activities and uses play or games to help children learn; develops schedules and routines for children that include exercise and rest. Works in a school or in a childcare center or program.",Childcare Teachers and Directors,The Childcare Teachers and Directors Occupation Group includes operational and managerial occupations specific to pre-school teaching.,Education and Training,"The Education and Training Career Area includes occupations specific to the teaching of knowledge, practical skills or behavior through the process of giving systematic instruction. Furthermore it includes roles in cultural institutions with a mission to provide access to knowledge (galleries, libraries, archives, and museums). It also includes the administrative roles involved in the operation of an education institution.",3.0,Roles with 2 year specialized degree requirement or a mix of sub-BA and BA requirements,False,False,True,"Complete Certificate, Associates or Bachelors degree program in Early Childhood Education. Level of post-secondary coursework required to teach in daycare centers varies by state. Federal Headstart program requires teachers obtain an Associates degree.",12.0
17111410,Biology Professor,"A Biology Professor teaches foundational biology ideas, truths, and methods to students through a combination of classroom instruction, lab experience, and assignments at colleges, trade schools or other institutes. May assist or lead in the creation of the biology curriculum to be taught. In addition to instruction, they may assist or lead in research initiatives relating to their field.",Post-secondary Educators,The Post-secondary Educators Occupation Group includes teaching occupations at universities and other post-secondary education and research institutions. Individuals in these roles are usually experts in their field and teachers of the highest rank.,Education and Training,"The Education and Training Career Area includes occupations specific to the teaching of knowledge, practical skills or behavior through the process of giving systematic instruction. Furthermore it includes roles in cultural institutions with a mission to provide access to knowledge (galleries, libraries, archives, and museums). It also includes the administrative roles involved in the operation of an education institution.",6.0,Graduate and professional roles,False,False,True,Gain admission to PhD degree program. Must have a Bachelors degree in relevant subject area to qualify.,84.0
17111510,Business Professor,"A Business Professor teaches foundational business ideas, truths, and methods to students through a combination of classroom instruction and assignments at colleges, trade schools or other institutes. May assist or lead in the creation of the business curriculum to be taught. In addition to instruction, they may assist or lead in research initiatives relating to their field.",Post-secondary Educators,The Post-secondary Educators Occupation Group includes teaching occupations at universities and other post-secondary education and research institutions. Individuals in these roles are usually experts in their field and teachers of the highest rank.,Education and Training,"The Education and Training Career Area includes occupations specific to the teaching of knowledge, practical skills or behavior through the process of giving systematic instruction. Furthermore it includes roles in cultural institutions with a mission to provide access to knowledge (galleries, libraries, archives, and museums). It also includes the administrative roles involved in the operation of an education institution.",6.0,Graduate and professional roles,False,False,True,Gain admission to PhD degree program. Must have a Bachelors degree in relevant subject area to qualify.,84.0
17111910,Computer Science Professor,"A Computer Science Professor teaches foundational computer science ideas, truths, and methods to students through a combination of classroom instruction, lab experience, and assignments at colleges, trade schools or other institutes. May assist or lead in the creation of the computer science curriculum to be taught. In addition to instruction, they may assist or lead in research initiatives relating to their field.",Post-secondary Educators,The Post-secondary Educators Occupation Group includes teaching occupations at universities and other post-secondary education and research institutions. Individuals in these roles are usually experts in their field and teachers of the highest rank.,Education and Training,"The Education and Training Career Area includes occupations specific to the teaching of knowledge, practical skills or behavior through the process of giving systematic instruction. Furthermore it includes roles in cultural institutions with a mission to provide access to knowledge (galleries, libraries, archives, and museums). It also includes the administrative roles involved in the operation of an education institution.",6.0,Graduate and professional roles,False,False,True,Gain admission to PhD degree program. Must have a Bachelors degree in relevant subject area to qualify.,84.0
17112110,Economics Professor,"An Economics Professor teaches foundational economics ideas, truths, and methods to students through a combination of classroom instruction and assignments at colleges, trade schools or other institutes. May assist or lead in the creation of the economics curriculum to be taught. In addition to instruction, they may assist or lead in research initiatives relating to their field.",Post-secondary Educators,The Post-secondary Educators Occupation Group includes teaching occupations at universities and other post-secondary education and research institutions. Individuals in these roles are usually experts in their field and teachers of the highest rank.,Education and Training,"The Education and Training Career Area includes occupations specific to the teaching of knowledge, practical skills or behavior through the process of giving systematic instruction. Furthermore it includes roles in cultural institutions with a mission to provide access to knowledge (galleries, libraries, archives, and museums). It also includes the administrative roles involved in the operation of an education institution.",6.0,Graduate and professional roles,False,False,True,Gain admission to PhD degree program. Must have a Bachelors degree in relevant subject area to qualify.,84.0
17112410,English Language / Literature Professor,"An English Language or Literature Professor leads courses in English language and literature, including linguistics and comparative literature. Includes both teachers primarily engaged in teaching and those who do a combination of teaching and research.",Post-secondary Educators,The Post-secondary Educators Occupation Group includes teaching occupations at universities and other post-secondary education and research institutions. Individuals in these roles are usually experts in their field and teachers of the highest rank.,Education and Training,"The Education and Training Career Area includes occupations specific to the teaching of knowledge, practical skills or behavior through the process of giving systematic instruction. Furthermore it includes roles in cultural institutions with a mission to provide access to knowledge (galleries, libraries, archives, and museums). It also includes the administrative roles involved in the operation of an education institution.",6.0,Graduate and professional roles,False,False,True,Gain admission to PhD degree program. Must have a Bachelors degree in relevant subject area to qualify.,84.0
17112710,Language / Literature Professor,A Language or Literature Professor teaches languages and leads literature courses in languages other than English. Includes teachers of American Sign Language (ASL). Includes both teachers primarily engaged in teaching and those who do a combination of teaching and research.,Post-secondary Educators,The Post-secondary Educators Occupation Group includes teaching occupations at universities and other post-secondary education and research institutions. Individuals in these roles are usually experts in their field and teachers of the highest rank.,Education and Training,"The Education and Training Career Area includes occupations specific to the teaching of knowledge, practical skills or behavior through the process of giving systematic instruction. Furthermore it includes roles in cultural institutions with a mission to provide access to knowledge (galleries, libraries, archives, and museums). It also includes the administrative roles involved in the operation of an education institution.",6.0,Graduate and professional roles,False,False,True,Gain admission to PhD degree program. Must have a Bachelors degree in relevant subject area to qualify.,84.0
17113110,Graduate Teaching Assistant,"A Graduate Teaching Assistant supports a professor in teaching a university class by leading discussion sections, tutorial groups, preparing lectures and course materials, and grading student work.",Post-secondary Educators,The Post-secondary Educators Occupation Group includes teaching occupations at universities and other post-secondary education and research institutions. Individuals in these roles are usually experts in their field and teachers of the highest rank.,Education and Training,"The Education and Training Career Area includes occupations specific to the teaching of knowledge, practical skills or behavior through the process of giving systematic instruction. Furthermore it includes roles in cultural institutions with a mission to provide access to knowledge (galleries, libraries, archives, and museums). It also includes the administrative roles involved in the operation of an education institution.",6.0,Graduate and professional roles,True,False,True,Gain admission to Associates or Bachelors degree program in Teaching/Education; complete additional internship for teaching assistant license.,24.0
17113210,Health Sciences Professor,"A Health Sciences Professor teaches foundational health science ideas, truths, and methods to students through a combination of classroom instruction, lab experience, field experience, and assignments at colleges, trade schools or other institutes. May assist or lead in the creation of the health science curriculum to be taught. In addition to instruction, they may assist or lead in research initiatives relating to their field.",Post-secondary Educators,The Post-secondary Educators Occupation Group includes teaching occupations at universities and other post-secondary education and research institutions. Individuals in these roles are usually experts in their field and teachers of the highest rank.,Education and Training,"The Education and Training Career Area includes occupations specific to the teaching of knowledge, practical skills or behavior through the process of giving systematic instruction. Furthermore it includes roles in cultural institutions with a mission to provide access to knowledge (galleries, libraries, archives, and museums). It also includes the administrative roles involved in the operation of an education institution.",6.0,Graduate and professional roles,False,False,True,Gain admission to PhD degree program. Must have a Bachelors degree in relevant subject area to qualify.,84.0
17113710,Mathematics Professor,"A Mathematics Professor teaches foundational mathematical ideas, truths, and methods to students through a combination of classroom instruction and assignments at colleges, trade schools or other institutes. May assist or lead in the creation of the curriculum to be taught. In addition to instruction, they may assist or lead in research initiatives relating to their field.",Post-secondary Educators,The Post-secondary Educators Occupation Group includes teaching occupations at universities and other post-secondary education and research institutions. Individuals in these roles are usually experts in their field and teachers of the highest rank.,Education and Training,"The Education and Training Career Area includes occupations specific to the teaching of knowledge, practical skills or behavior through the process of giving systematic instruction. Furthermore it includes roles in cultural institutions with a mission to provide access to knowledge (galleries, libraries, archives, and museums). It also includes the administrative roles involved in the operation of an education institution.",6.0,Graduate and professional roles,False,False,True,Gain admission to PhD degree program. Must have a Bachelors degree in relevant subject area to qualify.,84.0
17113910,Physics Professor,"A Physics Professor teaches foundational hypotheses, theories, and methods in physics to students through a combination of classroom instruction, lab experience, field experience, and assignments at colleges, trade schools or other institutes. May assist or lead in the creation of the curriculum to be taught. In addition to instruction, they may assist or lead in research initiatives relating to their field.",Post-secondary Educators,The Post-secondary Educators Occupation Group includes teaching occupations at universities and other post-secondary education and research institutions. Individuals in these roles are usually experts in their field and teachers of the highest rank.,Education and Training,"The Education and Training Career Area includes occupations specific to the teaching of knowledge, practical skills or behavior through the process of giving systematic instruction. Furthermore it includes roles in cultural institutions with a mission to provide access to knowledge (galleries, libraries, archives, and museums). It also includes the administrative roles involved in the operation of an education institution.",6.0,Graduate and professional roles,False,False,True,Gain admission to PhD degree program. Must have a Bachelors degree in relevant subject area to qualify.,84.0
17114210,Recreation / Fitness Studies Professor,"A Recreation or Fitness Studies Professor leads courses pertaining to recreation, leisure, and fitness studies, including exercise physiology and facilities management. Includes both teachers primarily engaged in teaching and those who do a combination of teaching and research.",Post-secondary Educators,The Post-secondary Educators Occupation Group includes teaching occupations at universities and other post-secondary education and research institutions. Individuals in these roles are usually experts in their field and teachers of the highest rank.,Education and Training,"The Education and Training Career Area includes occupations specific to the teaching of knowledge, practical skills or behavior through the process of giving systematic instruction. Furthermore it includes roles in cultural institutions with a mission to provide access to knowledge (galleries, libraries, archives, and museums). It also includes the administrative roles involved in the operation of an education institution.",6.0,Graduate and professional roles,False,False,True,Gain admission to PhD degree program. Must have a Bachelors degree in relevant subject area to qualify.,84.0
17121013,Higher Education Administrator,"A Higher Education Administrator works in a variety of specialized areas within a college or university, including student admissions and services, academic departments or campus maintenance and development. Manages student academic records (registrar), leads a college or school within a university system (academic dean), or serves as chief academic officer (provost).",Education Administration,"The Education Administration Occupation Group includes managerial and director level roles in education institutions at elementary, secondary, and post-secondary level.",Education and Training,"The Education and Training Career Area includes occupations specific to the teaching of knowledge, practical skills or behavior through the process of giving systematic instruction. Furthermore it includes roles in cultural institutions with a mission to provide access to knowledge (galleries, libraries, archives, and museums). It also includes the administrative roles involved in the operation of an education institution.",6.0,Graduate and professional roles,False,False,False,,48.0
17121025,Higher Education Administrator,"A Higher Education Administrator works in a variety of specialized areas within a college or university, including student admissions and services, academic departments or campus maintenance and development. Manages student academic records (registrar), leads a college or school within a university system (academic dean), or serves as chief academic officer (provost).",Education Administration,"The Education Administration Occupation Group includes managerial and director level roles in education institutions at elementary, secondary, and post-secondary level.",Education and Training,"The Education and Training Career Area includes occupations specific to the teaching of knowledge, practical skills or behavior through the process of giving systematic instruction. Furthermore it includes roles in cultural institutions with a mission to provide access to knowledge (galleries, libraries, archives, and museums). It also includes the administrative roles involved in the operation of an education institution.",6.0,Graduate and professional roles,False,False,False,,48.0
17121026,Higher Education Administrator,"A Higher Education Administrator works in a variety of specialized areas within a college or university, including student admissions and services, academic departments or campus maintenance and development. Manages student academic records (registrar), leads a college or school within a university system (academic dean), or serves as chief academic officer (provost).",Education Administration,"The Education Administration Occupation Group includes managerial and director level roles in education institutions at elementary, secondary, and post-secondary level.",Education and Training,"The Education and Training Career Area includes occupations specific to the teaching of knowledge, practical skills or behavior through the process of giving systematic instruction. Furthermore it includes roles in cultural institutions with a mission to provide access to knowledge (galleries, libraries, archives, and museums). It also includes the administrative roles involved in the operation of an education institution.",6.0,Graduate and professional roles,False,False,False,,48.0
17121113,Elementary and Secondary School Administrator,"An Elementary and Secondary School Administrator supervises teachers, counselors, librarians and other school staff, manages a school budget and finances, provides instructional leadership and monitors progress toward local, state and federal educational standards. Directs student discipline and works with parents and community partners. May work in other school district administrative or professional positions such as school district superintendent.",Education Administration,"The Education Administration Occupation Group includes managerial and director level roles in education institutions at elementary, secondary, and post-secondary level.",Education and Training,"The Education and Training Career Area includes occupations specific to the teaching of knowledge, practical skills or behavior through the process of giving systematic instruction. Furthermore it includes roles in cultural institutions with a mission to provide access to knowledge (galleries, libraries, archives, and museums). It also includes the administrative roles involved in the operation of an education institution.",6.0,Graduate and professional roles,True,True,True,Gain admission to Masters degree program in Education Administration. Must have a Bachelors degree and experience working in an elementary or secondary school to qualify.,72.0
17121115,Elementary and Secondary School Administrator,"An Elementary and Secondary School Administrator supervises teachers, counselors, librarians and other school staff, manages a school budget and finances, provides instructional leadership and monitors progress toward local, state and federal educational standards. Directs student discipline and works with parents and community partners. May work in other school district administrative or professional positions such as school district superintendent.",Education Administration,"The Education Administration Occupation Group includes managerial and director level roles in education institutions at elementary, secondary, and post-secondary level.",Education and Training,"The Education and Training Career Area includes occupations specific to the teaching of knowledge, practical skills or behavior through the process of giving systematic instruction. Furthermore it includes roles in cultural institutions with a mission to provide access to knowledge (galleries, libraries, archives, and museums). It also includes the administrative roles involved in the operation of an education institution.",6.0,Graduate and professional roles,True,True,True,Gain admission to Masters degree program in Education Administration. Must have a Bachelors degree and experience working in an elementary or secondary school to qualify.,72.0
17121116,Elementary and Secondary School Administrator,"An Elementary and Secondary School Administrator supervises teachers, counselors, librarians and other school staff, manages a school budget and finances, provides instructional leadership and monitors progress toward local, state and federal educational standards. Directs student discipline and works with parents and community partners. May work in other school district administrative or professional positions such as school district superintendent.",Education Administration,"The Education Administration Occupation Group includes managerial and director level roles in education institutions at elementary, secondary, and post-secondary level.",Education and Training,"The Education and Training Career Area includes occupations specific to the teaching of knowledge, practical skills or behavior through the process of giving systematic instruction. Furthermore it includes roles in cultural institutions with a mission to provide access to knowledge (galleries, libraries, archives, and museums). It also includes the administrative roles involved in the operation of an education institution.",6.0,Graduate and professional roles,True,True,True,Gain admission to Masters degree program in Education Administration. Must have a Bachelors degree and experience working in an elementary or secondary school to qualify.,72.0
17131010,Curriculum and Instructional Designer / Developer,"A Curriculum and Instructional Designer or Developer designs and develops instructional materials or curriculum for teachers. Analyzes what is needed for students, identifies learning objectives, and designs the content and format of instructional material. Uses instructional design to create instructional materials, which may include text, electronic and visual material. Works for a school or college or for an education, software or publishing company.",Instructional and Curriculum Design,"The Instructional and Curriculum Design Occupation Group includes occupations specific to the design of curricula or instructional programs. Roles focus on the creation of the overall course blueprint, mapping content to learning objectives, including how to develop a course outline and build the course.",Education and Training,"The Education and Training Career Area includes occupations specific to the teaching of knowledge, practical skills or behavior through the process of giving systematic instruction. Furthermore it includes roles in cultural institutions with a mission to provide access to knowledge (galleries, libraries, archives, and museums). It also includes the administrative roles involved in the operation of an education institution.",5.0,Advanced BA roles,False,False,False,,0.0
17131111,Director of Instruction,"A Director of Instruction works in a public school district to coordinate curriculum and teaching practices. Works with teachers to develop curriculum that helps students learn effectively and meets state educational standards. Coordinates professional development for teachers, analyzes student assessment data, and chooses textbooks, educational materials and new technologies to support teaching. May specialize in particular grade levels or subject areas, or education for specific groups of students such as English Language Learners.",Instructional and Curriculum Design,"The Instructional and Curriculum Design Occupation Group includes occupations specific to the design of curricula or instructional programs. Roles focus on the creation of the overall course blueprint, mapping content to learning objectives, including how to develop a course outline and build the course.",Education and Training,"The Education and Training Career Area includes occupations specific to the teaching of knowledge, practical skills or behavior through the process of giving systematic instruction. Furthermore it includes roles in cultural institutions with a mission to provide access to knowledge (galleries, libraries, archives, and museums). It also includes the administrative roles involved in the operation of an education institution.",6.0,Graduate and professional roles,True,True,True,"Gain admission to Masters degree program in Education. Typically, must be licensed teacher with significant classroom and curriculum design experience to qualify.",72.0
17141010,Bilingual / ESL / Language Teacher,"A Bilingual, ESL, or Language Teacher teaches foreign languages to students in elementary to secondary schools. This includes English as a second language. Common foreign languages which are taught are Spanish, French, Japanese, Korean, German, Dutch, Russian, Mandarin, and Arabic.",Primary and Secondary School Educators,The Primary and Secondary School Educators Occupation Group includes teaching occupations specific to the school age range from kindergarten to twelfth grade.,Education and Training,"The Education and Training Career Area includes occupations specific to the teaching of knowledge, practical skills or behavior through the process of giving systematic instruction. Furthermore it includes roles in cultural institutions with a mission to provide access to knowledge (galleries, libraries, archives, and museums). It also includes the administrative roles involved in the operation of an education institution.",4.0,Entry level BA roles,True,True,True,"Complete Bachelors or Masters degree program in Education with Special Education, ELL/ESL, or Reading/Literacy Specialty.",48.0
17141110,Elementary School Teacher,"An Elementary School Teacher teaches elementary school students, usually children ages 5 - 11 who are in kindergarten through fifth or sixth grade, in a public or private school. Teaches all subjects, including reading, writing, math, social studies and science, to one class throughout the school year. Plans curriculum and assesses student progress, manages student behavior and communicates with school parents. May specialize in teaching music, art or physical education, or teach students that are learning English, or work with students with learning disabilities or emotional and behavioral disorders.",Primary and Secondary School Educators,The Primary and Secondary School Educators Occupation Group includes teaching occupations specific to the school age range from kindergarten to twelfth grade.,Education and Training,"The Education and Training Career Area includes occupations specific to the teaching of knowledge, practical skills or behavior through the process of giving systematic instruction. Furthermore it includes roles in cultural institutions with a mission to provide access to knowledge (galleries, libraries, archives, and museums). It also includes the administrative roles involved in the operation of an education institution.",4.0,Entry level BA roles,True,False,True,Complete Bachelors degree program in Elementary Education.,48.0
17141210,English / Language Arts Teacher,"An English or Language Arts Teacher teaches English in elementary to secondary schools. Focuses on English, writing, composition, literature, and critical analysis. In elementary school, language arts classes focus on basic reading, writing and linguistic / communication skills. In middle school, the English curriculum evolves and expands to include more complicated reading comprehension, such as fiction, poetry and essays. In teaching high school, the focus relies on developing analytical skills.",Primary and Secondary School Educators,The Primary and Secondary School Educators Occupation Group includes teaching occupations specific to the school age range from kindergarten to twelfth grade.,Education and Training,"The Education and Training Career Area includes occupations specific to the teaching of knowledge, practical skills or behavior through the process of giving systematic instruction. Furthermore it includes roles in cultural institutions with a mission to provide access to knowledge (galleries, libraries, archives, and museums). It also includes the administrative roles involved in the operation of an education institution.",4.0,Entry level BA roles,True,False,True,"Complete Bachelors degree program in a secondary school subject area (e.g. English, Math, Biology) and required teacher training courses to qualify for a state teaching license. Some states require completion of Masters degree within a specified number of years to maintain a teaching license.",48.0
17141310,History / Social Studies Teacher,"A History or Social Studies Teacher teaches in the social studies fields for elementary to secondary school students. Elementary school teaching focuses on general social studies, with history overview courses starting in middle school. High school focuses on specific courses of study, such as Modern US History. Fields include history, geography, government, and current events.",Primary and Secondary School Educators,The Primary and Secondary School Educators Occupation Group includes teaching occupations specific to the school age range from kindergarten to twelfth grade.,Education and Training,"The Education and Training Career Area includes occupations specific to the teaching of knowledge, practical skills or behavior through the process of giving systematic instruction. Furthermore it includes roles in cultural institutions with a mission to provide access to knowledge (galleries, libraries, archives, and museums). It also includes the administrative roles involved in the operation of an education institution.",4.0,Entry level BA roles,True,False,True,"Complete Bachelors degree program in a secondary school subject area (e.g. English, Math, Biology) and required teacher training courses to qualify for a state teaching license. Some states require completion of Masters degree within a specified number of years to maintain a teaching license.",48.0
17141410,Math Teacher,"A Math Teacher teaches mathematics in elementary to secondary schools. Elementary school teachers focus on basic arithmetic, with some basic algebra in middle school, graduating to geometry, algebra and eventually calculus in high school.",Primary and Secondary School Educators,The Primary and Secondary School Educators Occupation Group includes teaching occupations specific to the school age range from kindergarten to twelfth grade.,Education and Training,"The Education and Training Career Area includes occupations specific to the teaching of knowledge, practical skills or behavior through the process of giving systematic instruction. Furthermore it includes roles in cultural institutions with a mission to provide access to knowledge (galleries, libraries, archives, and museums). It also includes the administrative roles involved in the operation of an education institution.",4.0,Entry level BA roles,True,False,True,"Complete Bachelors degree program in a secondary school subject area (e.g. English, Math, Biology) and required teacher training courses to qualify for a state teaching license. Some states require completion of Masters degree within a specified number of years to maintain a teaching license.",48.0
17141510,Middle / High School Teacher (Other),"A Middle or High School Teacher teaches middle school students, usually in grades 6 - 12, in a public or private school. Teaches one subject, or a group of subjects, such as math and science; works with one class all year or teaches different classes of students throughout the day. May mentor students, coach a school team or advise a student club. May specialize in working with students learning English or students with learning disabilities or emotional and behavioral disorders.",Primary and Secondary School Educators,The Primary and Secondary School Educators Occupation Group includes teaching occupations specific to the school age range from kindergarten to twelfth grade.,Education and Training,"The Education and Training Career Area includes occupations specific to the teaching of knowledge, practical skills or behavior through the process of giving systematic instruction. Furthermore it includes roles in cultural institutions with a mission to provide access to knowledge (galleries, libraries, archives, and museums). It also includes the administrative roles involved in the operation of an education institution.",4.0,Entry level BA roles,True,False,True,"Complete Bachelors degree program in a secondary school subject area (e.g. English, Math, Biology) and required teacher training courses to qualify for a state teaching license. Some states require completion of Masters degree within a specified number of years to maintain a teaching license.",48.0
17141611,Physical Education Teacher,"A Physical Education Teacher works with elementary and secondary school students on physical education and athletic training. A PE teacher should have knowledge of sports, anatomy and handling common injuries. Sports taught include football, basketball, baseball, soccer, gymnastics, track & field, and aerobics.",Primary and Secondary School Educators,The Primary and Secondary School Educators Occupation Group includes teaching occupations specific to the school age range from kindergarten to twelfth grade.,Education and Training,"The Education and Training Career Area includes occupations specific to the teaching of knowledge, practical skills or behavior through the process of giving systematic instruction. Furthermore it includes roles in cultural institutions with a mission to provide access to knowledge (galleries, libraries, archives, and museums). It also includes the administrative roles involved in the operation of an education institution.",4.0,Entry level BA roles,True,False,True,"Complete Bachelors degree program in a secondary school subject area (e.g. English, Math, Biology) and required teacher training courses to qualify for a state teaching license. Some states require completion of Masters degree within a specified number of years to maintain a teaching license.",48.0
17141810,Science Teacher,"A Science Teacher teaches in the natural science fields for elementary to secondary school students. Most science courses taught prior to high school are general, with specialization occurring later in high school. Teachers may teach specialized courses in physics, biology or chemistry. Other topics taught include physical science, computer science, astronomy, and geology.",Primary and Secondary School Educators,The Primary and Secondary School Educators Occupation Group includes teaching occupations specific to the school age range from kindergarten to twelfth grade.,Education and Training,"The Education and Training Career Area includes occupations specific to the teaching of knowledge, practical skills or behavior through the process of giving systematic instruction. Furthermore it includes roles in cultural institutions with a mission to provide access to knowledge (galleries, libraries, archives, and museums). It also includes the administrative roles involved in the operation of an education institution.",4.0,Entry level BA roles,True,False,True,"Complete Bachelors degree program in a secondary school subject area (e.g. English, Math, Biology) and required teacher training courses to qualify for a state teaching license. Some states require completion of Masters degree within a specified number of years to maintain a teaching license.",48.0
17141910,Special Education Teacher,"A Special Education Teacher teaches students who have disabilities, and adapts teaching methods to meet the needs of students. Assesses students and helps to develop individualized education plans that specify the services and accommodations needed for each student. Works in a classroom that includes only students with IEPs, or works with students and teachers in regular classes. For students with severe disabilities, may focus on developing skills for independent living. Works as part of a team that includes therapists, school counselors or social workers.",Primary and Secondary School Educators,The Primary and Secondary School Educators Occupation Group includes teaching occupations specific to the school age range from kindergarten to twelfth grade.,Education and Training,"The Education and Training Career Area includes occupations specific to the teaching of knowledge, practical skills or behavior through the process of giving systematic instruction. Furthermore it includes roles in cultural institutions with a mission to provide access to knowledge (galleries, libraries, archives, and museums). It also includes the administrative roles involved in the operation of an education institution.",4.0,Entry level BA roles,True,True,True,"Complete Bachelors or Masters degree program in Education with Special Education, ELL/ESL, or Reading/Literacy Specialty.",48.0
17151010,Archivist,"An Archivist manages and organizes storage of records and historic information or collections. Reviews and appraises material, determines items to archive and conditions necessary to preserve materials safely. Develops systems for documenting and organizing material to be archived. May use archival material for research or assist other researchers with access to an archive.",Library and Museum Workers,"The Library and Museum Workers Occupation Group includes occupations specific to the maintenance and running of libraries, archives, and museums - Institutions that act as a repository for materials, books and knowledge, promoting informal lifelong learning for members of the public.",Education and Training,"The Education and Training Career Area includes occupations specific to the teaching of knowledge, practical skills or behavior through the process of giving systematic instruction. Furthermore it includes roles in cultural institutions with a mission to provide access to knowledge (galleries, libraries, archives, and museums). It also includes the administrative roles involved in the operation of an education institution.",6.0,Graduate and professional roles,False,False,True,"Gain admission to Masters degree program in History, Library Science, Archival Studies, or Museum Studies. Must have a Bachelors degree to be eligible.",72.0
17151210,Library Assistant / Technician,"A Library Assistant or Technician assists librarians with organizing materials and helping patrons. Works in a public library, school library, or specialized medical, business or law library. May assist with technology resources in the library.",Library and Museum Workers,"The Library and Museum Workers Occupation Group includes occupations specific to the maintenance and running of libraries, archives, and museums - Institutions that act as a repository for materials, books and knowledge, promoting informal lifelong learning for members of the public.",Education and Training,"The Education and Training Career Area includes occupations specific to the teaching of knowledge, practical skills or behavior through the process of giving systematic instruction. Furthermore it includes roles in cultural institutions with a mission to provide access to knowledge (galleries, libraries, archives, and museums). It also includes the administrative roles involved in the operation of an education institution.",2.0,Roles with formal training requirements of less than 2 years,False,False,False,,0.0
17161010,Coach,A Coach works with individual athletes or with sports teams to develop skills and improve teamwork and competitive performance. Runs practice sessions and physical conditioning programs; assesses the strengths and weaknesses of players; plans strategies for games; motivates and encourage players and teaches good sportsmanship.,Sports,"The Sports Occupation Group includes the trainers, coaches, referees, and umpires that regulate, support and oversee sporting activity.",Education and Training,"The Education and Training Career Area includes occupations specific to the teaching of knowledge, practical skills or behavior through the process of giving systematic instruction. Furthermore it includes roles in cultural institutions with a mission to provide access to knowledge (galleries, libraries, archives, and museums). It also includes the administrative roles involved in the operation of an education institution.",3.0,Roles with 2 year specialized degree requirement or a mix of sub-BA and BA requirements,False,False,False,,0.0
17171510,Substitute Teacher,"A Substitute Teacher teaches or supervises classes for teachers who are away on leave or sick. May substitute for teachers at several different schools or school districts. May substitute for one day or for a longer term absence; may follow lesson plans developed by the regular teacher, or work with teacher who will be out to create new lesson plans and assignments.",Teaching Support and Enrichment,"The Teaching Support and Enrichment Occupation Group includes teaching occupations specific to self-enrichment, teachers of subjects such as music, dance, drama and art, substitute teachers and teaching support.",Education and Training,"The Education and Training Career Area includes occupations specific to the teaching of knowledge, practical skills or behavior through the process of giving systematic instruction. Furthermore it includes roles in cultural institutions with a mission to provide access to knowledge (galleries, libraries, archives, and museums). It also includes the administrative roles involved in the operation of an education institution.",4.0,Entry level BA roles,False,True,True,Must have a Bachelors degree; some school districts require teaching certification.,48.0
17171610,Teacher Assistant,"A Teacher Assistant assists classroom teachers by providing extra individual attention and instruction to students. Helps teachers with recordkeeping, preparation for lessons and activities and supervising students. May work with special education students, or work in a school library or computer lab; may be called teacher aide or paraprofessional.",Teaching Support and Enrichment,"The Teaching Support and Enrichment Occupation Group includes teaching occupations specific to self-enrichment, teachers of subjects such as music, dance, drama and art, substitute teachers and teaching support.",Education and Training,"The Education and Training Career Area includes occupations specific to the teaching of knowledge, practical skills or behavior through the process of giving systematic instruction. Furthermore it includes roles in cultural institutions with a mission to provide access to knowledge (galleries, libraries, archives, and museums). It also includes the administrative roles involved in the operation of an education institution.",2.0,Roles with formal training requirements of less than 2 years,False,True,True,Complete at least some college courses in education. Many states require teaching assistants in public schools to earn an Associates degree or Paraprofessional Teaching Certificate.,12.0
17181010,Adult Basic Education / Literacy Instructor,"An Adult Basic Education or Literacy Instructor works with adults, including young adults who are out of school, to improve literacy and strengthen basic skills in reading, writing and math. Helps students to learn English or gain a high school diploma or equivalent certificate. Assesses students' educational levels, skills and goals, and differentiates instruction as needed for adults at different levels in one class. May focus on basic skills as needed for a particular occupation, or assist students with developing study skills or job search skills, or help students connect with social services.",Vocational and Professional Instruction,"The Vocational and Professional Instruction Occupation Group includes occupations specific to adult training and instruction. It includes tutors, driving instructors, adult literacy, and vocational trainers.",Education and Training,"The Education and Training Career Area includes occupations specific to the teaching of knowledge, practical skills or behavior through the process of giving systematic instruction. Furthermore it includes roles in cultural institutions with a mission to provide access to knowledge (galleries, libraries, archives, and museums). It also includes the administrative roles involved in the operation of an education institution.",4.0,Entry level BA roles,False,False,False,,0.0
17181110,Driving Instructor,A Driving Instructor is responsible for teaching students the rules of the road and the safe way to handle an automobile or motorcycle. This may involve both classroom and/or behind the wheel instruction. They are required to remain up to date with their regional and national traffic laws to insure proper curriculum and demonstration. Some inform their students on the process to obtain a valid driver's license in their region or nation.,Vocational and Professional Instruction,"The Vocational and Professional Instruction Occupation Group includes occupations specific to adult training and instruction. It includes tutors, driving instructors, adult literacy, and vocational trainers.",Education and Training,"The Education and Training Career Area includes occupations specific to the teaching of knowledge, practical skills or behavior through the process of giving systematic instruction. Furthermore it includes roles in cultural institutions with a mission to provide access to knowledge (galleries, libraries, archives, and museums). It also includes the administrative roles involved in the operation of an education institution.",3.0,Roles with 2 year specialized degree requirement or a mix of sub-BA and BA requirements,True,False,True,Complete driving instruction training program and obtain Commercial Drivers License.,1.0
17181210,Tutor,"A Tutor works with students who need additional help or review. Provides instruction in an academic subject, or reviews a particular class lesson, or assists with preparing for a test. Works with students one-on-one or in a small group, and usually meets with students outside of school.",Vocational and Professional Instruction,"The Vocational and Professional Instruction Occupation Group includes occupations specific to adult training and instruction. It includes tutors, driving instructors, adult literacy, and vocational trainers.",Education and Training,"The Education and Training Career Area includes occupations specific to the teaching of knowledge, practical skills or behavior through the process of giving systematic instruction. Furthermore it includes roles in cultural institutions with a mission to provide access to knowledge (galleries, libraries, archives, and museums). It also includes the administrative roles involved in the operation of an education institution.",4.0,Entry level BA roles,False,False,False,,0.0
17181310,Vocational Education Instructor,"A Vocational Education Instructor teaches technical or job related skills to students, and uses work-based experience to help students learn about and prepare for jobs in a particular occupation. Provides training for jobs in business, health care, auto repair, information technology, culinary arts, or other areas. Teaches in a public high school, a regional or college program, or at a private training program.",Vocational and Professional Instruction,"The Vocational and Professional Instruction Occupation Group includes occupations specific to adult training and instruction. It includes tutors, driving instructors, adult literacy, and vocational trainers.",Education and Training,"The Education and Training Career Area includes occupations specific to the teaching of knowledge, practical skills or behavior through the process of giving systematic instruction. Furthermore it includes roles in cultural institutions with a mission to provide access to knowledge (galleries, libraries, archives, and museums). It also includes the administrative roles involved in the operation of an education institution.",4.0,Entry level BA roles,False,False,False,,0.0
18101010,Agricultural Engineer,"An Agricultural Engineer applies knowledge of engineering technology and biological science to agricultural problems concerned with power and machinery, electrification, structures, soil and water conservation, and processing of agricultural products.",Agriculture and Food Engineering,The Agriculture and Food Engineering Occupation Group includes occupations that apply knowledge of engineering technology and biological science to agricultural and food engineering problems.,Engineering,"The Engineering Career Area includes occupations involved in the application of science and mathematics to the design, production and maintenance of complex products, including physical structures along with mechanical, chemical, electrical and electronic products.",4.0,Entry level BA roles,False,False,True,Gain admission to Bachelors degree program in Agricultural Engineering.,48.0
18111112,Chemical / Process Engineer,"A Chemical or Process Engineer solves problems related to the manufacturing and use of products, including chemicals, fuel, food, and clothing. Designs new products, improves existing ones, or develops new processes for better use of existing materials. May specialize in a chemical engineering process, such as making plastics, or in an industry such as health care.","Chemical, Biomedical, and Related Engineering","The Chemical, Biomedical, and Related Engineering Occupation Group includes occupations involved in the application of biological and chemical science and mathematics to the design, production and maintenance of complex products, including bioreactors and chemical reactors along with nuclear and renewable energy solutions, and biomedical, chemical, and petroleum products.",Engineering,"The Engineering Career Area includes occupations involved in the application of science and mathematics to the design, production and maintenance of complex products, including physical structures along with mechanical, chemical, electrical and electronic products.",5.0,Advanced BA roles,False,False,True,Gain admission to Bachelors degree program in Chemical Engineering.,48.0
18111114,Chemical / Process Engineer,"A Chemical or Process Engineer solves problems related to the manufacturing and use of products, including chemicals, fuel, food, and clothing. Designs new products, improves existing ones, or develops new processes for better use of existing materials. May specialize in a chemical engineering process, such as making plastics, or in an industry such as health care.","Chemical, Biomedical, and Related Engineering","The Chemical, Biomedical, and Related Engineering Occupation Group includes occupations involved in the application of biological and chemical science and mathematics to the design, production and maintenance of complex products, including bioreactors and chemical reactors along with nuclear and renewable energy solutions, and biomedical, chemical, and petroleum products.",Engineering,"The Engineering Career Area includes occupations involved in the application of science and mathematics to the design, production and maintenance of complex products, including physical structures along with mechanical, chemical, electrical and electronic products.",5.0,Advanced BA roles,False,False,True,Gain admission to Bachelors degree program in Chemical Engineering.,48.0
18111115,Chemical / Process Engineer,"A Chemical or Process Engineer solves problems related to the manufacturing and use of products, including chemicals, fuel, food, and clothing. Designs new products, improves existing ones, or develops new processes for better use of existing materials. May specialize in a chemical engineering process, such as making plastics, or in an industry such as health care.","Chemical, Biomedical, and Related Engineering","The Chemical, Biomedical, and Related Engineering Occupation Group includes occupations involved in the application of biological and chemical science and mathematics to the design, production and maintenance of complex products, including bioreactors and chemical reactors along with nuclear and renewable energy solutions, and biomedical, chemical, and petroleum products.",Engineering,"The Engineering Career Area includes occupations involved in the application of science and mathematics to the design, production and maintenance of complex products, including physical structures along with mechanical, chemical, electrical and electronic products.",5.0,Advanced BA roles,False,False,True,Gain admission to Bachelors degree program in Chemical Engineering.,48.0
18111116,Chemical / Process Engineer,"A Chemical or Process Engineer solves problems related to the manufacturing and use of products, including chemicals, fuel, food, and clothing. Designs new products, improves existing ones, or develops new processes for better use of existing materials. May specialize in a chemical engineering process, such as making plastics, or in an industry such as health care.","Chemical, Biomedical, and Related Engineering","The Chemical, Biomedical, and Related Engineering Occupation Group includes occupations involved in the application of biological and chemical science and mathematics to the design, production and maintenance of complex products, including bioreactors and chemical reactors along with nuclear and renewable energy solutions, and biomedical, chemical, and petroleum products.",Engineering,"The Engineering Career Area includes occupations involved in the application of science and mathematics to the design, production and maintenance of complex products, including physical structures along with mechanical, chemical, electrical and electronic products.",5.0,Advanced BA roles,False,False,True,Gain admission to Bachelors degree program in Chemical Engineering.,48.0
18111311,Materials Engineer,"A Materials Engineer researches and tests the materials used to make a wide range of products. Develops new substances that have the properties needed for a particular use, or finds new ways to use existing substances. Uses knowledge of the chemical properties of materials, and specializes in one type of material, such as ceramics, metals, or plastics.","Chemical, Biomedical, and Related Engineering","The Chemical, Biomedical, and Related Engineering Occupation Group includes occupations involved in the application of biological and chemical science and mathematics to the design, production and maintenance of complex products, including bioreactors and chemical reactors along with nuclear and renewable energy solutions, and biomedical, chemical, and petroleum products.",Engineering,"The Engineering Career Area includes occupations involved in the application of science and mathematics to the design, production and maintenance of complex products, including physical structures along with mechanical, chemical, electrical and electronic products.",5.0,Advanced BA roles,False,False,True,Gain admission to Bachelors degree program in Material Sciences Engineering.,48.0
18111315,Materials Engineer,"A Materials Engineer researches and tests the materials used to make a wide range of products. Develops new substances that have the properties needed for a particular use, or finds new ways to use existing substances. Uses knowledge of the chemical properties of materials, and specializes in one type of material, such as ceramics, metals, or plastics.","Chemical, Biomedical, and Related Engineering","The Chemical, Biomedical, and Related Engineering Occupation Group includes occupations involved in the application of biological and chemical science and mathematics to the design, production and maintenance of complex products, including bioreactors and chemical reactors along with nuclear and renewable energy solutions, and biomedical, chemical, and petroleum products.",Engineering,"The Engineering Career Area includes occupations involved in the application of science and mathematics to the design, production and maintenance of complex products, including physical structures along with mechanical, chemical, electrical and electronic products.",5.0,Advanced BA roles,False,False,True,Gain admission to Bachelors degree program in Material Sciences Engineering.,48.0
18111316,Materials Engineer,"A Materials Engineer researches and tests the materials used to make a wide range of products. Develops new substances that have the properties needed for a particular use, or finds new ways to use existing substances. Uses knowledge of the chemical properties of materials, and specializes in one type of material, such as ceramics, metals, or plastics.","Chemical, Biomedical, and Related Engineering","The Chemical, Biomedical, and Related Engineering Occupation Group includes occupations involved in the application of biological and chemical science and mathematics to the design, production and maintenance of complex products, including bioreactors and chemical reactors along with nuclear and renewable energy solutions, and biomedical, chemical, and petroleum products.",Engineering,"The Engineering Career Area includes occupations involved in the application of science and mathematics to the design, production and maintenance of complex products, including physical structures along with mechanical, chemical, electrical and electronic products.",5.0,Advanced BA roles,False,False,True,Gain admission to Bachelors degree program in Material Sciences Engineering.,48.0
18111510,Reservoir / Petroleum Engineer,"A Reservoir or Petroleum Engineer designs and develops methods for extracting oil and gas from beneath the surface of the earth. Determines the best process of extracting a deposit of gas or oil, designs drilling equipment, and develops and improves methods of extraction.","Chemical, Biomedical, and Related Engineering","The Chemical, Biomedical, and Related Engineering Occupation Group includes occupations involved in the application of biological and chemical science and mathematics to the design, production and maintenance of complex products, including bioreactors and chemical reactors along with nuclear and renewable energy solutions, and biomedical, chemical, and petroleum products.",Engineering,"The Engineering Career Area includes occupations involved in the application of science and mathematics to the design, production and maintenance of complex products, including physical structures along with mechanical, chemical, electrical and electronic products.",5.0,Advanced BA roles,False,False,True,Gain admission to Bachelors degree program in Petroleum or Chemical Engineering.,48.0
18111514,Reservoir / Petroleum Engineer,"A Reservoir or Petroleum Engineer designs and develops methods for extracting oil and gas from beneath the surface of the earth. Determines the best process of extracting a deposit of gas or oil, designs drilling equipment, and develops and improves methods of extraction.","Chemical, Biomedical, and Related Engineering","The Chemical, Biomedical, and Related Engineering Occupation Group includes occupations involved in the application of biological and chemical science and mathematics to the design, production and maintenance of complex products, including bioreactors and chemical reactors along with nuclear and renewable energy solutions, and biomedical, chemical, and petroleum products.",Engineering,"The Engineering Career Area includes occupations involved in the application of science and mathematics to the design, production and maintenance of complex products, including physical structures along with mechanical, chemical, electrical and electronic products.",5.0,Advanced BA roles,False,False,True,Gain admission to Bachelors degree program in Petroleum or Chemical Engineering.,48.0
18111515,Reservoir / Petroleum Engineer,"A Reservoir or Petroleum Engineer designs and develops methods for extracting oil and gas from beneath the surface of the earth. Determines the best process of extracting a deposit of gas or oil, designs drilling equipment, and develops and improves methods of extraction.","Chemical, Biomedical, and Related Engineering","The Chemical, Biomedical, and Related Engineering Occupation Group includes occupations involved in the application of biological and chemical science and mathematics to the design, production and maintenance of complex products, including bioreactors and chemical reactors along with nuclear and renewable energy solutions, and biomedical, chemical, and petroleum products.",Engineering,"The Engineering Career Area includes occupations involved in the application of science and mathematics to the design, production and maintenance of complex products, including physical structures along with mechanical, chemical, electrical and electronic products.",5.0,Advanced BA roles,False,False,True,Gain admission to Bachelors degree program in Petroleum or Chemical Engineering.,48.0
18121010,Civil Engineer,"A Civil Engineer designs and supervises large construction projects such as public buildings, roads, and waterways. Designs projects that meet the needs of users and the public and are structurally sound. Addresses environmental and land use issues in project design. May specialize in a particular aspect of design and construction, or a particular type of construction, such as transportation systems.",Civil and Safety Engineering,"The Civil and Safety Engineering Occupation Group includes occupations involved in the application of science and mathematics to the design, production, and maintenance of public infrastructure and the environment including roads and transportation, structures, water and wastewater, and remediation.",Engineering,"The Engineering Career Area includes occupations involved in the application of science and mathematics to the design, production and maintenance of complex products, including physical structures along with mechanical, chemical, electrical and electronic products.",5.0,Advanced BA roles,False,False,True,Gain admission to Bachelors degree program in Civil Engineering.,48.0
18121011,Civil Engineer,"A Civil Engineer designs and supervises large construction projects such as public buildings, roads, and waterways. Designs projects that meet the needs of users and the public and are structurally sound. Addresses environmental and land use issues in project design. May specialize in a particular aspect of design and construction, or a particular type of construction, such as transportation systems.",Civil and Safety Engineering,"The Civil and Safety Engineering Occupation Group includes occupations involved in the application of science and mathematics to the design, production, and maintenance of public infrastructure and the environment including roads and transportation, structures, water and wastewater, and remediation.",Engineering,"The Engineering Career Area includes occupations involved in the application of science and mathematics to the design, production and maintenance of complex products, including physical structures along with mechanical, chemical, electrical and electronic products.",5.0,Advanced BA roles,False,False,True,Gain admission to Bachelors degree program in Civil Engineering.,48.0
18121110,Environmental Engineer,"An Environmental Engineer develops solutions to environmental problems using engineering, biology, chemistry, and geology. Addresses pollution control, waste disposal, recycling, or public health issues. Works on local environmental issues, such as polluted groundwater, or global or regional issues, such as acid rain. Works with environmental scientists and public policymakers to identify problems and develop technologies that benefit people and protect the environment.",Civil and Safety Engineering,"The Civil and Safety Engineering Occupation Group includes occupations involved in the application of science and mathematics to the design, production, and maintenance of public infrastructure and the environment including roads and transportation, structures, water and wastewater, and remediation.",Engineering,"The Engineering Career Area includes occupations involved in the application of science and mathematics to the design, production and maintenance of complex products, including physical structures along with mechanical, chemical, electrical and electronic products.",5.0,Advanced BA roles,False,False,True,Gain admission to Bachelors degree program in Environmental Engineering.,48.0
18121210,Health and Safety Engineer,"A Health and Safety Engineer develops workplace processes and procedures that help prevent people from getting injured or sick on the job, and also prevent property from being damaged. Works in industrial and manufacturing settings. Evaluates systems for health risks and designs solutions to minimize risks.",Civil and Safety Engineering,"The Civil and Safety Engineering Occupation Group includes occupations involved in the application of science and mathematics to the design, production, and maintenance of public infrastructure and the environment including roads and transportation, structures, water and wastewater, and remediation.",Engineering,"The Engineering Career Area includes occupations involved in the application of science and mathematics to the design, production and maintenance of complex products, including physical structures along with mechanical, chemical, electrical and electronic products.",5.0,Advanced BA roles,False,False,True,"Gain admission to Bachelors degree program in Engineering (Electrical, Mechanical, Industrial or Systems Engineering) and complete coursework in Industrial Hygiene or Occupational Safety.",48.0
18121310,Mining Engineer,"A Mining Engineer researches mines and designs mining operations for the efficient extraction of minerals such as metals and coal. Uses knowledge of geology and engineering to determine sites to be mined, and develops plans to extract minerals effectively. May specialize in one type of mineral or material. May inspect and monitor mines for the safety and health of miners.",Civil and Safety Engineering,"The Civil and Safety Engineering Occupation Group includes occupations involved in the application of science and mathematics to the design, production, and maintenance of public infrastructure and the environment including roads and transportation, structures, water and wastewater, and remediation.",Engineering,"The Engineering Career Area includes occupations involved in the application of science and mathematics to the design, production and maintenance of complex products, including physical structures along with mechanical, chemical, electrical and electronic products.",5.0,Advanced BA roles,False,False,True,Gain admission to Bachelors degrees program in Mining and Geological Engineering.,48.0
18121510,Transportation Engineer,"A Transportation Engineer designs and maintains transportation systems such as roads, ports, airports, and bus or subway systems.",Civil and Safety Engineering,"The Civil and Safety Engineering Occupation Group includes occupations involved in the application of science and mathematics to the design, production, and maintenance of public infrastructure and the environment including roads and transportation, structures, water and wastewater, and remediation.",Engineering,"The Engineering Career Area includes occupations involved in the application of science and mathematics to the design, production and maintenance of complex products, including physical structures along with mechanical, chemical, electrical and electronic products.",5.0,Advanced BA roles,False,False,True,Gain admission to Bachelors degree program in Civil Engineering.,48.0
18171031,Engineering Manager,"An Engineering Manager oversees engineering and technical design of large projects and manages communication and coordination among different types of engineers working on a project. Supervises project schedule, budget, and communications with stakeholders.",Engineering Managers,"The Engineering Managers Occupation Group includes managerial occupations involved in the application of science and mathematics to the design, production and maintenance of complex products, including physical structures along with mechanical, chemical, electrical and electronic products.",Engineering,"The Engineering Career Area includes occupations involved in the application of science and mathematics to the design, production and maintenance of complex products, including physical structures along with mechanical, chemical, electrical and electronic products.",5.0,Advanced BA roles,False,False,True,Gain admission to Bachelors degree program in Civil Engineering.,48.0
18121610,Water / Wastewater Engineer,A Water or Wastewater Engineer specializes in the treatment and management of contaminated water. Designs sewage systems and water treatment plants.,Civil and Safety Engineering,"The Civil and Safety Engineering Occupation Group includes occupations involved in the application of science and mathematics to the design, production, and maintenance of public infrastructure and the environment including roads and transportation, structures, water and wastewater, and remediation.",Engineering,"The Engineering Career Area includes occupations involved in the application of science and mathematics to the design, production and maintenance of complex products, including physical structures along with mechanical, chemical, electrical and electronic products.",5.0,Advanced BA roles,False,False,True,"Gain admission to Bachelors degree program in Civil, Mechanical or Environmental Engineering.",48.0
18131010,Civil Engineering Technician,"A Civil Engineering Technician works with civil engineers on large public construction and infrastructure projects such as roads, buildings, bridges or utilities. Assists with preparation and review of blueprints and plans, site inspections, meeting design specifications, developing cost estimates and preparing project reports.",Civil Engineering Technicians,"The Civil Engineering Technicians Occupation Group includes occupations that assist civil engineers in the design, production, and maintenance of public infrastructure and surveying.",Engineering,"The Engineering Career Area includes occupations involved in the application of science and mathematics to the design, production and maintenance of complex products, including physical structures along with mechanical, chemical, electrical and electronic products.",3.0,Roles with 2 year specialized degree requirement or a mix of sub-BA and BA requirements,False,False,True,Gain admission to Associates degree program in Civil Engineering Technology.,24.0
18131210,Surveying / Mapping Technician,"A Surveying or Mapping Technician works with surveyors and cartographers to gather data and create maps. Visits sites and records survey measurements and descriptive data. Selects data needed to create maps, including photos, aerial photos and satellite information, and helps produce and update maps that show boundaries or topographical information.",Civil Engineering Technicians,"The Civil Engineering Technicians Occupation Group includes occupations that assist civil engineers in the design, production, and maintenance of public infrastructure and surveying.",Engineering,"The Engineering Career Area includes occupations involved in the application of science and mathematics to the design, production and maintenance of complex products, including physical structures along with mechanical, chemical, electrical and electronic products.",3.0,Roles with 2 year specialized degree requirement or a mix of sub-BA and BA requirements,False,False,True,"Gain admission to Associates or Bachelors degree program in Survey Technology, Geomatics, Geography or related field.",24.0
18131310,Surveyor,"A Surveyor measures the surface of the Earth and collects data used to make maps, set boundaries, and determine the shape and contour of sections of land. Uses global positioning system (GPS) and global information system (GIS) technology to make measurements. May specialize in measurements to determine airspace boundaries; may conduct marine or hydrographic surveys to measure bodies of water and determine shorelines and water flow and depth.",Civil Engineering Technicians,"The Civil Engineering Technicians Occupation Group includes occupations that assist civil engineers in the design, production, and maintenance of public infrastructure and surveying.",Engineering,"The Engineering Career Area includes occupations involved in the application of science and mathematics to the design, production and maintenance of complex products, including physical structures along with mechanical, chemical, electrical and electronic products.",3.0,Roles with 2 year specialized degree requirement or a mix of sub-BA and BA requirements,True,False,True,"Gain admission to Associates or Bachelors degree program in Surveying, Mapping, and Geomatics, or Civil Engineering.",24.0
18141010,CAD Designer / Drafter,A CAD Designer or Drafter uses computer software to convert engineering or architectural designs into technical drawings and plans.,Drafters and CAD Designers,"The Drafters and CAD Designers Occupation Group includes occupations that develop technical drawings (digitally or physically) with all the details needed to build structures, machines, and products.",Engineering,"The Engineering Career Area includes occupations involved in the application of science and mathematics to the design, production and maintenance of complex products, including physical structures along with mechanical, chemical, electrical and electronic products.",3.0,Roles with 2 year specialized degree requirement or a mix of sub-BA and BA requirements,False,False,True,"Complete an Associates degree program in Drafting, Architectural Drafting, or Architectural Design Technology, or technical training program.",24.0
18141110,Civil / Architectural Designer / Drafter,"A Civil or Architectural Designer or Drafter prepares detailed drawings for building plans and architectural designs. Creates drawings according to specifications provided by an architect, and uses computer-aided design and drafting technology.",Drafters and CAD Designers,"The Drafters and CAD Designers Occupation Group includes occupations that develop technical drawings (digitally or physically) with all the details needed to build structures, machines, and products.",Engineering,"The Engineering Career Area includes occupations involved in the application of science and mathematics to the design, production and maintenance of complex products, including physical structures along with mechanical, chemical, electrical and electronic products.",3.0,Roles with 2 year specialized degree requirement or a mix of sub-BA and BA requirements,False,False,True,"Complete an Associates degree program in Drafting, Architectural Drafting, or Architectural Design Technology, or technical training program.",24.0
18141210,Mechanical / Electrical Drafter,"A Mechanical or Electrical Drafter prepares detailed drawings needed to manufacture or repair machinery and equipment, with dimensions and other specific engineering data. Uses computer aided design software. May create diagrams for products that include mechanical and electronic components, such as cars or computers, or prepare the diagrams used to install wiring and electrical equipment in buildings or in electrical distribution systems.",Drafters and CAD Designers,"The Drafters and CAD Designers Occupation Group includes occupations that develop technical drawings (digitally or physically) with all the details needed to build structures, machines, and products.",Engineering,"The Engineering Career Area includes occupations involved in the application of science and mathematics to the design, production and maintenance of complex products, including physical structures along with mechanical, chemical, electrical and electronic products.",3.0,Roles with 2 year specialized degree requirement or a mix of sub-BA and BA requirements,False,False,True,"Complete an Associates degree program in Drafting, Mechanical Drafting, Electrical Drafting, or technical training program.",24.0
18151012,Electrical / Electronic Designer,"An Electrical or Electronic Designer designs and creates layout for the electrical systems that power lighting, security, telephone and sound in buildings; creates wiring diagrams, develops specifications for electrical systems to meet code requirements. Designs and create layout of the printed circuit boards that are components of most electronic equipment.","Electrical, Electronic, and Related Engineering","The Electrical, Electronic, and Related Engineering Occupation Group includes engineering and technician occupations specific to electrical engineering (the production and distribution of electricity to people and places) and electronic engineering (working with circuitry in computers, mobile phones, and other modern technologies).",Engineering,"The Engineering Career Area includes occupations involved in the application of science and mathematics to the design, production and maintenance of complex products, including physical structures along with mechanical, chemical, electrical and electronic products.",3.0,Roles with 2 year specialized degree requirement or a mix of sub-BA and BA requirements,False,False,True,Gain admission to Associates degree program in Electrical/Electronic Engineering Technology or a Bachelors degree program in Electrical/Electronic Engineering.,24.0
18151014,Electrical / Electronic Designer,"An Electrical or Electronic Designer designs and creates layout for the electrical systems that power lighting, security, telephone and sound in buildings; creates wiring diagrams, develops specifications for electrical systems to meet code requirements. Designs and create layout of the printed circuit boards that are components of most electronic equipment.","Electrical, Electronic, and Related Engineering","The Electrical, Electronic, and Related Engineering Occupation Group includes engineering and technician occupations specific to electrical engineering (the production and distribution of electricity to people and places) and electronic engineering (working with circuitry in computers, mobile phones, and other modern technologies).",Engineering,"The Engineering Career Area includes occupations involved in the application of science and mathematics to the design, production and maintenance of complex products, including physical structures along with mechanical, chemical, electrical and electronic products.",3.0,Roles with 2 year specialized degree requirement or a mix of sub-BA and BA requirements,False,False,True,Gain admission to Associates degree program in Electrical/Electronic Engineering Technology or a Bachelors degree program in Electrical/Electronic Engineering.,24.0
18151111,Electrical and Electronics Technician,"An Electrical and Electronics Technician helps engineers design and develop electrical and electronic equipment. Assists with diagrams and specifications for design, construction of product prototypes, testing and calibration, technical problem solving, equipment repair and maintenance.","Electrical, Electronic, and Related Engineering","The Electrical, Electronic, and Related Engineering Occupation Group includes engineering and technician occupations specific to electrical engineering (the production and distribution of electricity to people and places) and electronic engineering (working with circuitry in computers, mobile phones, and other modern technologies).",Engineering,"The Engineering Career Area includes occupations involved in the application of science and mathematics to the design, production and maintenance of complex products, including physical structures along with mechanical, chemical, electrical and electronic products.",3.0,Roles with 2 year specialized degree requirement or a mix of sub-BA and BA requirements,False,False,True,Gain admission to Associates degree program in Electric or Electronical Engineering Technology.,24.0
18151113,Electrical and Electronics Technician,"An Electrical and Electronics Technician helps engineers design and develop electrical and electronic equipment. Assists with diagrams and specifications for design, construction of product prototypes, testing and calibration, technical problem solving, equipment repair and maintenance.","Electrical, Electronic, and Related Engineering","The Electrical, Electronic, and Related Engineering Occupation Group includes engineering and technician occupations specific to electrical engineering (the production and distribution of electricity to people and places) and electronic engineering (working with circuitry in computers, mobile phones, and other modern technologies).",Engineering,"The Engineering Career Area includes occupations involved in the application of science and mathematics to the design, production and maintenance of complex products, including physical structures along with mechanical, chemical, electrical and electronic products.",3.0,Roles with 2 year specialized degree requirement or a mix of sub-BA and BA requirements,False,False,True,Gain admission to Associates degree program in Electric or Electronical Engineering Technology.,24.0
18151117,Electrical and Electronics Technician,"An Electrical and Electronics Technician helps engineers design and develop electrical and electronic equipment. Assists with diagrams and specifications for design, construction of product prototypes, testing and calibration, technical problem solving, equipment repair and maintenance.","Electrical, Electronic, and Related Engineering","The Electrical, Electronic, and Related Engineering Occupation Group includes engineering and technician occupations specific to electrical engineering (the production and distribution of electricity to people and places) and electronic engineering (working with circuitry in computers, mobile phones, and other modern technologies).",Engineering,"The Engineering Career Area includes occupations involved in the application of science and mathematics to the design, production and maintenance of complex products, including physical structures along with mechanical, chemical, electrical and electronic products.",3.0,Roles with 2 year specialized degree requirement or a mix of sub-BA and BA requirements,False,False,True,Gain admission to Associates degree program in Electric or Electronical Engineering Technology.,24.0
18151118,Electrical and Electronics Technician,"An Electrical and Electronics Technician helps engineers design and develop electrical and electronic equipment. Assists with diagrams and specifications for design, construction of product prototypes, testing and calibration, technical problem solving, equipment repair and maintenance.","Electrical, Electronic, and Related Engineering","The Electrical, Electronic, and Related Engineering Occupation Group includes engineering and technician occupations specific to electrical engineering (the production and distribution of electricity to people and places) and electronic engineering (working with circuitry in computers, mobile phones, and other modern technologies).",Engineering,"The Engineering Career Area includes occupations involved in the application of science and mathematics to the design, production and maintenance of complex products, including physical structures along with mechanical, chemical, electrical and electronic products.",3.0,Roles with 2 year specialized degree requirement or a mix of sub-BA and BA requirements,False,False,True,Gain admission to Associates degree program in Electric or Electronical Engineering Technology.,24.0
18151120,Electrical and Electronics Technician,"An Electrical and Electronics Technician helps engineers design and develop electrical and electronic equipment. Assists with diagrams and specifications for design, construction of product prototypes, testing and calibration, technical problem solving, equipment repair and maintenance.","Electrical, Electronic, and Related Engineering","The Electrical, Electronic, and Related Engineering Occupation Group includes engineering and technician occupations specific to electrical engineering (the production and distribution of electricity to people and places) and electronic engineering (working with circuitry in computers, mobile phones, and other modern technologies).",Engineering,"The Engineering Career Area includes occupations involved in the application of science and mathematics to the design, production and maintenance of complex products, including physical structures along with mechanical, chemical, electrical and electronic products.",3.0,Roles with 2 year specialized degree requirement or a mix of sub-BA and BA requirements,False,False,True,Gain admission to Associates degree program in Electric or Electronical Engineering Technology.,24.0
18151121,Electrical and Electronics Technician,"An Electrical and Electronics Technician helps engineers design and develop electrical and electronic equipment. Assists with diagrams and specifications for design, construction of product prototypes, testing and calibration, technical problem solving, equipment repair and maintenance.","Electrical, Electronic, and Related Engineering","The Electrical, Electronic, and Related Engineering Occupation Group includes engineering and technician occupations specific to electrical engineering (the production and distribution of electricity to people and places) and electronic engineering (working with circuitry in computers, mobile phones, and other modern technologies).",Engineering,"The Engineering Career Area includes occupations involved in the application of science and mathematics to the design, production and maintenance of complex products, including physical structures along with mechanical, chemical, electrical and electronic products.",3.0,Roles with 2 year specialized degree requirement or a mix of sub-BA and BA requirements,False,False,True,Gain admission to Associates degree program in Electric or Electronical Engineering Technology.,24.0
18151212,Electrical Engineer,"An Electrical Engineer designs, develops, and tests products and systems that use or produce electricity, including power generators, electric motors, radar and navigation systems, and communication systems. Works on larger electrical systems rather than small electronic products or devices.","Electrical, Electronic, and Related Engineering","The Electrical, Electronic, and Related Engineering Occupation Group includes engineering and technician occupations specific to electrical engineering (the production and distribution of electricity to people and places) and electronic engineering (working with circuitry in computers, mobile phones, and other modern technologies).",Engineering,"The Engineering Career Area includes occupations involved in the application of science and mathematics to the design, production and maintenance of complex products, including physical structures along with mechanical, chemical, electrical and electronic products.",5.0,Advanced BA roles,False,False,True,Gain admission to Bachelors degree program in Electrical Engineering.,48.0
18151213,Electrical Engineer,"An Electrical Engineer designs, develops, and tests products and systems that use or produce electricity, including power generators, electric motors, radar and navigation systems, and communication systems. Works on larger electrical systems rather than small electronic products or devices.","Electrical, Electronic, and Related Engineering","The Electrical, Electronic, and Related Engineering Occupation Group includes engineering and technician occupations specific to electrical engineering (the production and distribution of electricity to people and places) and electronic engineering (working with circuitry in computers, mobile phones, and other modern technologies).",Engineering,"The Engineering Career Area includes occupations involved in the application of science and mathematics to the design, production and maintenance of complex products, including physical structures along with mechanical, chemical, electrical and electronic products.",5.0,Advanced BA roles,False,False,True,Gain admission to Bachelors degree program in Electrical Engineering.,48.0
18151214,Electrical Engineer,"An Electrical Engineer designs, develops, and tests products and systems that use or produce electricity, including power generators, electric motors, radar and navigation systems, and communication systems. Works on larger electrical systems rather than small electronic products or devices.","Electrical, Electronic, and Related Engineering","The Electrical, Electronic, and Related Engineering Occupation Group includes engineering and technician occupations specific to electrical engineering (the production and distribution of electricity to people and places) and electronic engineering (working with circuitry in computers, mobile phones, and other modern technologies).",Engineering,"The Engineering Career Area includes occupations involved in the application of science and mathematics to the design, production and maintenance of complex products, including physical structures along with mechanical, chemical, electrical and electronic products.",5.0,Advanced BA roles,False,False,True,Gain admission to Bachelors degree program in Electrical Engineering.,48.0
18151710,Power Systems Engineer,"A Power Systems Engineer specializes in the generation, transmission, and distribution of electrical power. They work in the field of electrical engineering but with a specific emphasis on large-scale power systems that provide electricity to homes, businesses, industries, and infrastructure.","Electrical, Electronic, and Related Engineering","The Electrical, Electronic, and Related Engineering Occupation Group includes engineering and technician occupations specific to electrical engineering (the production and distribution of electricity to people and places) and electronic engineering (working with circuitry in computers, mobile phones, and other modern technologies).",Engineering,"The Engineering Career Area includes occupations involved in the application of science and mathematics to the design, production and maintenance of complex products, including physical structures along with mechanical, chemical, electrical and electronic products.",5.0,Advanced BA roles,False,False,True,Gain admission to Bachelors degree program in Electrical Engineering.,48.0
18151217,Electrical Engineer,"An Electrical Engineer designs, develops, and tests products and systems that use or produce electricity, including power generators, electric motors, radar and navigation systems, and communication systems. Works on larger electrical systems rather than small electronic products or devices.","Electrical, Electronic, and Related Engineering","The Electrical, Electronic, and Related Engineering Occupation Group includes engineering and technician occupations specific to electrical engineering (the production and distribution of electricity to people and places) and electronic engineering (working with circuitry in computers, mobile phones, and other modern technologies).",Engineering,"The Engineering Career Area includes occupations involved in the application of science and mathematics to the design, production and maintenance of complex products, including physical structures along with mechanical, chemical, electrical and electronic products.",5.0,Advanced BA roles,False,False,True,Gain admission to Bachelors degree program in Electrical Engineering.,48.0
18151310,Electronics Engineer,"An Electronics Engineer designs and develops electronic equipment, from iPods to global positioning systems (GPS). Works primarily with smaller electronic equipment that uses electricity as a means of storing information.","Electrical, Electronic, and Related Engineering","The Electrical, Electronic, and Related Engineering Occupation Group includes engineering and technician occupations specific to electrical engineering (the production and distribution of electricity to people and places) and electronic engineering (working with circuitry in computers, mobile phones, and other modern technologies).",Engineering,"The Engineering Career Area includes occupations involved in the application of science and mathematics to the design, production and maintenance of complex products, including physical structures along with mechanical, chemical, electrical and electronic products.",5.0,Advanced BA roles,False,False,True,Gain admission to Bachelors degree program in Electronics or Electrical Engineering.,48.0
18151313,Electronics Engineer,"An Electronics Engineer designs and develops electronic equipment, from iPods to global positioning systems (GPS). Works primarily with smaller electronic equipment that uses electricity as a means of storing information.","Electrical, Electronic, and Related Engineering","The Electrical, Electronic, and Related Engineering Occupation Group includes engineering and technician occupations specific to electrical engineering (the production and distribution of electricity to people and places) and electronic engineering (working with circuitry in computers, mobile phones, and other modern technologies).",Engineering,"The Engineering Career Area includes occupations involved in the application of science and mathematics to the design, production and maintenance of complex products, including physical structures along with mechanical, chemical, electrical and electronic products.",5.0,Advanced BA roles,False,False,True,Gain admission to Bachelors degree program in Electronics or Electrical Engineering.,48.0
18151314,Electronics Engineer,"An Electronics Engineer designs and develops electronic equipment, from iPods to global positioning systems (GPS). Works primarily with smaller electronic equipment that uses electricity as a means of storing information.","Electrical, Electronic, and Related Engineering","The Electrical, Electronic, and Related Engineering Occupation Group includes engineering and technician occupations specific to electrical engineering (the production and distribution of electricity to people and places) and electronic engineering (working with circuitry in computers, mobile phones, and other modern technologies).",Engineering,"The Engineering Career Area includes occupations involved in the application of science and mathematics to the design, production and maintenance of complex products, including physical structures along with mechanical, chemical, electrical and electronic products.",5.0,Advanced BA roles,False,False,True,Gain admission to Bachelors degree program in Electronics or Electrical Engineering.,48.0
18151413,Hardware Engineer,"A Hardware Engineer designs and develops computer hardware such as circuit boards, chips, modems, and keyboards. Works with computer software engineers and developers to improve technology.","Electrical, Electronic, and Related Engineering","The Electrical, Electronic, and Related Engineering Occupation Group includes engineering and technician occupations specific to electrical engineering (the production and distribution of electricity to people and places) and electronic engineering (working with circuitry in computers, mobile phones, and other modern technologies).",Engineering,"The Engineering Career Area includes occupations involved in the application of science and mathematics to the design, production and maintenance of complex products, including physical structures along with mechanical, chemical, electrical and electronic products.",6.0,Graduate and professional roles,False,False,True,Gain admission to Bachelors degree program in Electrical or Computer Engineering.,48.0
18151414,Hardware Engineer,"A Hardware Engineer designs and develops computer hardware such as circuit boards, chips, modems, and keyboards. Works with computer software engineers and developers to improve technology.","Electrical, Electronic, and Related Engineering","The Electrical, Electronic, and Related Engineering Occupation Group includes engineering and technician occupations specific to electrical engineering (the production and distribution of electricity to people and places) and electronic engineering (working with circuitry in computers, mobile phones, and other modern technologies).",Engineering,"The Engineering Career Area includes occupations involved in the application of science and mathematics to the design, production and maintenance of complex products, including physical structures along with mechanical, chemical, electrical and electronic products.",6.0,Graduate and professional roles,False,False,True,Gain admission to Bachelors degree program in Electrical or Computer Engineering.,48.0
18151510,Radio Frequency (RF) Engineer,"A Radio Frequency (RF) Engineer works with technology and electronic equipment that uses radio waves, from cell phones to radio stations. Designs, installs, and repairs systems and equipment that transmit radio signals. May specialize in design or maintenance; may focus on the design of transmission equipment, such as radio antennae, or manage larger systems such as networks of cell phone towers.","Electrical, Electronic, and Related Engineering","The Electrical, Electronic, and Related Engineering Occupation Group includes engineering and technician occupations specific to electrical engineering (the production and distribution of electricity to people and places) and electronic engineering (working with circuitry in computers, mobile phones, and other modern technologies).",Engineering,"The Engineering Career Area includes occupations involved in the application of science and mathematics to the design, production and maintenance of complex products, including physical structures along with mechanical, chemical, electrical and electronic products.",5.0,Advanced BA roles,False,False,True,Gain admission to Bachelors degree program Electrical Engineering and complete additional course work in RF (Radio-Frequency) Engineering.,48.0
18161010,Alternative Energy Manager,"An Alternative Energy Manager manages the development of alternative energy products, such as biofuels or the development and installation of large alternative energy projects such as wind power sites. Recommends use of renewable or alternative energy sources such as solar panels to help companies reduce energy consumption.",Energy and Sustainability Specialists,The Energy and Sustainability Specialists Occupation Group includes occupations specific to sustainable energy - Meeting current energy needs without compromising the needs of future generations. This may include considerations of environmental aspects such as greenhouse gas emissions and social and economic aspects such as energy poverty.,Engineering,"The Engineering Career Area includes occupations involved in the application of science and mathematics to the design, production and maintenance of complex products, including physical structures along with mechanical, chemical, electrical and electronic products.",5.0,Advanced BA roles,False,False,False,,0.0
18161310,Sustainability Specialist,"A Sustainability Specialist addresses environmental sustainability issues for companies or organizations, including university systems. Develops strategies for reducing energy costs, promotes environmentally friendly production, business or maintenance practices.",Energy and Sustainability Specialists,The Energy and Sustainability Specialists Occupation Group includes occupations specific to sustainable energy - Meeting current energy needs without compromising the needs of future generations. This may include considerations of environmental aspects such as greenhouse gas emissions and social and economic aspects such as energy poverty.,Engineering,"The Engineering Career Area includes occupations involved in the application of science and mathematics to the design, production and maintenance of complex products, including physical structures along with mechanical, chemical, electrical and electronic products.",5.0,Advanced BA roles,False,False,False,,0.0
18171013,Engineering Manager,"An Engineering Manager oversees engineering and technical design of large projects and manages communication and coordination among different types of engineers working on a project. Supervises project schedule, budget, and communications with stakeholders.",Engineering Managers,"The Engineering Managers Occupation Group includes managerial occupations involved in the application of science and mathematics to the design, production and maintenance of complex products, including physical structures along with mechanical, chemical, electrical and electronic products.",Engineering,"The Engineering Career Area includes occupations involved in the application of science and mathematics to the design, production and maintenance of complex products, including physical structures along with mechanical, chemical, electrical and electronic products.",5.0,Advanced BA roles,False,False,True,Must have completed a Bachelors or Masters degree in Engineering. Gain management experience and/or advanced coursework or Masters degree in Management.,72.0
18171014,Engineering Manager,"An Engineering Manager oversees engineering and technical design of large projects and manages communication and coordination among different types of engineers working on a project. Supervises project schedule, budget, and communications with stakeholders.",Engineering Managers,"The Engineering Managers Occupation Group includes managerial occupations involved in the application of science and mathematics to the design, production and maintenance of complex products, including physical structures along with mechanical, chemical, electrical and electronic products.",Engineering,"The Engineering Career Area includes occupations involved in the application of science and mathematics to the design, production and maintenance of complex products, including physical structures along with mechanical, chemical, electrical and electronic products.",5.0,Advanced BA roles,False,False,True,Must have completed a Bachelors or Masters degree in Engineering. Gain management experience and/or advanced coursework or Masters degree in Management.,72.0
18171015,Engineering Manager,"An Engineering Manager oversees engineering and technical design of large projects and manages communication and coordination among different types of engineers working on a project. Supervises project schedule, budget, and communications with stakeholders.",Engineering Managers,"The Engineering Managers Occupation Group includes managerial occupations involved in the application of science and mathematics to the design, production and maintenance of complex products, including physical structures along with mechanical, chemical, electrical and electronic products.",Engineering,"The Engineering Career Area includes occupations involved in the application of science and mathematics to the design, production and maintenance of complex products, including physical structures along with mechanical, chemical, electrical and electronic products.",5.0,Advanced BA roles,False,False,True,Must have completed a Bachelors or Masters degree in Engineering. Gain management experience and/or advanced coursework or Masters degree in Management.,72.0
18171016,Engineering Manager,"An Engineering Manager oversees engineering and technical design of large projects and manages communication and coordination among different types of engineers working on a project. Supervises project schedule, budget, and communications with stakeholders.",Engineering Managers,"The Engineering Managers Occupation Group includes managerial occupations involved in the application of science and mathematics to the design, production and maintenance of complex products, including physical structures along with mechanical, chemical, electrical and electronic products.",Engineering,"The Engineering Career Area includes occupations involved in the application of science and mathematics to the design, production and maintenance of complex products, including physical structures along with mechanical, chemical, electrical and electronic products.",5.0,Advanced BA roles,False,False,True,Must have completed a Bachelors or Masters degree in Engineering. Gain management experience and/or advanced coursework or Masters degree in Management.,72.0
18171017,Engineering Manager,"An Engineering Manager oversees engineering and technical design of large projects and manages communication and coordination among different types of engineers working on a project. Supervises project schedule, budget, and communications with stakeholders.",Engineering Managers,"The Engineering Managers Occupation Group includes managerial occupations involved in the application of science and mathematics to the design, production and maintenance of complex products, including physical structures along with mechanical, chemical, electrical and electronic products.",Engineering,"The Engineering Career Area includes occupations involved in the application of science and mathematics to the design, production and maintenance of complex products, including physical structures along with mechanical, chemical, electrical and electronic products.",5.0,Advanced BA roles,False,False,True,Must have completed a Bachelors or Masters degree in Engineering. Gain management experience and/or advanced coursework or Masters degree in Management.,72.0
18171020,Engineering Manager,"An Engineering Manager oversees engineering and technical design of large projects and manages communication and coordination among different types of engineers working on a project. Supervises project schedule, budget, and communications with stakeholders.",Engineering Managers,"The Engineering Managers Occupation Group includes managerial occupations involved in the application of science and mathematics to the design, production and maintenance of complex products, including physical structures along with mechanical, chemical, electrical and electronic products.",Engineering,"The Engineering Career Area includes occupations involved in the application of science and mathematics to the design, production and maintenance of complex products, including physical structures along with mechanical, chemical, electrical and electronic products.",5.0,Advanced BA roles,False,False,True,Must have completed a Bachelors or Masters degree in Engineering. Gain management experience and/or advanced coursework or Masters degree in Management.,72.0
18171021,Engineering Manager,"An Engineering Manager oversees engineering and technical design of large projects and manages communication and coordination among different types of engineers working on a project. Supervises project schedule, budget, and communications with stakeholders.",Engineering Managers,"The Engineering Managers Occupation Group includes managerial occupations involved in the application of science and mathematics to the design, production and maintenance of complex products, including physical structures along with mechanical, chemical, electrical and electronic products.",Engineering,"The Engineering Career Area includes occupations involved in the application of science and mathematics to the design, production and maintenance of complex products, including physical structures along with mechanical, chemical, electrical and electronic products.",5.0,Advanced BA roles,False,False,True,Must have completed a Bachelors or Masters degree in Engineering. Gain management experience and/or advanced coursework or Masters degree in Management.,72.0
18171025,Engineering Manager,"An Engineering Manager oversees engineering and technical design of large projects and manages communication and coordination among different types of engineers working on a project. Supervises project schedule, budget, and communications with stakeholders.",Engineering Managers,"The Engineering Managers Occupation Group includes managerial occupations involved in the application of science and mathematics to the design, production and maintenance of complex products, including physical structures along with mechanical, chemical, electrical and electronic products.",Engineering,"The Engineering Career Area includes occupations involved in the application of science and mathematics to the design, production and maintenance of complex products, including physical structures along with mechanical, chemical, electrical and electronic products.",5.0,Advanced BA roles,False,False,True,Must have completed a Bachelors or Masters degree in Engineering. Gain management experience and/or advanced coursework or Masters degree in Management.,72.0
18181110,Industrial / Mechanical Engineering Technician,"An Industrial or Mechanical Engineering Technician works with industrial engineers and technologists to develop work processes that are more efficient and cost-effective. Gathers information on machinery and equipment, workflow and work assignments, layout or routing for a production process, and production standards and costs. May conduct time and motion studies with production workers.",Manufacturing Engineering Technicians,"The Manufacturing Engineering Technicians Occupation Group includes technician occupations that form part of a team in a manufacturing, plant or process environment, providing support to manufacturing engineers and technologists.",Engineering,"The Engineering Career Area includes occupations involved in the application of science and mathematics to the design, production and maintenance of complex products, including physical structures along with mechanical, chemical, electrical and electronic products.",3.0,Roles with 2 year specialized degree requirement or a mix of sub-BA and BA requirements,False,False,True,"Gain admission to Associates degree program in Applied Science, Industrial Engineering, Industrial Engineering Technology, or Mechanical Engineering Technology.",24.0
18181210,Manufacturing / Production Technician,"A Manufacturing or Production Technician works with manufacturing equipment and machinery. Performs set up and tests, monitors, adjusts and repairs machines used to produce products or other machines. Inspects equipment, troubleshoots problems with machines or designs.",Manufacturing Engineering Technicians,"The Manufacturing Engineering Technicians Occupation Group includes technician occupations that form part of a team in a manufacturing, plant or process environment, providing support to manufacturing engineers and technologists.",Engineering,"The Engineering Career Area includes occupations involved in the application of science and mathematics to the design, production and maintenance of complex products, including physical structures along with mechanical, chemical, electrical and electronic products.",2.0,Roles with formal training requirements of less than 2 years,False,False,False,,0.0
18181410,Robotics Technician,"A Robotics Technician is responsible for maintenance and repair of robots, welding and repairing broken and run-down parts, and programming logic controllers (PLC). Assists engineers in design and developing applications for them.",Manufacturing Engineering Technicians,"The Manufacturing Engineering Technicians Occupation Group includes technician occupations that form part of a team in a manufacturing, plant or process environment, providing support to manufacturing engineers and technologists.",Engineering,"The Engineering Career Area includes occupations involved in the application of science and mathematics to the design, production and maintenance of complex products, including physical structures along with mechanical, chemical, electrical and electronic products.",3.0,Roles with 2 year specialized degree requirement or a mix of sub-BA and BA requirements,False,False,True,Gain admission to Associates degree program in Electric or Electronical Engineering or Manufacturing Technology.,24.0
18191210,Industrial Engineer,"An Industrial Engineer devises ways to make production processes more efficient and less wasteful. Uses technology and engineering to help companies and organizations produce products with efficient use of time, resources, and energy.",Mechanical and Related Engineers,"The Mechanical and Related Engineers Occupation Group includes occupations that combine engineering physics and mathematics principles with materials science, to design, analyze, manufacture, and maintain mechanical systems.",Engineering,"The Engineering Career Area includes occupations involved in the application of science and mathematics to the design, production and maintenance of complex products, including physical structures along with mechanical, chemical, electrical and electronic products.",5.0,Advanced BA roles,False,False,True,Gain admission to Bachelors degree program in Industrial/Manufacturing Engineering or in Mechanical or Electrical Engineering with a Manufacturing concentration.,48.0
18191215,Industrial Engineer,"An Industrial Engineer devises ways to make production processes more efficient and less wasteful. Uses technology and engineering to help companies and organizations produce products with efficient use of time, resources, and energy.",Mechanical and Related Engineers,"The Mechanical and Related Engineers Occupation Group includes occupations that combine engineering physics and mathematics principles with materials science, to design, analyze, manufacture, and maintain mechanical systems.",Engineering,"The Engineering Career Area includes occupations involved in the application of science and mathematics to the design, production and maintenance of complex products, including physical structures along with mechanical, chemical, electrical and electronic products.",5.0,Advanced BA roles,False,False,True,Gain admission to Bachelors degree program in Industrial/Manufacturing Engineering or in Mechanical or Electrical Engineering with a Manufacturing concentration.,48.0
18191216,Industrial Engineer,"An Industrial Engineer devises ways to make production processes more efficient and less wasteful. Uses technology and engineering to help companies and organizations produce products with efficient use of time, resources, and energy.",Mechanical and Related Engineers,"The Mechanical and Related Engineers Occupation Group includes occupations that combine engineering physics and mathematics principles with materials science, to design, analyze, manufacture, and maintain mechanical systems.",Engineering,"The Engineering Career Area includes occupations involved in the application of science and mathematics to the design, production and maintenance of complex products, including physical structures along with mechanical, chemical, electrical and electronic products.",5.0,Advanced BA roles,False,False,True,Gain admission to Bachelors degree program in Industrial/Manufacturing Engineering or in Mechanical or Electrical Engineering with a Manufacturing concentration.,48.0
18191217,Industrial Engineer,"An Industrial Engineer devises ways to make production processes more efficient and less wasteful. Uses technology and engineering to help companies and organizations produce products with efficient use of time, resources, and energy.",Mechanical and Related Engineers,"The Mechanical and Related Engineers Occupation Group includes occupations that combine engineering physics and mathematics principles with materials science, to design, analyze, manufacture, and maintain mechanical systems.",Engineering,"The Engineering Career Area includes occupations involved in the application of science and mathematics to the design, production and maintenance of complex products, including physical structures along with mechanical, chemical, electrical and electronic products.",5.0,Advanced BA roles,False,False,True,Gain admission to Bachelors degree program in Industrial/Manufacturing Engineering or in Mechanical or Electrical Engineering with a Manufacturing concentration.,48.0
18191316,Manufacturing Engineer,"A Manufacturing Engineer uses technology and engineering to help companies and organizations manufacture products with efficient use of time, resources, and energy.",Mechanical and Related Engineers,"The Mechanical and Related Engineers Occupation Group includes occupations that combine engineering physics and mathematics principles with materials science, to design, analyze, manufacture, and maintain mechanical systems.",Engineering,"The Engineering Career Area includes occupations involved in the application of science and mathematics to the design, production and maintenance of complex products, including physical structures along with mechanical, chemical, electrical and electronic products.",5.0,Advanced BA roles,False,False,True,Gain admission to Bachelors degree program in Industrial/Manufacturing Engineering or in Mechanical or Electrical Engineering with a Manufacturing concentration.,48.0
18191318,Manufacturing Engineer,"A Manufacturing Engineer uses technology and engineering to help companies and organizations manufacture products with efficient use of time, resources, and energy.",Mechanical and Related Engineers,"The Mechanical and Related Engineers Occupation Group includes occupations that combine engineering physics and mathematics principles with materials science, to design, analyze, manufacture, and maintain mechanical systems.",Engineering,"The Engineering Career Area includes occupations involved in the application of science and mathematics to the design, production and maintenance of complex products, including physical structures along with mechanical, chemical, electrical and electronic products.",5.0,Advanced BA roles,False,False,True,Gain admission to Bachelors degree program in Industrial/Manufacturing Engineering or in Mechanical or Electrical Engineering with a Manufacturing concentration.,48.0
18191410,Marine Engineer / Architect,"A Marine Engineer or Architect designs, constructs, tests, and maintains ships and other water-going vessels. May specialize in marine engineering and work on the mechanical systems that propel vehicles. May specialize in marine or naval architecture and focus on the basic structure and design of a ship. May specialize in a particular type of vessel, or a system or process involved in ship design.",Mechanical and Related Engineers,"The Mechanical and Related Engineers Occupation Group includes occupations that combine engineering physics and mathematics principles with materials science, to design, analyze, manufacture, and maintain mechanical systems.",Engineering,"The Engineering Career Area includes occupations involved in the application of science and mathematics to the design, production and maintenance of complex products, including physical structures along with mechanical, chemical, electrical and electronic products.",5.0,Advanced BA roles,False,False,True,Gain admission to Bachelors degree program in Marine Engineering or gain admission to Bachelors degree program in Engineering at US Merchant Marine Academy or state Maritime Academy.,48.0
18191511,Mechanical Engineer,"A Mechanical Engineer researches, designs, develops, constructs, and tests mechanical devices including machines, engines and tools. Works on devices ranging from power generators to household dishwashers to surgical equipment. May specialize in a particular type of machine or tool. May develop new devices or improve existing ones to run more efficiently.",Mechanical and Related Engineers,"The Mechanical and Related Engineers Occupation Group includes occupations that combine engineering physics and mathematics principles with materials science, to design, analyze, manufacture, and maintain mechanical systems.",Engineering,"The Engineering Career Area includes occupations involved in the application of science and mathematics to the design, production and maintenance of complex products, including physical structures along with mechanical, chemical, electrical and electronic products.",5.0,Advanced BA roles,False,False,True,Gain admission to Bachelors degree program in Mechanical Engineering.,48.0
18192110,Facilities Engineer,"A Facilities Engineer supports engineering activities surrounding planning, design, and maintenance in a number of indoor environments; including manufacturing facilities, power stations, hospitals, and offices.",Mechanical and Related Engineers,"The Mechanical and Related Engineers Occupation Group includes occupations that combine engineering physics and mathematics principles with materials science, to design, analyze, manufacture, and maintain mechanical systems.",Engineering,"The Engineering Career Area includes occupations involved in the application of science and mathematics to the design, production and maintenance of complex products, including physical structures along with mechanical, chemical, electrical and electronic products.",5.0,Advanced BA roles,False,False,True,Gain admission to Bachelors degree program in Mechanical Engineering.,48.0
18192111,Facilities Engineer,"A Facilities Engineer supports engineering activities surrounding planning, design, and maintenance in a number of indoor environments; including manufacturing facilities, power stations, hospitals, and offices.",Mechanical and Related Engineers,"The Mechanical and Related Engineers Occupation Group includes occupations that combine engineering physics and mathematics principles with materials science, to design, analyze, manufacture, and maintain mechanical systems.",Engineering,"The Engineering Career Area includes occupations involved in the application of science and mathematics to the design, production and maintenance of complex products, including physical structures along with mechanical, chemical, electrical and electronic products.",5.0,Advanced BA roles,False,False,True,Gain admission to Bachelors degree program in Mechanical Engineering.,48.0
18191515,Mechanical Engineer,"A Mechanical Engineer researches, designs, develops, constructs, and tests mechanical devices including machines, engines and tools. Works on devices ranging from power generators to household dishwashers to surgical equipment. May specialize in a particular type of machine or tool. May develop new devices or improve existing ones to run more efficiently.",Mechanical and Related Engineers,"The Mechanical and Related Engineers Occupation Group includes occupations that combine engineering physics and mathematics principles with materials science, to design, analyze, manufacture, and maintain mechanical systems.",Engineering,"The Engineering Career Area includes occupations involved in the application of science and mathematics to the design, production and maintenance of complex products, including physical structures along with mechanical, chemical, electrical and electronic products.",5.0,Advanced BA roles,False,False,True,Gain admission to Bachelors degree program in Mechanical Engineering.,48.0
18191516,Mechanical Engineer,"A Mechanical Engineer researches, designs, develops, constructs, and tests mechanical devices including machines, engines and tools. Works on devices ranging from power generators to household dishwashers to surgical equipment. May specialize in a particular type of machine or tool. May develop new devices or improve existing ones to run more efficiently.",Mechanical and Related Engineers,"The Mechanical and Related Engineers Occupation Group includes occupations that combine engineering physics and mathematics principles with materials science, to design, analyze, manufacture, and maintain mechanical systems.",Engineering,"The Engineering Career Area includes occupations involved in the application of science and mathematics to the design, production and maintenance of complex products, including physical structures along with mechanical, chemical, electrical and electronic products.",5.0,Advanced BA roles,False,False,True,Gain admission to Bachelors degree program in Mechanical Engineering.,48.0
18191517,Mechanical Engineer,"A Mechanical Engineer researches, designs, develops, constructs, and tests mechanical devices including machines, engines and tools. Works on devices ranging from power generators to household dishwashers to surgical equipment. May specialize in a particular type of machine or tool. May develop new devices or improve existing ones to run more efficiently.",Mechanical and Related Engineers,"The Mechanical and Related Engineers Occupation Group includes occupations that combine engineering physics and mathematics principles with materials science, to design, analyze, manufacture, and maintain mechanical systems.",Engineering,"The Engineering Career Area includes occupations involved in the application of science and mathematics to the design, production and maintenance of complex products, including physical structures along with mechanical, chemical, electrical and electronic products.",5.0,Advanced BA roles,False,False,True,Gain admission to Bachelors degree program in Mechanical Engineering.,48.0
18191520,Mechanical Engineer,"A Mechanical Engineer researches, designs, develops, constructs, and tests mechanical devices including machines, engines and tools. Works on devices ranging from power generators to household dishwashers to surgical equipment. May specialize in a particular type of machine or tool. May develop new devices or improve existing ones to run more efficiently.",Mechanical and Related Engineers,"The Mechanical and Related Engineers Occupation Group includes occupations that combine engineering physics and mathematics principles with materials science, to design, analyze, manufacture, and maintain mechanical systems.",Engineering,"The Engineering Career Area includes occupations involved in the application of science and mathematics to the design, production and maintenance of complex products, including physical structures along with mechanical, chemical, electrical and electronic products.",5.0,Advanced BA roles,False,False,True,Gain admission to Bachelors degree program in Mechanical Engineering.,48.0
18191525,Mechanical Engineer,"A Mechanical Engineer researches, designs, develops, constructs, and tests mechanical devices including machines, engines and tools. Works on devices ranging from power generators to household dishwashers to surgical equipment. May specialize in a particular type of machine or tool. May develop new devices or improve existing ones to run more efficiently.",Mechanical and Related Engineers,"The Mechanical and Related Engineers Occupation Group includes occupations that combine engineering physics and mathematics principles with materials science, to design, analyze, manufacture, and maintain mechanical systems.",Engineering,"The Engineering Career Area includes occupations involved in the application of science and mathematics to the design, production and maintenance of complex products, including physical structures along with mechanical, chemical, electrical and electronic products.",5.0,Advanced BA roles,False,False,True,Gain admission to Bachelors degree program in Mechanical Engineering.,48.0
18191610,Mechatronics Engineer,"A Mechatronics Engineer combines skillsets common to mechanical engineering, electronics, computer engineering, telecommunications engineering, systems engineering and control engineering. Often focuses on projects where physical movability or use case flexibility is prioritized. Designs, tests, studies and inspects complex machines including cars, drones, industrial machinery and even automated submersibles.",Mechanical and Related Engineers,"The Mechanical and Related Engineers Occupation Group includes occupations that combine engineering physics and mathematics principles with materials science, to design, analyze, manufacture, and maintain mechanical systems.",Engineering,"The Engineering Career Area includes occupations involved in the application of science and mathematics to the design, production and maintenance of complex products, including physical structures along with mechanical, chemical, electrical and electronic products.",5.0,Advanced BA roles,False,False,True,"Gain admission to Bachelors degree program in Engineering with a focus on automation (e.g. electrical, mechanical, manufacturing).",48.0
18191710,Optical / Laser Engineer,"An Optical or Laser Engineer researches and develops technology that uses the science of light (optics). Optical technology includes fiber optic cables, which enable high-speed internet connections across long distances, and lasers, which can be used to make very small incisions and measurements. Works closely with scientists and engineers from other fields on advances in technology.",Mechanical and Related Engineers,"The Mechanical and Related Engineers Occupation Group includes occupations that combine engineering physics and mathematics principles with materials science, to design, analyze, manufacture, and maintain mechanical systems.",Engineering,"The Engineering Career Area includes occupations involved in the application of science and mathematics to the design, production and maintenance of complex products, including physical structures along with mechanical, chemical, electrical and electronic products.",6.0,Graduate and professional roles,False,False,True,Gain admission to Bachelors degree program in Optical Engineering,48.0
18191910,Robotics Engineer,"A Robotics Engineer designs robots, maintains them, develops new applications for them, and conducts research to expand the potential of robotics. Utilizes a combination of electrical, mechanical, and software engineering. Common coding languages are C++ and Python.",Mechanical and Related Engineers,"The Mechanical and Related Engineers Occupation Group includes occupations that combine engineering physics and mathematics principles with materials science, to design, analyze, manufacture, and maintain mechanical systems.",Engineering,"The Engineering Career Area includes occupations involved in the application of science and mathematics to the design, production and maintenance of complex products, including physical structures along with mechanical, chemical, electrical and electronic products.",5.0,Advanced BA roles,False,False,True,"Gain admission to Bachelors degree program in Engineering with a focus on robotics and automation (e.g. electrical, manufacturing, or mechanic engineering).",48.0
18192011,Validation Engineer,"A Validation Engineer evaluates and maintains machinery and equipment used in manufacturing, and supervises workers that use and repair the machines.",Mechanical and Related Engineers,"The Mechanical and Related Engineers Occupation Group includes occupations that combine engineering physics and mathematics principles with materials science, to design, analyze, manufacture, and maintain mechanical systems.",Engineering,"The Engineering Career Area includes occupations involved in the application of science and mathematics to the design, production and maintenance of complex products, including physical structures along with mechanical, chemical, electrical and electronic products.",5.0,Advanced BA roles,False,False,True,"Gain admission to a Bachelors degree program in Mechanical, Electrical, Industrial, Biomedical, or Software Engineering.",48.0
18192012,Validation Engineer,"A Validation Engineer evaluates and maintains machinery and equipment used in manufacturing, and supervises workers that use and repair the machines.",Mechanical and Related Engineers,"The Mechanical and Related Engineers Occupation Group includes occupations that combine engineering physics and mathematics principles with materials science, to design, analyze, manufacture, and maintain mechanical systems.",Engineering,"The Engineering Career Area includes occupations involved in the application of science and mathematics to the design, production and maintenance of complex products, including physical structures along with mechanical, chemical, electrical and electronic products.",5.0,Advanced BA roles,False,False,True,"Gain admission to a Bachelors degree program in Mechanical, Electrical, Industrial, Biomedical, or Software Engineering.",48.0
18192015,Validation Engineer,"A Validation Engineer evaluates and maintains machinery and equipment used in manufacturing, and supervises workers that use and repair the machines.",Mechanical and Related Engineers,"The Mechanical and Related Engineers Occupation Group includes occupations that combine engineering physics and mathematics principles with materials science, to design, analyze, manufacture, and maintain mechanical systems.",Engineering,"The Engineering Career Area includes occupations involved in the application of science and mathematics to the design, production and maintenance of complex products, including physical structures along with mechanical, chemical, electrical and electronic products.",5.0,Advanced BA roles,False,False,True,"Gain admission to a Bachelors degree program in Mechanical, Electrical, Industrial, Biomedical, or Software Engineering.",48.0
18192016,Validation Engineer,"A Validation Engineer evaluates and maintains machinery and equipment used in manufacturing, and supervises workers that use and repair the machines.",Mechanical and Related Engineers,"The Mechanical and Related Engineers Occupation Group includes occupations that combine engineering physics and mathematics principles with materials science, to design, analyze, manufacture, and maintain mechanical systems.",Engineering,"The Engineering Career Area includes occupations involved in the application of science and mathematics to the design, production and maintenance of complex products, including physical structures along with mechanical, chemical, electrical and electronic products.",5.0,Advanced BA roles,False,False,True,"Gain admission to a Bachelors degree program in Mechanical, Electrical, Industrial, Biomedical, or Software Engineering.",48.0
19101010,Accountant,"An Accountant organizes and maintains financial records and prepares financial statements for companies and organizations. Works as a public accountant (prepares financial documents where public disclosure is required by law, such as business balance sheets and tax returns), management accountant (prepares financial information for internal use by a company) or government accountant (maintains records for government agencies).",Accounting Professionals,"The Accounting Professionals Occupation Group includes occupations specific to accounting functions such as account analysis, auditing, tax analysis or financial statement analysis.",Finance,"The Finance Career Area includes occupations involved in the management, creation, and study of money and investments. It also includes insurance and financial regulatory occupations.",4.0,Entry level BA roles,True,True,True,Gain admission to Bachelors Degree program in Accounting or in Finance with an accounting concentration. Take an additional 30 hours of coursework to qualify for a Certified Public Accountant license.,48.0
19101011,Accountant,"An Accountant organizes and maintains financial records and prepares financial statements for companies and organizations. Works as a public accountant (prepares financial documents where public disclosure is required by law, such as business balance sheets and tax returns), management accountant (prepares financial information for internal use by a company) or government accountant (maintains records for government agencies).",Accounting Professionals,"The Accounting Professionals Occupation Group includes occupations specific to accounting functions such as account analysis, auditing, tax analysis or financial statement analysis.",Finance,"The Finance Career Area includes occupations involved in the management, creation, and study of money and investments. It also includes insurance and financial regulatory occupations.",4.0,Entry level BA roles,True,True,True,Gain admission to Bachelors Degree program in Accounting or in Finance with an accounting concentration. Take an additional 30 hours of coursework to qualify for a Certified Public Accountant license.,48.0
19101012,Accountant,"An Accountant organizes and maintains financial records and prepares financial statements for companies and organizations. Works as a public accountant (prepares financial documents where public disclosure is required by law, such as business balance sheets and tax returns), management accountant (prepares financial information for internal use by a company) or government accountant (maintains records for government agencies).",Accounting Professionals,"The Accounting Professionals Occupation Group includes occupations specific to accounting functions such as account analysis, auditing, tax analysis or financial statement analysis.",Finance,"The Finance Career Area includes occupations involved in the management, creation, and study of money and investments. It also includes insurance and financial regulatory occupations.",4.0,Entry level BA roles,True,True,True,Gain admission to Bachelors Degree program in Accounting or in Finance with an accounting concentration. Take an additional 30 hours of coursework to qualify for a Certified Public Accountant license.,48.0
19101014,Accountant,"An Accountant organizes and maintains financial records and prepares financial statements for companies and organizations. Works as a public accountant (prepares financial documents where public disclosure is required by law, such as business balance sheets and tax returns), management accountant (prepares financial information for internal use by a company) or government accountant (maintains records for government agencies).",Accounting Professionals,"The Accounting Professionals Occupation Group includes occupations specific to accounting functions such as account analysis, auditing, tax analysis or financial statement analysis.",Finance,"The Finance Career Area includes occupations involved in the management, creation, and study of money and investments. It also includes insurance and financial regulatory occupations.",4.0,Entry level BA roles,True,True,True,Gain admission to Bachelors Degree program in Accounting or in Finance with an accounting concentration. Take an additional 30 hours of coursework to qualify for a Certified Public Accountant license.,48.0
19101015,Accountant,"An Accountant organizes and maintains financial records and prepares financial statements for companies and organizations. Works as a public accountant (prepares financial documents where public disclosure is required by law, such as business balance sheets and tax returns), management accountant (prepares financial information for internal use by a company) or government accountant (maintains records for government agencies).",Accounting Professionals,"The Accounting Professionals Occupation Group includes occupations specific to accounting functions such as account analysis, auditing, tax analysis or financial statement analysis.",Finance,"The Finance Career Area includes occupations involved in the management, creation, and study of money and investments. It also includes insurance and financial regulatory occupations.",4.0,Entry level BA roles,True,True,True,Gain admission to Bachelors Degree program in Accounting or in Finance with an accounting concentration. Take an additional 30 hours of coursework to qualify for a Certified Public Accountant license.,48.0
19101016,Accountant,"An Accountant organizes and maintains financial records and prepares financial statements for companies and organizations. Works as a public accountant (prepares financial documents where public disclosure is required by law, such as business balance sheets and tax returns), management accountant (prepares financial information for internal use by a company) or government accountant (maintains records for government agencies).",Accounting Professionals,"The Accounting Professionals Occupation Group includes occupations specific to accounting functions such as account analysis, auditing, tax analysis or financial statement analysis.",Finance,"The Finance Career Area includes occupations involved in the management, creation, and study of money and investments. It also includes insurance and financial regulatory occupations.",4.0,Entry level BA roles,True,True,True,Gain admission to Bachelors Degree program in Accounting or in Finance with an accounting concentration. Take an additional 30 hours of coursework to qualify for a Certified Public Accountant license.,48.0
19101017,Accountant,"An Accountant organizes and maintains financial records and prepares financial statements for companies and organizations. Works as a public accountant (prepares financial documents where public disclosure is required by law, such as business balance sheets and tax returns), management accountant (prepares financial information for internal use by a company) or government accountant (maintains records for government agencies).",Accounting Professionals,"The Accounting Professionals Occupation Group includes occupations specific to accounting functions such as account analysis, auditing, tax analysis or financial statement analysis.",Finance,"The Finance Career Area includes occupations involved in the management, creation, and study of money and investments. It also includes insurance and financial regulatory occupations.",4.0,Entry level BA roles,True,True,True,Gain admission to Bachelors Degree program in Accounting or in Finance with an accounting concentration. Take an additional 30 hours of coursework to qualify for a Certified Public Accountant license.,48.0
19101018,Accountant,"An Accountant organizes and maintains financial records and prepares financial statements for companies and organizations. Works as a public accountant (prepares financial documents where public disclosure is required by law, such as business balance sheets and tax returns), management accountant (prepares financial information for internal use by a company) or government accountant (maintains records for government agencies).",Accounting Professionals,"The Accounting Professionals Occupation Group includes occupations specific to accounting functions such as account analysis, auditing, tax analysis or financial statement analysis.",Finance,"The Finance Career Area includes occupations involved in the management, creation, and study of money and investments. It also includes insurance and financial regulatory occupations.",4.0,Entry level BA roles,True,True,True,Gain admission to Bachelors Degree program in Accounting or in Finance with an accounting concentration. Take an additional 30 hours of coursework to qualify for a Certified Public Accountant license.,48.0
19101019,Accountant,"An Accountant organizes and maintains financial records and prepares financial statements for companies and organizations. Works as a public accountant (prepares financial documents where public disclosure is required by law, such as business balance sheets and tax returns), management accountant (prepares financial information for internal use by a company) or government accountant (maintains records for government agencies).",Accounting Professionals,"The Accounting Professionals Occupation Group includes occupations specific to accounting functions such as account analysis, auditing, tax analysis or financial statement analysis.",Finance,"The Finance Career Area includes occupations involved in the management, creation, and study of money and investments. It also includes insurance and financial regulatory occupations.",4.0,Entry level BA roles,True,True,True,Gain admission to Bachelors Degree program in Accounting or in Finance with an accounting concentration. Take an additional 30 hours of coursework to qualify for a Certified Public Accountant license.,48.0
19101021,Accountant,"An Accountant organizes and maintains financial records and prepares financial statements for companies and organizations. Works as a public accountant (prepares financial documents where public disclosure is required by law, such as business balance sheets and tax returns), management accountant (prepares financial information for internal use by a company) or government accountant (maintains records for government agencies).",Accounting Professionals,"The Accounting Professionals Occupation Group includes occupations specific to accounting functions such as account analysis, auditing, tax analysis or financial statement analysis.",Finance,"The Finance Career Area includes occupations involved in the management, creation, and study of money and investments. It also includes insurance and financial regulatory occupations.",4.0,Entry level BA roles,True,True,True,Gain admission to Bachelors Degree program in Accounting or in Finance with an accounting concentration. Take an additional 30 hours of coursework to qualify for a Certified Public Accountant license.,48.0
19101022,Accountant,"An Accountant organizes and maintains financial records and prepares financial statements for companies and organizations. Works as a public accountant (prepares financial documents where public disclosure is required by law, such as business balance sheets and tax returns), management accountant (prepares financial information for internal use by a company) or government accountant (maintains records for government agencies).",Accounting Professionals,"The Accounting Professionals Occupation Group includes occupations specific to accounting functions such as account analysis, auditing, tax analysis or financial statement analysis.",Finance,"The Finance Career Area includes occupations involved in the management, creation, and study of money and investments. It also includes insurance and financial regulatory occupations.",4.0,Entry level BA roles,True,True,True,Gain admission to Bachelors Degree program in Accounting or in Finance with an accounting concentration. Take an additional 30 hours of coursework to qualify for a Certified Public Accountant license.,48.0
19101210,Accounts Payable / Receivable Manager,An Accounts Payable or Receivable Manager manages accounting staff with specific responsibility for maintaining records of accounts payable (company expenses or bills to be paid) and accounts receivable (outstanding invoices or amounts owed to a company). Uses specialized accounting software to create account databases and financial reports.,Accounting Professionals,"The Accounting Professionals Occupation Group includes occupations specific to accounting functions such as account analysis, auditing, tax analysis or financial statement analysis.",Finance,"The Finance Career Area includes occupations involved in the management, creation, and study of money and investments. It also includes insurance and financial regulatory occupations.",3.0,Roles with 2 year specialized degree requirement or a mix of sub-BA and BA requirements,False,False,False,,0.0
19101310,Auditor,"An Auditor examines records to determine the financial status of a company or organization. Inspects accounts and account books, prepares reports on the accuracy of internal financial records and accounting procedures.",Accounting Professionals,"The Accounting Professionals Occupation Group includes occupations specific to accounting functions such as account analysis, auditing, tax analysis or financial statement analysis.",Finance,"The Finance Career Area includes occupations involved in the management, creation, and study of money and investments. It also includes insurance and financial regulatory occupations.",5.0,Advanced BA roles,False,False,False,,0.0
19101311,Auditor,"An Auditor examines records to determine the financial status of a company or organization. Inspects accounts and account books, prepares reports on the accuracy of internal financial records and accounting procedures.",Accounting Professionals,"The Accounting Professionals Occupation Group includes occupations specific to accounting functions such as account analysis, auditing, tax analysis or financial statement analysis.",Finance,"The Finance Career Area includes occupations involved in the management, creation, and study of money and investments. It also includes insurance and financial regulatory occupations.",5.0,Advanced BA roles,False,False,False,,0.0
19101312,Auditor,"An Auditor examines records to determine the financial status of a company or organization. Inspects accounts and account books, prepares reports on the accuracy of internal financial records and accounting procedures.",Accounting Professionals,"The Accounting Professionals Occupation Group includes occupations specific to accounting functions such as account analysis, auditing, tax analysis or financial statement analysis.",Finance,"The Finance Career Area includes occupations involved in the management, creation, and study of money and investments. It also includes insurance and financial regulatory occupations.",5.0,Advanced BA roles,False,False,False,,0.0
19101313,Auditor,"An Auditor examines records to determine the financial status of a company or organization. Inspects accounts and account books, prepares reports on the accuracy of internal financial records and accounting procedures.",Accounting Professionals,"The Accounting Professionals Occupation Group includes occupations specific to accounting functions such as account analysis, auditing, tax analysis or financial statement analysis.",Finance,"The Finance Career Area includes occupations involved in the management, creation, and study of money and investments. It also includes insurance and financial regulatory occupations.",5.0,Advanced BA roles,False,False,False,,0.0
19101314,Auditor,"An Auditor examines records to determine the financial status of a company or organization. Inspects accounts and account books, prepares reports on the accuracy of internal financial records and accounting procedures.",Accounting Professionals,"The Accounting Professionals Occupation Group includes occupations specific to accounting functions such as account analysis, auditing, tax analysis or financial statement analysis.",Finance,"The Finance Career Area includes occupations involved in the management, creation, and study of money and investments. It also includes insurance and financial regulatory occupations.",5.0,Advanced BA roles,False,False,False,,0.0
19101410,Payroll Manager,"A Payroll Manager manages payroll department operations and staff at a company or organization. Ensures that employee wages, salaries, benefits and deductions are calculated correctly, and that paychecks are distributed on time. Coordinates with human resources staff with regard to staff promotions and pay grades.",Accounting Professionals,"The Accounting Professionals Occupation Group includes occupations specific to accounting functions such as account analysis, auditing, tax analysis or financial statement analysis.",Finance,"The Finance Career Area includes occupations involved in the management, creation, and study of money and investments. It also includes insurance and financial regulatory occupations.",5.0,Advanced BA roles,False,False,False,,0.0
19101510,Tax Analyst / Specialist,"A Tax Analyst or Specialist specializes in reviewing tax liability and tax practices for a company. Maintains current knowledge of federal, state and local tax laws and codes; assists with company tax filings, monitors compliance with tax codes and identifies opportunities for tax savings.",Accounting Professionals,"The Accounting Professionals Occupation Group includes occupations specific to accounting functions such as account analysis, auditing, tax analysis or financial statement analysis.",Finance,"The Finance Career Area includes occupations involved in the management, creation, and study of money and investments. It also includes insurance and financial regulatory occupations.",4.0,Entry level BA roles,True,True,True,Gain admission to Bachelors Degree program in Accounting or Finance that includes a tax concentration. Take an additional 3 hours of coursework to qualify for a Certified Public Accountant license.,48.0
19101511,Tax Analyst / Specialist,"A Tax Analyst or Specialist specializes in reviewing tax liability and tax practices for a company. Maintains current knowledge of federal, state and local tax laws and codes; assists with company tax filings, monitors compliance with tax codes and identifies opportunities for tax savings.",Accounting Professionals,"The Accounting Professionals Occupation Group includes occupations specific to accounting functions such as account analysis, auditing, tax analysis or financial statement analysis.",Finance,"The Finance Career Area includes occupations involved in the management, creation, and study of money and investments. It also includes insurance and financial regulatory occupations.",4.0,Entry level BA roles,True,True,True,Gain admission to Bachelors Degree program in Accounting or Finance that includes a tax concentration. Take an additional 3 hours of coursework to qualify for a Certified Public Accountant license.,48.0
19101512,Tax Analyst / Specialist,"A Tax Analyst or Specialist specializes in reviewing tax liability and tax practices for a company. Maintains current knowledge of federal, state and local tax laws and codes; assists with company tax filings, monitors compliance with tax codes and identifies opportunities for tax savings.",Accounting Professionals,"The Accounting Professionals Occupation Group includes occupations specific to accounting functions such as account analysis, auditing, tax analysis or financial statement analysis.",Finance,"The Finance Career Area includes occupations involved in the management, creation, and study of money and investments. It also includes insurance and financial regulatory occupations.",4.0,Entry level BA roles,True,True,True,Gain admission to Bachelors Degree program in Accounting or Finance that includes a tax concentration. Take an additional 3 hours of coursework to qualify for a Certified Public Accountant license.,48.0
19101610,Tax Manager,"A Tax Manager manages tax reporting and advises on tax planning for a company. Maintains current knowledge of federal, state and local tax codes and ensure that company tax filings are in compliance with the law. Manages tax accounting staff.",Accounting Professionals,"The Accounting Professionals Occupation Group includes occupations specific to accounting functions such as account analysis, auditing, tax analysis or financial statement analysis.",Finance,"The Finance Career Area includes occupations involved in the management, creation, and study of money and investments. It also includes insurance and financial regulatory occupations.",6.0,Graduate and professional roles,True,True,True,Gain admission to Bachelors Degree program in Accounting or Finance that includes a tax concentration. Take an additional 3 hours of coursework to qualify for a Certified Public Accountant license.,48.0
19101611,Tax Manager,"A Tax Manager manages tax reporting and advises on tax planning for a company. Maintains current knowledge of federal, state and local tax codes and ensure that company tax filings are in compliance with the law. Manages tax accounting staff.",Accounting Professionals,"The Accounting Professionals Occupation Group includes occupations specific to accounting functions such as account analysis, auditing, tax analysis or financial statement analysis.",Finance,"The Finance Career Area includes occupations involved in the management, creation, and study of money and investments. It also includes insurance and financial regulatory occupations.",6.0,Graduate and professional roles,True,True,True,Gain admission to Bachelors Degree program in Accounting or Finance that includes a tax concentration. Take an additional 3 hours of coursework to qualify for a Certified Public Accountant license.,48.0
19111010,Bookkeeper / Accounting Clerk,A Bookkeeper or Accounting Clerk keeps records of accounts and financial transactions. Works for a business or provides bookkeeping services for several smaller organizations or individuals. Provides information for financial and tax reports completed by an accountant.,Accounting Support,"The Accounting Support Occupation Group includes occupations specific to accounting support functions such as bookkeeping, collection of accounts receivable, payroll preparation and analysis.",Finance,"The Finance Career Area includes occupations involved in the management, creation, and study of money and investments. It also includes insurance and financial regulatory occupations.",3.0,Roles with 2 year specialized degree requirement or a mix of sub-BA and BA requirements,False,False,False,,0.0
19111011,Bookkeeper / Accounting Clerk,A Bookkeeper or Accounting Clerk keeps records of accounts and financial transactions. Works for a business or provides bookkeeping services for several smaller organizations or individuals. Provides information for financial and tax reports completed by an accountant.,Accounting Support,"The Accounting Support Occupation Group includes occupations specific to accounting support functions such as bookkeeping, collection of accounts receivable, payroll preparation and analysis.",Finance,"The Finance Career Area includes occupations involved in the management, creation, and study of money and investments. It also includes insurance and financial regulatory occupations.",3.0,Roles with 2 year specialized degree requirement or a mix of sub-BA and BA requirements,False,False,False,,0.0
19111012,Bookkeeper / Accounting Clerk,A Bookkeeper or Accounting Clerk keeps records of accounts and financial transactions. Works for a business or provides bookkeeping services for several smaller organizations or individuals. Provides information for financial and tax reports completed by an accountant.,Accounting Support,"The Accounting Support Occupation Group includes occupations specific to accounting support functions such as bookkeeping, collection of accounts receivable, payroll preparation and analysis.",Finance,"The Finance Career Area includes occupations involved in the management, creation, and study of money and investments. It also includes insurance and financial regulatory occupations.",3.0,Roles with 2 year specialized degree requirement or a mix of sub-BA and BA requirements,False,False,False,,0.0
19111110,Night Auditor,A Night Auditor provides accounting of financial transactions for a hotel or hotel departments at the end of a business day. Reviews records of payments made during the day; prepares guest charges for the day ahead. Manages hotel activities and provides service to customers as needed during the night.,Accounting Support,"The Accounting Support Occupation Group includes occupations specific to accounting support functions such as bookkeeping, collection of accounts receivable, payroll preparation and analysis.",Finance,"The Finance Career Area includes occupations involved in the management, creation, and study of money and investments. It also includes insurance and financial regulatory occupations.",2.0,Roles with formal training requirements of less than 2 years,False,False,False,,0.0
19111210,Payroll Specialist,"A Payroll Specialist manages the financial and accounting work involved in processing payroll for a company or organization. Manages employee benefits programs and payroll deductions, or assists with evaluating compensation levels for different job categories and titles.",Accounting Support,"The Accounting Support Occupation Group includes occupations specific to accounting support functions such as bookkeeping, collection of accounts receivable, payroll preparation and analysis.",Finance,"The Finance Career Area includes occupations involved in the management, creation, and study of money and investments. It also includes insurance and financial regulatory occupations.",3.0,Roles with 2 year specialized degree requirement or a mix of sub-BA and BA requirements,False,False,False,,0.0
19111211,Payroll Specialist,"A Payroll Specialist manages the financial and accounting work involved in processing payroll for a company or organization. Manages employee benefits programs and payroll deductions, or assists with evaluating compensation levels for different job categories and titles.",Accounting Support,"The Accounting Support Occupation Group includes occupations specific to accounting support functions such as bookkeeping, collection of accounts receivable, payroll preparation and analysis.",Finance,"The Finance Career Area includes occupations involved in the management, creation, and study of money and investments. It also includes insurance and financial regulatory occupations.",3.0,Roles with 2 year specialized degree requirement or a mix of sub-BA and BA requirements,False,False,False,,0.0
19111212,Payroll Specialist,"A Payroll Specialist manages the financial and accounting work involved in processing payroll for a company or organization. Manages employee benefits programs and payroll deductions, or assists with evaluating compensation levels for different job categories and titles.",Accounting Support,"The Accounting Support Occupation Group includes occupations specific to accounting support functions such as bookkeeping, collection of accounts receivable, payroll preparation and analysis.",Finance,"The Finance Career Area includes occupations involved in the management, creation, and study of money and investments. It also includes insurance and financial regulatory occupations.",3.0,Roles with 2 year specialized degree requirement or a mix of sub-BA and BA requirements,False,False,False,,0.0
19111213,Payroll Specialist,"A Payroll Specialist manages the financial and accounting work involved in processing payroll for a company or organization. Manages employee benefits programs and payroll deductions, or assists with evaluating compensation levels for different job categories and titles.",Accounting Support,"The Accounting Support Occupation Group includes occupations specific to accounting support functions such as bookkeeping, collection of accounts receivable, payroll preparation and analysis.",Finance,"The Finance Career Area includes occupations involved in the management, creation, and study of money and investments. It also includes insurance and financial regulatory occupations.",3.0,Roles with 2 year specialized degree requirement or a mix of sub-BA and BA requirements,False,False,False,,0.0
19111310,Tax Preparer,"A Tax Preparer prepares tax returns for individuals or small businesses, with certification as required by the Internal Revenue Service. Provides knowledge and experience with tax law, accounting and software.",Accounting Support,"The Accounting Support Occupation Group includes occupations specific to accounting support functions such as bookkeeping, collection of accounts receivable, payroll preparation and analysis.",Finance,"The Finance Career Area includes occupations involved in the management, creation, and study of money and investments. It also includes insurance and financial regulatory occupations.",2.0,Roles with formal training requirements of less than 2 years,False,False,False,,0.0
19121011,Banking Branch Manager,"A Banking Branch Manager manages operations and business at a bank branch office, or at the local office of a financial institution such as a brokerage or investment firm. Supervises branch staff, monitors customer accounts, loans or investment activities and security at the branch. Maintains communication with other branch managers and central or executive management. May direct local marketing promotions or participate in community events.",Banking and Lending,The Banking and Lending Occupation Group includes occupations specific to banks - financial institutions that accept deposits and savings from the public and are involved in lending activities (either directly performed by the bank or indirectly through capital markets).,Finance,"The Finance Career Area includes occupations involved in the management, creation, and study of money and investments. It also includes insurance and financial regulatory occupations.",3.0,Roles with 2 year specialized degree requirement or a mix of sub-BA and BA requirements,False,False,False,,0.0
19121110,Credit / Loan Counselor,"A Credit or Loan Counselor advises and educates individuals or organizations on acquiring and managing debt or qualifying for traditional loans. Guidance may include determining the best type of loan and explaining loan requirements or restrictions. May help develop debt management or credit issue plans. Can provide budget, mortgage or bankruptcy counseling.",Banking and Lending,The Banking and Lending Occupation Group includes occupations specific to banks - financial institutions that accept deposits and savings from the public and are involved in lending activities (either directly performed by the bank or indirectly through capital markets).,Finance,"The Finance Career Area includes occupations involved in the management, creation, and study of money and investments. It also includes insurance and financial regulatory occupations.",3.0,Roles with 2 year specialized degree requirement or a mix of sub-BA and BA requirements,False,False,False,,0.0
19121210,Credit Checker / Clerk,"A Credit Checker or Clerk reviews the credit history of individuals or businesses that apply for credit. Requests information from credit companies, analyzes computerized records and payment histories, and determines whether new credit can be approved.",Banking and Lending,The Banking and Lending Occupation Group includes occupations specific to banks - financial institutions that accept deposits and savings from the public and are involved in lending activities (either directly performed by the bank or indirectly through capital markets).,Finance,"The Finance Career Area includes occupations involved in the management, creation, and study of money and investments. It also includes insurance and financial regulatory occupations.",3.0,Roles with 2 year specialized degree requirement or a mix of sub-BA and BA requirements,False,False,False,,0.0
19121411,Loan Officer,"A Loan Officer assists customers who apply for loans, and solicits loan applications on behalf of a bank, mortgage broker or other lender. Markets products and provides information on types of loans available, gathers financial and credit information needed to evaluate loan applications; guides the application and approval process. May specialize in loans to businesses or individuals, or in loans to buy real estate.",Banking and Lending,The Banking and Lending Occupation Group includes occupations specific to banks - financial institutions that accept deposits and savings from the public and are involved in lending activities (either directly performed by the bank or indirectly through capital markets).,Finance,"The Finance Career Area includes occupations involved in the management, creation, and study of money and investments. It also includes insurance and financial regulatory occupations.",3.0,Roles with 2 year specialized degree requirement or a mix of sub-BA and BA requirements,False,False,False,,0.0
19121412,Loan Officer,"A Loan Officer assists customers who apply for loans, and solicits loan applications on behalf of a bank, mortgage broker or other lender. Markets products and provides information on types of loans available, gathers financial and credit information needed to evaluate loan applications; guides the application and approval process. May specialize in loans to businesses or individuals, or in loans to buy real estate.",Banking and Lending,The Banking and Lending Occupation Group includes occupations specific to banks - financial institutions that accept deposits and savings from the public and are involved in lending activities (either directly performed by the bank or indirectly through capital markets).,Finance,"The Finance Career Area includes occupations involved in the management, creation, and study of money and investments. It also includes insurance and financial regulatory occupations.",3.0,Roles with 2 year specialized degree requirement or a mix of sub-BA and BA requirements,False,False,False,,0.0
19121413,Loan Officer,"A Loan Officer assists customers who apply for loans, and solicits loan applications on behalf of a bank, mortgage broker or other lender. Markets products and provides information on types of loans available, gathers financial and credit information needed to evaluate loan applications; guides the application and approval process. May specialize in loans to businesses or individuals, or in loans to buy real estate.",Banking and Lending,The Banking and Lending Occupation Group includes occupations specific to banks - financial institutions that accept deposits and savings from the public and are involved in lending activities (either directly performed by the bank or indirectly through capital markets).,Finance,"The Finance Career Area includes occupations involved in the management, creation, and study of money and investments. It also includes insurance and financial regulatory occupations.",3.0,Roles with 2 year specialized degree requirement or a mix of sub-BA and BA requirements,False,False,False,,0.0
19121414,Loan Officer,"A Loan Officer assists customers who apply for loans, and solicits loan applications on behalf of a bank, mortgage broker or other lender. Markets products and provides information on types of loans available, gathers financial and credit information needed to evaluate loan applications; guides the application and approval process. May specialize in loans to businesses or individuals, or in loans to buy real estate.",Banking and Lending,The Banking and Lending Occupation Group includes occupations specific to banks - financial institutions that accept deposits and savings from the public and are involved in lending activities (either directly performed by the bank or indirectly through capital markets).,Finance,"The Finance Career Area includes occupations involved in the management, creation, and study of money and investments. It also includes insurance and financial regulatory occupations.",3.0,Roles with 2 year specialized degree requirement or a mix of sub-BA and BA requirements,False,False,False,,0.0
19121416,Loan Officer,"A Loan Officer assists customers who apply for loans, and solicits loan applications on behalf of a bank, mortgage broker or other lender. Markets products and provides information on types of loans available, gathers financial and credit information needed to evaluate loan applications; guides the application and approval process. May specialize in loans to businesses or individuals, or in loans to buy real estate.",Banking and Lending,The Banking and Lending Occupation Group includes occupations specific to banks - financial institutions that accept deposits and savings from the public and are involved in lending activities (either directly performed by the bank or indirectly through capital markets).,Finance,"The Finance Career Area includes occupations involved in the management, creation, and study of money and investments. It also includes insurance and financial regulatory occupations.",3.0,Roles with 2 year specialized degree requirement or a mix of sub-BA and BA requirements,False,False,False,,0.0
19121510,Loan Processor / Assistant,"A Loan Processor or Assistant processes applications for bank loans including mortgage or commercial loans. Assists customers with the application process, organizes and reviews credit information or business financial reports, and puts together materials needed for loan underwriters to evaluate an application.",Banking and Lending,The Banking and Lending Occupation Group includes occupations specific to banks - financial institutions that accept deposits and savings from the public and are involved in lending activities (either directly performed by the bank or indirectly through capital markets).,Finance,"The Finance Career Area includes occupations involved in the management, creation, and study of money and investments. It also includes insurance and financial regulatory occupations.",2.0,Roles with formal training requirements of less than 2 years,False,False,False,,0.0
19121511,Loan Processor / Assistant,"A Loan Processor or Assistant processes applications for bank loans including mortgage or commercial loans. Assists customers with the application process, organizes and reviews credit information or business financial reports, and puts together materials needed for loan underwriters to evaluate an application.",Banking and Lending,The Banking and Lending Occupation Group includes occupations specific to banks - financial institutions that accept deposits and savings from the public and are involved in lending activities (either directly performed by the bank or indirectly through capital markets).,Finance,"The Finance Career Area includes occupations involved in the management, creation, and study of money and investments. It also includes insurance and financial regulatory occupations.",2.0,Roles with formal training requirements of less than 2 years,False,False,False,,0.0
19121710,Teller,"A Teller makes deposits, gives out withdrawals and assists with other transactions for account holders who come in to a bank.",Banking and Lending,The Banking and Lending Occupation Group includes occupations specific to banks - financial institutions that accept deposits and savings from the public and are involved in lending activities (either directly performed by the bank or indirectly through capital markets).,Finance,"The Finance Career Area includes occupations involved in the management, creation, and study of money and investments. It also includes insurance and financial regulatory occupations.",1.0,Roles with minimal training requirements,False,False,False,,0.0
19121711,Teller,"A Teller makes deposits, gives out withdrawals and assists with other transactions for account holders who come in to a bank.",Banking and Lending,The Banking and Lending Occupation Group includes occupations specific to banks - financial institutions that accept deposits and savings from the public and are involved in lending activities (either directly performed by the bank or indirectly through capital markets).,Finance,"The Finance Career Area includes occupations involved in the management, creation, and study of money and investments. It also includes insurance and financial regulatory occupations.",1.0,Roles with minimal training requirements,False,False,False,,0.0
19131110,Credit Analyst / Authorizer,"A Credit Analyst or Authorizer reviews credit history and researches other records to determine if loans should be approved or credit extended to individuals or businesses. Prepares reports for banks, credit agencies and credit card companies.",Financial Analysis,"The Financial Analysis Occupation Group includes all occupations specific to analysis of investments, budgets, credit, pricing and risk - It also includes insurance underwriters.",Finance,"The Finance Career Area includes occupations involved in the management, creation, and study of money and investments. It also includes insurance and financial regulatory occupations.",4.0,Entry level BA roles,False,False,False,,0.0
19131111,Credit Analyst / Authorizer,"A Credit Analyst or Authorizer reviews credit history and researches other records to determine if loans should be approved or credit extended to individuals or businesses. Prepares reports for banks, credit agencies and credit card companies.",Financial Analysis,"The Financial Analysis Occupation Group includes all occupations specific to analysis of investments, budgets, credit, pricing and risk - It also includes insurance underwriters.",Finance,"The Finance Career Area includes occupations involved in the management, creation, and study of money and investments. It also includes insurance and financial regulatory occupations.",4.0,Entry level BA roles,False,False,False,,0.0
19131112,Credit Analyst / Authorizer,"A Credit Analyst or Authorizer reviews credit history and researches other records to determine if loans should be approved or credit extended to individuals or businesses. Prepares reports for banks, credit agencies and credit card companies.",Financial Analysis,"The Financial Analysis Occupation Group includes all occupations specific to analysis of investments, budgets, credit, pricing and risk - It also includes insurance underwriters.",Finance,"The Finance Career Area includes occupations involved in the management, creation, and study of money and investments. It also includes insurance and financial regulatory occupations.",4.0,Entry level BA roles,False,False,False,,0.0
19131211,Financial Analyst,"A Financial Analyst evaluates investment opportunities and makes recommendations to individuals and businesses. Analyzes the performance of different types of investments, studies business and economic trends and analyzes data to project company earnings",Financial Analysis,"The Financial Analysis Occupation Group includes all occupations specific to analysis of investments, budgets, credit, pricing and risk - It also includes insurance underwriters.",Finance,"The Finance Career Area includes occupations involved in the management, creation, and study of money and investments. It also includes insurance and financial regulatory occupations.",4.0,Entry level BA roles,False,False,False,,0.0
19131212,Financial Analyst,"A Financial Analyst evaluates investment opportunities and makes recommendations to individuals and businesses. Analyzes the performance of different types of investments, studies business and economic trends and analyzes data to project company earnings",Financial Analysis,"The Financial Analysis Occupation Group includes all occupations specific to analysis of investments, budgets, credit, pricing and risk - It also includes insurance underwriters.",Finance,"The Finance Career Area includes occupations involved in the management, creation, and study of money and investments. It also includes insurance and financial regulatory occupations.",4.0,Entry level BA roles,False,False,False,,0.0
19131213,Financial Analyst,"A Financial Analyst evaluates investment opportunities and makes recommendations to individuals and businesses. Analyzes the performance of different types of investments, studies business and economic trends and analyzes data to project company earnings",Financial Analysis,"The Financial Analysis Occupation Group includes all occupations specific to analysis of investments, budgets, credit, pricing and risk - It also includes insurance underwriters.",Finance,"The Finance Career Area includes occupations involved in the management, creation, and study of money and investments. It also includes insurance and financial regulatory occupations.",4.0,Entry level BA roles,False,False,False,,0.0
19131511,Insurance Underwriter,"An Insurance Underwriter evaluates and measures risk and advises businesses in insurance, banking and securities. Recommends customers to be approved for insurance coverage and develops policies and premium levels. Reviews loan applications, evaluates credit-worthiness of loan applicants, and analyzes the investment risk of a loan for the bank. Evaluates risk in different types of securities and advises clients on investments that will yield highest profits.",Financial Analysis,"The Financial Analysis Occupation Group includes all occupations specific to analysis of investments, budgets, credit, pricing and risk - It also includes insurance underwriters.",Finance,"The Finance Career Area includes occupations involved in the management, creation, and study of money and investments. It also includes insurance and financial regulatory occupations.",5.0,Advanced BA roles,False,False,False,,0.0
19131515,Insurance Underwriter,"An Insurance Underwriter evaluates and measures risk and advises businesses in insurance, banking and securities. Recommends customers to be approved for insurance coverage and develops policies and premium levels. Reviews loan applications, evaluates credit-worthiness of loan applicants, and analyzes the investment risk of a loan for the bank. Evaluates risk in different types of securities and advises clients on investments that will yield highest profits.",Financial Analysis,"The Financial Analysis Occupation Group includes all occupations specific to analysis of investments, budgets, credit, pricing and risk - It also includes insurance underwriters.",Finance,"The Finance Career Area includes occupations involved in the management, creation, and study of money and investments. It also includes insurance and financial regulatory occupations.",5.0,Advanced BA roles,False,False,False,,0.0
19131610,Pricing Analyst,"A Pricing Analyst researches and recommends prices for company products or services. Analyzes company costs, industry pricing trends and prices at competitor companies. Develops strategies for pricing to improve sales.",Financial Analysis,"The Financial Analysis Occupation Group includes all occupations specific to analysis of investments, budgets, credit, pricing and risk - It also includes insurance underwriters.",Finance,"The Finance Career Area includes occupations involved in the management, creation, and study of money and investments. It also includes insurance and financial regulatory occupations.",4.0,Entry level BA roles,False,False,False,,0.0
19131611,Pricing Analyst,"A Pricing Analyst researches and recommends prices for company products or services. Analyzes company costs, industry pricing trends and prices at competitor companies. Develops strategies for pricing to improve sales.",Financial Analysis,"The Financial Analysis Occupation Group includes all occupations specific to analysis of investments, budgets, credit, pricing and risk - It also includes insurance underwriters.",Finance,"The Finance Career Area includes occupations involved in the management, creation, and study of money and investments. It also includes insurance and financial regulatory occupations.",4.0,Entry level BA roles,False,False,False,,0.0
19131911,Risk Manager,A Risk Manager evaluates risk and recommends and manages strategies to mitigate or offset risks that could result in financial losses for a company or organization. Analyzes current risks and assesses potential new risks. Reviews contracts and insurance policies; prepares risk budgets. Communicates risk policies and procedures to staff at all levels of a company.,Financial Analysis,"The Financial Analysis Occupation Group includes all occupations specific to analysis of investments, budgets, credit, pricing and risk - It also includes insurance underwriters.",Finance,"The Finance Career Area includes occupations involved in the management, creation, and study of money and investments. It also includes insurance and financial regulatory occupations.",5.0,Advanced BA roles,False,False,False,,0.0
19131713,Risk Analyst,A Risk Analyst evaluates risk and recommends or implements strategies to mitigate or offset risks that could result in financial losses for a company or organization. Analyzes or manages risk in investments or business operations and finance; may analyze credit risks or regulatory risks.,Financial Analysis,"The Financial Analysis Occupation Group includes all occupations specific to analysis of investments, budgets, credit, pricing and risk - It also includes insurance underwriters.",Finance,"The Finance Career Area includes occupations involved in the management, creation, and study of money and investments. It also includes insurance and financial regulatory occupations.",5.0,Advanced BA roles,False,False,False,,0.0
19131910,Risk Manager,A Risk Manager evaluates risk and recommends and manages strategies to mitigate or offset risks that could result in financial losses for a company or organization. Analyzes current risks and assesses potential new risks. Reviews contracts and insurance policies; prepares risk budgets. Communicates risk policies and procedures to staff at all levels of a company.,Financial Analysis,"The Financial Analysis Occupation Group includes all occupations specific to analysis of investments, budgets, credit, pricing and risk - It also includes insurance underwriters.",Finance,"The Finance Career Area includes occupations involved in the management, creation, and study of money and investments. It also includes insurance and financial regulatory occupations.",5.0,Advanced BA roles,False,False,False,,0.0
19141010,Chief Financial Officer,"A Chief Financial Officer (CFO) is officer of a company that has primary responsibility for managing the company's finances, including financial planning, management of financial risks, record-keeping, and financial reporting.",Financial Managers,"The Financial Managers Occupation Group includes managerial occupations in finance, such as chief financial officers, treasurers, financial controllers, and financial reporting managers.",Finance,"The Finance Career Area includes occupations involved in the management, creation, and study of money and investments. It also includes insurance and financial regulatory occupations.",6.0,Graduate and professional roles,False,False,False,,0.0
19141110,Financial Manager,A Financial Manager directs and plans the financial activities of a company or organization. Prepares financial statements and business activity and forecasting reports; supervises accounting and preparation of financial reports; advises management with regard to finance decisions.,Financial Managers,"The Financial Managers Occupation Group includes managerial occupations in finance, such as chief financial officers, treasurers, financial controllers, and financial reporting managers.",Finance,"The Finance Career Area includes occupations involved in the management, creation, and study of money and investments. It also includes insurance and financial regulatory occupations.",5.0,Advanced BA roles,False,False,False,,0.0
19141111,Financial Manager,A Financial Manager directs and plans the financial activities of a company or organization. Prepares financial statements and business activity and forecasting reports; supervises accounting and preparation of financial reports; advises management with regard to finance decisions.,Financial Managers,"The Financial Managers Occupation Group includes managerial occupations in finance, such as chief financial officers, treasurers, financial controllers, and financial reporting managers.",Finance,"The Finance Career Area includes occupations involved in the management, creation, and study of money and investments. It also includes insurance and financial regulatory occupations.",5.0,Advanced BA roles,False,False,False,,0.0
19141112,Financial Manager,A Financial Manager directs and plans the financial activities of a company or organization. Prepares financial statements and business activity and forecasting reports; supervises accounting and preparation of financial reports; advises management with regard to finance decisions.,Financial Managers,"The Financial Managers Occupation Group includes managerial occupations in finance, such as chief financial officers, treasurers, financial controllers, and financial reporting managers.",Finance,"The Finance Career Area includes occupations involved in the management, creation, and study of money and investments. It also includes insurance and financial regulatory occupations.",5.0,Advanced BA roles,False,False,False,,0.0
19141113,Financial Manager,A Financial Manager directs and plans the financial activities of a company or organization. Prepares financial statements and business activity and forecasting reports; supervises accounting and preparation of financial reports; advises management with regard to finance decisions.,Financial Managers,"The Financial Managers Occupation Group includes managerial occupations in finance, such as chief financial officers, treasurers, financial controllers, and financial reporting managers.",Finance,"The Finance Career Area includes occupations involved in the management, creation, and study of money and investments. It also includes insurance and financial regulatory occupations.",5.0,Advanced BA roles,False,False,False,,0.0
19141114,Financial Manager,A Financial Manager directs and plans the financial activities of a company or organization. Prepares financial statements and business activity and forecasting reports; supervises accounting and preparation of financial reports; advises management with regard to finance decisions.,Financial Managers,"The Financial Managers Occupation Group includes managerial occupations in finance, such as chief financial officers, treasurers, financial controllers, and financial reporting managers.",Finance,"The Finance Career Area includes occupations involved in the management, creation, and study of money and investments. It also includes insurance and financial regulatory occupations.",5.0,Advanced BA roles,False,False,False,,0.0
19141115,Financial Manager,A Financial Manager directs and plans the financial activities of a company or organization. Prepares financial statements and business activity and forecasting reports; supervises accounting and preparation of financial reports; advises management with regard to finance decisions.,Financial Managers,"The Financial Managers Occupation Group includes managerial occupations in finance, such as chief financial officers, treasurers, financial controllers, and financial reporting managers.",Finance,"The Finance Career Area includes occupations involved in the management, creation, and study of money and investments. It also includes insurance and financial regulatory occupations.",5.0,Advanced BA roles,False,False,False,,0.0
19141118,Financial Manager,A Financial Manager directs and plans the financial activities of a company or organization. Prepares financial statements and business activity and forecasting reports; supervises accounting and preparation of financial reports; advises management with regard to finance decisions.,Financial Managers,"The Financial Managers Occupation Group includes managerial occupations in finance, such as chief financial officers, treasurers, financial controllers, and financial reporting managers.",Finance,"The Finance Career Area includes occupations involved in the management, creation, and study of money and investments. It also includes insurance and financial regulatory occupations.",5.0,Advanced BA roles,False,False,False,,0.0
19141210,Financial Reporting Manager,"A Financial Reporting Manager manages the production of financial reports for a company, including corporate accounting and earnings reports presented to company directors, shareholders, auditors and regulators. Collects data from company financial analysts and accounting staff and presents, analyzes and manages filing of reports. May manage communications with auditors or regulators.",Financial Managers,"The Financial Managers Occupation Group includes managerial occupations in finance, such as chief financial officers, treasurers, financial controllers, and financial reporting managers.",Finance,"The Finance Career Area includes occupations involved in the management, creation, and study of money and investments. It also includes insurance and financial regulatory occupations.",5.0,Advanced BA roles,False,False,False,,0.0
19141310,Treasurer / Controller,"A Treasurer or Controller directs and oversees the treasury of a government, private corporation or non-profit organization, and may oversee the investment of funds. Supervises the quality of accounting and financial reporting within an organization and directs preparation of reports that show the financial position of an organization.",Financial Managers,"The Financial Managers Occupation Group includes managerial occupations in finance, such as chief financial officers, treasurers, financial controllers, and financial reporting managers.",Finance,"The Finance Career Area includes occupations involved in the management, creation, and study of money and investments. It also includes insurance and financial regulatory occupations.",5.0,Advanced BA roles,False,False,False,,0.0
19141311,Treasurer / Controller,"A Treasurer or Controller directs and oversees the treasury of a government, private corporation or non-profit organization, and may oversee the investment of funds. Supervises the quality of accounting and financial reporting within an organization and directs preparation of reports that show the financial position of an organization.",Financial Managers,"The Financial Managers Occupation Group includes managerial occupations in finance, such as chief financial officers, treasurers, financial controllers, and financial reporting managers.",Finance,"The Finance Career Area includes occupations involved in the management, creation, and study of money and investments. It also includes insurance and financial regulatory occupations.",5.0,Advanced BA roles,False,False,False,,0.0
19141314,Treasurer / Controller,"A Treasurer or Controller directs and oversees the treasury of a government, private corporation or non-profit organization, and may oversee the investment of funds. Supervises the quality of accounting and financial reporting within an organization and directs preparation of reports that show the financial position of an organization.",Financial Managers,"The Financial Managers Occupation Group includes managerial occupations in finance, such as chief financial officers, treasurers, financial controllers, and financial reporting managers.",Finance,"The Finance Career Area includes occupations involved in the management, creation, and study of money and investments. It also includes insurance and financial regulatory occupations.",5.0,Advanced BA roles,False,False,False,,0.0
19151010,Compliance Manager,"A Compliance Manager tracks employer compliance with laws and regulations, particularly for organizations in business and health care. Creates company policies, reviews departmental functions and protocol, follows developments in law and regulations affecting the industry",Financial Regulation and Compliance,"The Financial Regulation and Compliance Occupation Group includes occupations specific to regulation or supervision of financial institutions to certain requirements, restrictions and guidelines, aiming to maintain the stability and integrity of the financial system. It also includes the prevention and examination of fraud.",Finance,"The Finance Career Area includes occupations involved in the management, creation, and study of money and investments. It also includes insurance and financial regulatory occupations.",5.0,Advanced BA roles,False,False,False,,0.0
19151011,Compliance Manager,"A Compliance Manager tracks employer compliance with laws and regulations, particularly for organizations in business and health care. Creates company policies, reviews departmental functions and protocol, follows developments in law and regulations affecting the industry",Financial Regulation and Compliance,"The Financial Regulation and Compliance Occupation Group includes occupations specific to regulation or supervision of financial institutions to certain requirements, restrictions and guidelines, aiming to maintain the stability and integrity of the financial system. It also includes the prevention and examination of fraud.",Finance,"The Finance Career Area includes occupations involved in the management, creation, and study of money and investments. It also includes insurance and financial regulatory occupations.",5.0,Advanced BA roles,False,False,False,,0.0
19151110,Compliance Officer / Analyst,"A Compliance Officer or Analyst monitors internal compliance with company policies and also company compliance with local, state and federal laws. Reviews company documents, including contracts and marketing materials; communicates with employees and develops training and internal policy materials.",Financial Regulation and Compliance,"The Financial Regulation and Compliance Occupation Group includes occupations specific to regulation or supervision of financial institutions to certain requirements, restrictions and guidelines, aiming to maintain the stability and integrity of the financial system. It also includes the prevention and examination of fraud.",Finance,"The Finance Career Area includes occupations involved in the management, creation, and study of money and investments. It also includes insurance and financial regulatory occupations.",5.0,Advanced BA roles,False,False,False,,0.0
19151210,Customs Broker,"A Customs Broker helps clients to get imported goods through customs at international borders. Advises on shipping routes, customs forms and requirements, duties, taxes and insurance; assists with problem solving and distribution of goods after arrival.",Financial Regulation and Compliance,"The Financial Regulation and Compliance Occupation Group includes occupations specific to regulation or supervision of financial institutions to certain requirements, restrictions and guidelines, aiming to maintain the stability and integrity of the financial system. It also includes the prevention and examination of fraud.",Finance,"The Finance Career Area includes occupations involved in the management, creation, and study of money and investments. It also includes insurance and financial regulatory occupations.",2.0,Roles with formal training requirements of less than 2 years,False,False,False,,0.0
19151410,Fraud Examiner / Analyst,"A Fraud Examiner or Analyst analyses business computer systems, identifies weaknesses, and monitors for evidence of fraud, including identity theft and fraudulent credit card or bank transactions.",Financial Regulation and Compliance,"The Financial Regulation and Compliance Occupation Group includes occupations specific to regulation or supervision of financial institutions to certain requirements, restrictions and guidelines, aiming to maintain the stability and integrity of the financial system. It also includes the prevention and examination of fraud.",Finance,"The Finance Career Area includes occupations involved in the management, creation, and study of money and investments. It also includes insurance and financial regulatory occupations.",3.0,Roles with 2 year specialized degree requirement or a mix of sub-BA and BA requirements,False,False,False,,0.0
19161010,Financial Services Sales Agent,"A Financial Services Sales Agent sells financial services and advises clients on financial services products, including banking services, securities and insurance.",Financial Sales,The Financial Sales Occupation Group includes occupations specific to selling a financial products and services to private individuals or corporate clients.,Finance,"The Finance Career Area includes occupations involved in the management, creation, and study of money and investments. It also includes insurance and financial regulatory occupations.",3.0,Roles with 2 year specialized degree requirement or a mix of sub-BA and BA requirements,False,False,False,,0.0
19161011,Financial Services Sales Agent,"A Financial Services Sales Agent sells financial services and advises clients on financial services products, including banking services, securities and insurance.",Financial Sales,The Financial Sales Occupation Group includes occupations specific to selling a financial products and services to private individuals or corporate clients.,Finance,"The Finance Career Area includes occupations involved in the management, creation, and study of money and investments. It also includes insurance and financial regulatory occupations.",3.0,Roles with 2 year specialized degree requirement or a mix of sub-BA and BA requirements,False,False,False,,0.0
19161012,Financial Services Sales Agent,"A Financial Services Sales Agent sells financial services and advises clients on financial services products, including banking services, securities and insurance.",Financial Sales,The Financial Sales Occupation Group includes occupations specific to selling a financial products and services to private individuals or corporate clients.,Finance,"The Finance Career Area includes occupations involved in the management, creation, and study of money and investments. It also includes insurance and financial regulatory occupations.",3.0,Roles with 2 year specialized degree requirement or a mix of sub-BA and BA requirements,False,False,False,,0.0
19161110,Personal Banker / Banking Sales Staff,"A Personal Banker or Banking Sales Staff works for a bank to sell bank services to individual clients. Promotes different account options, loans or other services to customers that have assets or deposits in that bank.",Financial Sales,The Financial Sales Occupation Group includes occupations specific to selling a financial products and services to private individuals or corporate clients.,Finance,"The Finance Career Area includes occupations involved in the management, creation, and study of money and investments. It also includes insurance and financial regulatory occupations.",2.0,Roles with formal training requirements of less than 2 years,False,False,False,,0.0
19161111,Personal Banker / Banking Sales Staff,"A Personal Banker or Banking Sales Staff works for a bank to sell bank services to individual clients. Promotes different account options, loans or other services to customers that have assets or deposits in that bank.",Financial Sales,The Financial Sales Occupation Group includes occupations specific to selling a financial products and services to private individuals or corporate clients.,Finance,"The Finance Career Area includes occupations involved in the management, creation, and study of money and investments. It also includes insurance and financial regulatory occupations.",2.0,Roles with formal training requirements of less than 2 years,False,False,False,,0.0
19171010,Auto Damage Appraiser,An Auto Damage Appraiser estimates the value of an insured item or the cost of repairs for a vehicle damaged after an accident. Inspects damaged cars and provides repair cost estimates to insurance adjusters.,Insurance Claims and Sales,"The Insurance Claims and Sales Occupation Group includes occupations specific to selling insurance products and services, along with occupations specific to examination, adjustment and processing of insurance claims.",Finance,"The Finance Career Area includes occupations involved in the management, creation, and study of money and investments. It also includes insurance and financial regulatory occupations.",2.0,Roles with formal training requirements of less than 2 years,False,False,False,,0.0
19171110,Claims Specialist / Adjuster / Examiner,"A Claims Specialist or Adjuster / Examiner investigates and evaluates insurance claims. Specializes in a particular type of insurance. Inspects property damage, including damage to homes, buildings and cars; reviews claims after they are submitted; may authorize or deny payment for claims. May work directly for insurers or on behalf of claimants.",Insurance Claims and Sales,"The Insurance Claims and Sales Occupation Group includes occupations specific to selling insurance products and services, along with occupations specific to examination, adjustment and processing of insurance claims.",Finance,"The Finance Career Area includes occupations involved in the management, creation, and study of money and investments. It also includes insurance and financial regulatory occupations.",3.0,Roles with 2 year specialized degree requirement or a mix of sub-BA and BA requirements,False,False,False,,0.0
19171111,Claims Specialist / Adjuster / Examiner,"A Claims Specialist or Adjuster / Examiner investigates and evaluates insurance claims. Specializes in a particular type of insurance. Inspects property damage, including damage to homes, buildings and cars; reviews claims after they are submitted; may authorize or deny payment for claims. May work directly for insurers or on behalf of claimants.",Insurance Claims and Sales,"The Insurance Claims and Sales Occupation Group includes occupations specific to selling insurance products and services, along with occupations specific to examination, adjustment and processing of insurance claims.",Finance,"The Finance Career Area includes occupations involved in the management, creation, and study of money and investments. It also includes insurance and financial regulatory occupations.",3.0,Roles with 2 year specialized degree requirement or a mix of sub-BA and BA requirements,False,False,False,,0.0
19171115,Claims Specialist / Adjuster / Examiner,"A Claims Specialist or Adjuster / Examiner investigates and evaluates insurance claims. Specializes in a particular type of insurance. Inspects property damage, including damage to homes, buildings and cars; reviews claims after they are submitted; may authorize or deny payment for claims. May work directly for insurers or on behalf of claimants.",Insurance Claims and Sales,"The Insurance Claims and Sales Occupation Group includes occupations specific to selling insurance products and services, along with occupations specific to examination, adjustment and processing of insurance claims.",Finance,"The Finance Career Area includes occupations involved in the management, creation, and study of money and investments. It also includes insurance and financial regulatory occupations.",3.0,Roles with 2 year specialized degree requirement or a mix of sub-BA and BA requirements,False,False,False,,0.0
19171212,Insurance Claims / Policy Clerk,"An Insurance Claims or Policy Clerk accepts and reviews applications for insurance and provides information to insurance agents. Assists insurance customers, answers questions and processes requests to change or cancel policies. May assist with insurance claims that are disputed, review claims and policy coverage and help to negotiate agreements between customers and an insurance company.",Insurance Claims and Sales,"The Insurance Claims and Sales Occupation Group includes occupations specific to selling insurance products and services, along with occupations specific to examination, adjustment and processing of insurance claims.",Finance,"The Finance Career Area includes occupations involved in the management, creation, and study of money and investments. It also includes insurance and financial regulatory occupations.",3.0,Roles with 2 year specialized degree requirement or a mix of sub-BA and BA requirements,False,False,False,,0.0
19171310,Insurance Sales Agent,"An Insurance Sales Agent sells insurance to customers, working on behalf of an insurance company or independent insurance agent. Evaluates the insurance coverage needed by a customer and proposes insurance packages and prices. May specialize in one line of insurance such as life insurance. May provide first point of contact for customers filing insurance claims.",Insurance Claims and Sales,"The Insurance Claims and Sales Occupation Group includes occupations specific to selling insurance products and services, along with occupations specific to examination, adjustment and processing of insurance claims.",Finance,"The Finance Career Area includes occupations involved in the management, creation, and study of money and investments. It also includes insurance and financial regulatory occupations.",3.0,Roles with 2 year specialized degree requirement or a mix of sub-BA and BA requirements,False,False,False,,0.0
19131810,Underwriting Assistant,"An Underwriting Assistant assists insurance underwriters with administrative tasks and managing documents for insurance files, applications and claims. Assists with research, customer service, or compiling information for business or regulatory reports.",Financial Analysis,"The Financial Analysis Occupation Group includes all occupations specific to analysis of investments, budgets, credit, pricing and risk - It also includes insurance underwriters.",Finance,"The Finance Career Area includes occupations involved in the management, creation, and study of money and investments. It also includes insurance and financial regulatory occupations.",2.0,Roles with formal training requirements of less than 2 years,False,False,False,,0.0
19181010,Brokerage Clerk,"A Brokerage Clerk works on behalf of clients at a stock exchange. Delivers orders to securities brokers, checks final orders and keeps a record of transactions; delivers securities, distributes dividends and provides tax calculations for clients.",Investment Specialists,"The Investment Specialists Occupation Group includes occupations specific to investing to generate a return or profit from the invested asset. It includes securities and commodities traders, personal financial advisors, investment fund managers and brokerage clerks.",Finance,"The Finance Career Area includes occupations involved in the management, creation, and study of money and investments. It also includes insurance and financial regulatory occupations.",3.0,Roles with 2 year specialized degree requirement or a mix of sub-BA and BA requirements,False,False,False,,0.0
19181110,Investment Fund Manager,"An Investment Fund Manager plans, directs, or coordinates investment strategy or operations for a large pool of liquid assets supplied by institutional investors or individual investors.",Investment Specialists,"The Investment Specialists Occupation Group includes occupations specific to investing to generate a return or profit from the invested asset. It includes securities and commodities traders, personal financial advisors, investment fund managers and brokerage clerks.",Finance,"The Finance Career Area includes occupations involved in the management, creation, and study of money and investments. It also includes insurance and financial regulatory occupations.",5.0,Advanced BA roles,False,False,False,,0.0
19181312,Personal Financial Advisor,"A Personal Financial Advisor advises clients on financial plans and investment strategies. Discusses the client's financial objectives, researches and recommends investment options, advises on tax strategies, monitors client accounts. May be licensed to buy and sell financial products such as stocks and bonds.",Investment Specialists,"The Investment Specialists Occupation Group includes occupations specific to investing to generate a return or profit from the invested asset. It includes securities and commodities traders, personal financial advisors, investment fund managers and brokerage clerks.",Finance,"The Finance Career Area includes occupations involved in the management, creation, and study of money and investments. It also includes insurance and financial regulatory occupations.",4.0,Entry level BA roles,False,False,False,,0.0
19181313,Personal Financial Advisor,"A Personal Financial Advisor advises clients on financial plans and investment strategies. Discusses the client's financial objectives, researches and recommends investment options, advises on tax strategies, monitors client accounts. May be licensed to buy and sell financial products such as stocks and bonds.",Investment Specialists,"The Investment Specialists Occupation Group includes occupations specific to investing to generate a return or profit from the invested asset. It includes securities and commodities traders, personal financial advisors, investment fund managers and brokerage clerks.",Finance,"The Finance Career Area includes occupations involved in the management, creation, and study of money and investments. It also includes insurance and financial regulatory occupations.",4.0,Entry level BA roles,False,False,False,,0.0
19181410,Securities / Commodities Trader,"A Securities or Commodities Trader trades securities or commodities electronically or on a trade or auction floor such as a stock exchange. Securities include stocks and bonds; commodities include products such as oil, gold, or corn. Monitors financial markets and the performance and price of different securities. Negotiates prices and terms for a sale or trade.",Investment Specialists,"The Investment Specialists Occupation Group includes occupations specific to investing to generate a return or profit from the invested asset. It includes securities and commodities traders, personal financial advisors, investment fund managers and brokerage clerks.",Finance,"The Finance Career Area includes occupations involved in the management, creation, and study of money and investments. It also includes insurance and financial regulatory occupations.",4.0,Entry level BA roles,False,False,False,,0.0
19191010,Tax Examiner / Collector,"A Tax Examiner or Collector examines tax returns, bills of sale and other documents to determine the type and amount of taxes, duties and other types of fees to be paid by individuals or businesses, referring exceptional or important cases to accountants, senior government officials or managers.",Tax Specialists,"The Tax Specialists Occupation Group includes occupations specific to collection of tax, plus the reviewing of tax returns for accuracy and completeness.",Finance,"The Finance Career Area includes occupations involved in the management, creation, and study of money and investments. It also includes insurance and financial regulatory occupations.",5.0,Advanced BA roles,False,False,False,,0.0
20101010,Director of Rehabilitation,"A Director of Rehabilitation directs rehabilitation services for a hospital, clinic or specialized rehabilitation facility. Supervises rehabilitation therapy staff and counselors and coordinates services for patients or clients. Manages scheduling, budgets, facility equipment and resources.",Advanced Healthcare Therapists,"The Advanced Healthcare Therapists Occupation Group includes therapeutic occupations specific to diagnosis, treatment, and rehabilitation of people with physical and cognitive disabilities and injuries.",Healthcare,"The Healthcare Career Area includes occupations specific to the maintenance or improvement of health via the prevention, diagnosis, treatment, amelioration, or cure of disease, illness, injury, and other physical and mental impairments in individuals or communities. It also includes veterinarians.",6.0,Graduate and professional roles,True,False,True,Typically must be a licensed rehabilitation specialist (e.g. occupational therapist) to qualify for these positions. Gain management experience or attend a Masters degree program in Healthcare Administration or Rehabilitation Management to qualify for this position.,72.0
20101110,Occupational Therapist,"An Occupational Therapist helps patients with injuries, illnesses, and disabilities recover, improve, or develop skills needed for everyday activities. Assists people with mobility impairments to move easily around their homes; develops school and workplace settings that are accessible for individuals with physical or mental disabilities. May specialize in certain types of impairments or certain categories of patients.",Advanced Healthcare Therapists,"The Advanced Healthcare Therapists Occupation Group includes therapeutic occupations specific to diagnosis, treatment, and rehabilitation of people with physical and cognitive disabilities and injuries.",Healthcare,"The Healthcare Career Area includes occupations specific to the maintenance or improvement of health via the prevention, diagnosis, treatment, amelioration, or cure of disease, illness, injury, and other physical and mental impairments in individuals or communities. It also includes veterinarians.",6.0,Graduate and professional roles,True,False,True,Gain admission to Masters degree program in Occupational Therapy. Must have Bachelors degree and pre-requisite science courses to qualify.,6.0
20101310,Physical Therapist,A Physical Therapist helps patients with physically disabling conditions or injuries to improve their ability to move and manage their pain. Uses techniques including targeted exercises and massage therapy. Works in conjunction with other healthcare providers to provide rehabilitation to patients after an injury or illness. May specialize in treating certain types of injuries or patients.,Advanced Healthcare Therapists,"The Advanced Healthcare Therapists Occupation Group includes therapeutic occupations specific to diagnosis, treatment, and rehabilitation of people with physical and cognitive disabilities and injuries.",Healthcare,"The Healthcare Career Area includes occupations specific to the maintenance or improvement of health via the prevention, diagnosis, treatment, amelioration, or cure of disease, illness, injury, and other physical and mental impairments in individuals or communities. It also includes veterinarians.",6.0,Graduate and professional roles,True,False,True,Gain admission to Doctor of Physical Therapy (DPT) degree program. Must have Bachelors degree and prerequisite science courses to qualify.,84.0
20101510,Speech Language Pathologist,"A Speech Language Pathologist diagnoses and treats speech, language, and swallowing disorders in patients with a variety of conditions. Helps patients improve their ability to make sounds or use language, or develop non-spoken means of communication. May specialize in working with patients of a certain age group, or treat speech problems resulting from a condition such as a stroke or cleft palate. Works in schools, hospitals and other healthcare facilities and works closely with physicians, psychologists, social workers, and other therapists.",Advanced Healthcare Therapists,"The Advanced Healthcare Therapists Occupation Group includes therapeutic occupations specific to diagnosis, treatment, and rehabilitation of people with physical and cognitive disabilities and injuries.",Healthcare,"The Healthcare Career Area includes occupations specific to the maintenance or improvement of health via the prevention, diagnosis, treatment, amelioration, or cure of disease, illness, injury, and other physical and mental impairments in individuals or communities. It also includes veterinarians.",6.0,Graduate and professional roles,True,True,True,Gain admission to Masters program in Speech Pathology. Must have Bachelors degree with major in CSD (Communications Science & Disorders) or complete pre-requisite courses to qualify.,72.0
20111310,Nurse Practitioner,"A Nurse Practitioner provides primary care and nursing care to patients. Performs physical exams, orders diagnostic tests, and provides medications. Works in a physician's office or other healthcare facility, under the direction of a physician. Performs work similar to that of a physician assistant but has different medical training and degree.",Advanced Nursing and Physician Assistants,"The Advanced Nursing and Physician Assistants Occupation Group includes occupations in nursing with an advanced specialism. It includes nurse practitioners, clinical nurse specialists, and physician assistants.",Healthcare,"The Healthcare Career Area includes occupations specific to the maintenance or improvement of health via the prevention, diagnosis, treatment, amelioration, or cure of disease, illness, injury, and other physical and mental impairments in individuals or communities. It also includes veterinarians.",6.0,Graduate and professional roles,True,True,True,Gain admission to Masters or Doctoral level Nurse Practitioner program. Must be a licensed Registered Nurse with Bachelors degree to qualify.,72.0
20131214,Laboratory Technician,"A Laboratory Technician performs routine tests on samples of body fluids, tissues, and other substances for diagnostic and research purposes. Works under the supervision of a medical laboratory technologist in a laboratory or healthcare facility.",Clinical Laboratory Technologists and Technicians,"The Clinical Laboratory Technologists and Technicians Occupation Group includes occupations which provide support roles to researchers determining the safety and effectiveness of medications, medical devices, diagnostic products, and treatment regimens intended for human use. These may be used for prevention, treatment, diagnosis or for relieving symptoms of a disease.",Healthcare,"The Healthcare Career Area includes occupations specific to the maintenance or improvement of health via the prevention, diagnosis, treatment, amelioration, or cure of disease, illness, injury, and other physical and mental impairments in individuals or communities. It also includes veterinarians.",3.0,Roles with 2 year specialized degree requirement or a mix of sub-BA and BA requirements,False,True,True,Gain admission to Associates degree program in Medical Lab Technology.,24.0
20131216,Laboratory Technician,"A Laboratory Technician performs routine tests on samples of body fluids, tissues, and other substances for diagnostic and research purposes. Works under the supervision of a medical laboratory technologist in a laboratory or healthcare facility.",Clinical Laboratory Technologists and Technicians,"The Clinical Laboratory Technologists and Technicians Occupation Group includes occupations which provide support roles to researchers determining the safety and effectiveness of medications, medical devices, diagnostic products, and treatment regimens intended for human use. These may be used for prevention, treatment, diagnosis or for relieving symptoms of a disease.",Healthcare,"The Healthcare Career Area includes occupations specific to the maintenance or improvement of health via the prevention, diagnosis, treatment, amelioration, or cure of disease, illness, injury, and other physical and mental impairments in individuals or communities. It also includes veterinarians.",3.0,Roles with 2 year specialized degree requirement or a mix of sub-BA and BA requirements,False,True,True,Gain admission to Associates degree program in Medical Lab Technology.,24.0
20131312,Clinical Laboratory Scientist,"A Clinical Laboratory Scientist collects and analyzes samples of body fluids, tissues, and other substances for diagnostic and research purposes. Works in a laboratory or healthcare facility. May conduct a variety of tests, or specialize in types of tests or types of substances; may examine cells for cancerous growth or collect and prepare blood for transfusions. Performs work similar to a medical laboratory technician, but usually conducts more complex procedures and tests.",Clinical Laboratory Technologists and Technicians,"The Clinical Laboratory Technologists and Technicians Occupation Group includes occupations which provide support roles to researchers determining the safety and effectiveness of medications, medical devices, diagnostic products, and treatment regimens intended for human use. These may be used for prevention, treatment, diagnosis or for relieving symptoms of a disease.",Healthcare,"The Healthcare Career Area includes occupations specific to the maintenance or improvement of health via the prevention, diagnosis, treatment, amelioration, or cure of disease, illness, injury, and other physical and mental impairments in individuals or communities. It also includes veterinarians.",4.0,Entry level BA roles,False,True,True,Gain admission to Bachelors degree program in Medical Laboratory Science or complete Bachelors degree in Life Sciences or Chemistry.,48.0
20141010,Clinical Laboratory Manager,"A Clinical Laboratory Manager manages laboratory research and procedures for numerous fields such as health, industry, or other natural sciences. Commonly oversees R&D, diagnostic or treatment to allow patients to receive better health outcomes. Responsible for regulatory, health and safety operations during laboratory activities.",Clinical Research,"The Clinical Research Occupation Group includes research occupations specific to determining the safety and effectiveness of medications, medical devices, diagnostic products, and treatment regimens intended for human use. These may be used for prevention, treatment, diagnosis or for relieving symptoms of a disease.",Healthcare,"The Healthcare Career Area includes occupations specific to the maintenance or improvement of health via the prevention, diagnosis, treatment, amelioration, or cure of disease, illness, injury, and other physical and mental impairments in individuals or communities. It also includes veterinarians.",5.0,Advanced BA roles,False,False,False,"Gain admission to Bachelors degree program in in a field related to laboratory science, such as Medical Technology, Clinical Laboratory Science, Biology, or Chemistry.",48.0
20151010,Dental Assistant,"A Dental Assistant assists dentists in caring for patient's teeth. Helps patients get ready for treatment; prepares equipment and supplies. May perform some dental procedures under the direction of a dentist, such as fluoride application, if allowed under state regulations. Works in dental offices.",Dental Assistants and Hygienists,"The Dental Assistants and Hygienists Occupation Group includes occupations specific to maintaining oral health in humans by supporting dentists in their role, and by promoting oral hygiene to prevent tooth decay.",Healthcare,"The Healthcare Career Area includes occupations specific to the maintenance or improvement of health via the prevention, diagnosis, treatment, amelioration, or cure of disease, illness, injury, and other physical and mental impairments in individuals or communities. It also includes veterinarians.",2.0,Roles with formal training requirements of less than 2 years,False,True,True,Complete Certificate program in Dental Assisting.,6.0
20171010,Cardiovascular Technician / Technologist,A Cardiovascular Technician or Technologist uses imaging technology and other procedures to diagnose cardiac (heart) and vascular (blood vessel) problems in patients. Works closely with cardiologists and medical sonographers. Works in hospitals and other healthcare facilities.,Diagnostic Technologists and Technicians,"The Diagnostic Technologists and Technicians Occupation Group includes occupations specific to the use of diagnostic medical equipment and supplies, which measure and observe various aspects of a patient's health to help physicians in forming a diagnosis.",Healthcare,"The Healthcare Career Area includes occupations specific to the maintenance or improvement of health via the prevention, diagnosis, treatment, amelioration, or cure of disease, illness, injury, and other physical and mental impairments in individuals or communities. It also includes veterinarians.",3.0,Roles with 2 year specialized degree requirement or a mix of sub-BA and BA requirements,True,True,True,"Gain admission to Associates degree program in Cardiovascular Technology (or, complete Associates degree in an allied health field, then Certificate program in Cardiovascular Technology).",24.0
20171110,EKG Technician,"An EKG Technician assists with specialized tests using an electrocardiogram machine, to monitor the performance of a patient's heart. Works under the direction of a physician or specialist. Explains test procedures to patients, sets up and runs equipment and monitors readings. Provides reports and readings from the test to a physician for analysis.",Diagnostic Technologists and Technicians,"The Diagnostic Technologists and Technicians Occupation Group includes occupations specific to the use of diagnostic medical equipment and supplies, which measure and observe various aspects of a patient's health to help physicians in forming a diagnosis.",Healthcare,"The Healthcare Career Area includes occupations specific to the maintenance or improvement of health via the prevention, diagnosis, treatment, amelioration, or cure of disease, illness, injury, and other physical and mental impairments in individuals or communities. It also includes veterinarians.",2.0,Roles with formal training requirements of less than 2 years,False,True,True,Complete Certificate training in electrocardiograph technology or Associates degree program in Cardiovascular Technology.,6.0
20171811,Radiologic Technician / Technologist,"A Radiologic Technician or Technologist operates X Ray, MRI (Magnetic Resonance Imaging) or CT (Computed Tomography) scan equipment to take diagnostic images of a patient. Works with doctors to obtain specific images necessary for medical diagnosis.",Diagnostic Technologists and Technicians,"The Diagnostic Technologists and Technicians Occupation Group includes occupations specific to the use of diagnostic medical equipment and supplies, which measure and observe various aspects of a patient's health to help physicians in forming a diagnosis.",Healthcare,"The Healthcare Career Area includes occupations specific to the maintenance or improvement of health via the prevention, diagnosis, treatment, amelioration, or cure of disease, illness, injury, and other physical and mental impairments in individuals or communities. It also includes veterinarians.",3.0,Roles with 2 year specialized degree requirement or a mix of sub-BA and BA requirements,True,True,True,Gain admission to Associates or Bachelors degree program in Radiological Technology; complete additional MRI Technology or CT Technology certificate training.,24.0
20171710,Radiation Therapist,A Radiation Therapist uses radiation therapy to treat cancer and other diseases. Works in cancer treatment centers in collaboration with oncologists (physicians who specialize in cancer treatment) and other specialists.,Diagnostic Technologists and Technicians,"The Diagnostic Technologists and Technicians Occupation Group includes occupations specific to the use of diagnostic medical equipment and supplies, which measure and observe various aspects of a patient's health to help physicians in forming a diagnosis.",Healthcare,"The Healthcare Career Area includes occupations specific to the maintenance or improvement of health via the prevention, diagnosis, treatment, amelioration, or cure of disease, illness, injury, and other physical and mental impairments in individuals or communities. It also includes veterinarians.",3.0,Roles with 2 year specialized degree requirement or a mix of sub-BA and BA requirements,True,True,True,Gain admission to Associates or Bachelors degree program in Radiation Therapy.,24.0
20171810,Radiologic Technician / Technologist,"A Radiologic Technician or Technologist operates X Ray, MRI (Magnetic Resonance Imaging) or CT (Computed Tomography) scan equipment to take diagnostic images of a patient. Works with doctors to obtain specific images necessary for medical diagnosis.",Diagnostic Technologists and Technicians,"The Diagnostic Technologists and Technicians Occupation Group includes occupations specific to the use of diagnostic medical equipment and supplies, which measure and observe various aspects of a patient's health to help physicians in forming a diagnosis.",Healthcare,"The Healthcare Career Area includes occupations specific to the maintenance or improvement of health via the prevention, diagnosis, treatment, amelioration, or cure of disease, illness, injury, and other physical and mental impairments in individuals or communities. It also includes veterinarians.",3.0,Roles with 2 year specialized degree requirement or a mix of sub-BA and BA requirements,True,True,True,Gain admission to Associates or Bachelors degree program in Radiological Technology.,24.0
20172010,Ultrasound Technologist / Sonographer,An Ultrasound Technologist or Sonographer uses ultrasound technology to examine the inside of patients' bodies and diagnose medical conditions. Works closely with other healthcare specialists who assess and treat relevant conditions. Works in hospitals or other healthcare facilities.,Diagnostic Technologists and Technicians,"The Diagnostic Technologists and Technicians Occupation Group includes occupations specific to the use of diagnostic medical equipment and supplies, which measure and observe various aspects of a patient's health to help physicians in forming a diagnosis.",Healthcare,"The Healthcare Career Area includes occupations specific to the maintenance or improvement of health via the prevention, diagnosis, treatment, amelioration, or cure of disease, illness, injury, and other physical and mental impairments in individuals or communities. It also includes veterinarians.",3.0,Roles with 2 year specialized degree requirement or a mix of sub-BA and BA requirements,True,True,True,Gain admission to Associates or Bachelors degree program in Sonography.,24.0
20191214,Health Educator / Coach,"A Health Educator or Coach creates programs that are designed to teach people and motivate them to follow healthy behaviors. Works with individual patients and families in a health care settings, or develops campaigns and materials directed to larger groups such as college students. Organizes events like health screenings, trainings for peer educators or professionals, or incentive programs like weight loss challenges. May advise on public health policy.",Health Education and Counseling,"The Health Education and Counseling Occupation Group includes healthcare education, coaching, counseling, and advocate occupations responsible for the creation and promotion of healthy living techniques and programs to support psychological and physical well-being.",Healthcare,"The Healthcare Career Area includes occupations specific to the maintenance or improvement of health via the prevention, diagnosis, treatment, amelioration, or cure of disease, illness, injury, and other physical and mental impairments in individuals or communities. It also includes veterinarians.",4.0,Entry level BA roles,False,False,False,,0.0
20191216,Health Educator / Coach,"A Health Educator or Coach creates programs that are designed to teach people and motivate them to follow healthy behaviors. Works with individual patients and families in a health care settings, or develops campaigns and materials directed to larger groups such as college students. Organizes events like health screenings, trainings for peer educators or professionals, or incentive programs like weight loss challenges. May advise on public health policy.",Health Education and Counseling,"The Health Education and Counseling Occupation Group includes healthcare education, coaching, counseling, and advocate occupations responsible for the creation and promotion of healthy living techniques and programs to support psychological and physical well-being.",Healthcare,"The Healthcare Career Area includes occupations specific to the maintenance or improvement of health via the prevention, diagnosis, treatment, amelioration, or cure of disease, illness, injury, and other physical and mental impairments in individuals or communities. It also includes veterinarians.",4.0,Entry level BA roles,False,False,False,,0.0
20191310,Patient Advocate / Navigator,A Patient Advocate or Navigator provides direct assistance to patients at a health care or long term care facility. Guides patients in understanding their options and making important decisions about their treatment plans and medical costs; provides emotional support; and serves as a liaison with health care providers.,Health Education and Counseling,"The Health Education and Counseling Occupation Group includes healthcare education, coaching, counseling, and advocate occupations responsible for the creation and promotion of healthy living techniques and programs to support psychological and physical well-being.",Healthcare,"The Healthcare Career Area includes occupations specific to the maintenance or improvement of health via the prevention, diagnosis, treatment, amelioration, or cure of disease, illness, injury, and other physical and mental impairments in individuals or communities. It also includes veterinarians.",3.0,Roles with 2 year specialized degree requirement or a mix of sub-BA and BA requirements,False,False,False,,0.0
20211310,Medical Records / Coding Supervisor,"A Medical Records or Coding Supervisor oversees the work of technicians and medical coders, manages healthcare records and ensures that patient information is safely and accurately maintained. Works in a healthcare facility or hospital.",Health Information Specialists,The Health Information Specialists Occupation Group includes operational occupations specific to information collection and records keeping in a healthcare setting. Roles include recording and coding of digital and traditional medical information. It also includes contact tracing - Vital during a pandemic.,Healthcare,"The Healthcare Career Area includes occupations specific to the maintenance or improvement of health via the prevention, diagnosis, treatment, amelioration, or cure of disease, illness, injury, and other physical and mental impairments in individuals or communities. It also includes veterinarians.",3.0,Roles with 2 year specialized degree requirement or a mix of sub-BA and BA requirements,False,True,True,Gain admission to accredited Associates degree program in Health Information Technology or Health Information Management or related program.,24.0
20221011,Clinical Analyst / Clinical Documentation and Improvement Specialist,"A Clinical Analyst or Clinical Documentation and Improvement Specialist works with information technology systems and applications in health care organizations. Assists clinicians and staff with technology and implementing new systems. Creates systems for organizing and interpreting data and information for clinical trials. Records and manages clinical information about patients, including health assessments and diagnoses, test results, treatments, and follow up care requirements. Reviews and maintains patient records.",Health IT Professionals,"The Health IT Professionals Occupation Group includes operational occupations specific to clinical data management, information systems, and analysis in a healthcare or clinical research setting.",Healthcare,"The Healthcare Career Area includes occupations specific to the maintenance or improvement of health via the prevention, diagnosis, treatment, amelioration, or cure of disease, illness, injury, and other physical and mental impairments in individuals or communities. It also includes veterinarians.",3.0,Roles with 2 year specialized degree requirement or a mix of sub-BA and BA requirements,False,False,False,,0.0
20221013,Clinical Analyst / Clinical Documentation and Improvement Specialist,"A Clinical Analyst or Clinical Documentation and Improvement Specialist works with information technology systems and applications in health care organizations. Assists clinicians and staff with technology and implementing new systems. Creates systems for organizing and interpreting data and information for clinical trials. Records and manages clinical information about patients, including health assessments and diagnoses, test results, treatments, and follow up care requirements. Reviews and maintains patient records.",Health IT Professionals,"The Health IT Professionals Occupation Group includes operational occupations specific to clinical data management, information systems, and analysis in a healthcare or clinical research setting.",Healthcare,"The Healthcare Career Area includes occupations specific to the maintenance or improvement of health via the prevention, diagnosis, treatment, amelioration, or cure of disease, illness, injury, and other physical and mental impairments in individuals or communities. It also includes veterinarians.",3.0,Roles with 2 year specialized degree requirement or a mix of sub-BA and BA requirements,False,False,False,,0.0
20231010,Medical Secretary,"A Medical Secretary provides secretarial work that requires specialized knowledge of medical terminology and procedures, insurance and billing processes and medical records management. Works with physicians and other clinicians. May gather intake information from patients scheduled for appointments at an office.",Healthcare Administrative Support,"The Healthcare Administrative Support Occupation Group includes occupations specific to administrative and secretarial roles in a healthcare setting. It includes medical secretaries and transcriptionists, as well as patient service representatives.",Healthcare,"The Healthcare Career Area includes occupations specific to the maintenance or improvement of health via the prevention, diagnosis, treatment, amelioration, or cure of disease, illness, injury, and other physical and mental impairments in individuals or communities. It also includes veterinarians.",1.0,Roles with minimal training requirements,False,False,False,,0.0
20231210,Registrar / Patient Service Representative,A Registrar or Patient Service Representative provides direct assistance to patients at a health care or long term care facility. Answers questions and helps resolve complaints; provides liaison with health care providers; may assist with coordinating appointments or addressing billing or insurance issues.,Healthcare Administrative Support,"The Healthcare Administrative Support Occupation Group includes occupations specific to administrative and secretarial roles in a healthcare setting. It includes medical secretaries and transcriptionists, as well as patient service representatives.",Healthcare,"The Healthcare Career Area includes occupations specific to the maintenance or improvement of health via the prevention, diagnosis, treatment, amelioration, or cure of disease, illness, injury, and other physical and mental impairments in individuals or communities. It also includes veterinarians.",2.0,Roles with formal training requirements of less than 2 years,False,False,False,,0.0
20241110,Healthcare Administrator,A Healthcare Administrator directs and coordinates delivery of health care and medical services. Manages finances and recordkeeping and communications with medical staff. Works to improve quality and efficiency. May run smaller medical practices or work in specialized areas within large hospitals or health care systems.,Healthcare Administrators and Managers,"The Healthcare Administrators and Managers Occupation Group includes managerial and directorial occupations in a healthcare setting, such as medical directors, practice managers and nursing home administrators.",Healthcare,"The Healthcare Career Area includes occupations specific to the maintenance or improvement of health via the prevention, diagnosis, treatment, amelioration, or cure of disease, illness, injury, and other physical and mental impairments in individuals or communities. It also includes veterinarians.",5.0,Advanced BA roles,False,False,False,,0.0
20241112,Healthcare Administrator,A Healthcare Administrator directs and coordinates delivery of health care and medical services. Manages finances and recordkeeping and communications with medical staff. Works to improve quality and efficiency. May run smaller medical practices or work in specialized areas within large hospitals or health care systems.,Healthcare Administrators and Managers,"The Healthcare Administrators and Managers Occupation Group includes managerial and directorial occupations in a healthcare setting, such as medical directors, practice managers and nursing home administrators.",Healthcare,"The Healthcare Career Area includes occupations specific to the maintenance or improvement of health via the prevention, diagnosis, treatment, amelioration, or cure of disease, illness, injury, and other physical and mental impairments in individuals or communities. It also includes veterinarians.",5.0,Advanced BA roles,False,False,False,,0.0
20241212,Medical Director,"A Medical Director directs and manages a medical practice, clinic, lab or public health program. Organizes and manages of staff physicians, policy implementation, and ensures that standards for medical care are communicated and maintained.",Healthcare Administrators and Managers,"The Healthcare Administrators and Managers Occupation Group includes managerial and directorial occupations in a healthcare setting, such as medical directors, practice managers and nursing home administrators.",Healthcare,"The Healthcare Career Area includes occupations specific to the maintenance or improvement of health via the prevention, diagnosis, treatment, amelioration, or cure of disease, illness, injury, and other physical and mental impairments in individuals or communities. It also includes veterinarians.",6.0,Graduate and professional roles,True,True,True,Must have Medical Degree and be a Board certified Physician. Gain management experience or take graduate level management courses.,132.0
20251010,Dietary Aide,A Dietary Aide works in kitchens such as hospital kitchens where cooking is done to meet specific dietary requirements. Assists with food preparation and other tasks.,Healthcare Patient Support,"The Healthcare Patient Support Occupation Group includes occupations in a healthcare setting with a support role specific to patient care. It includes nursing assistants, home health aides and hospital orderlies.",Healthcare,"The Healthcare Career Area includes occupations specific to the maintenance or improvement of health via the prevention, diagnosis, treatment, amelioration, or cure of disease, illness, injury, and other physical and mental impairments in individuals or communities. It also includes veterinarians.",1.0,Roles with minimal training requirements,False,False,False,,0.0
20251110,Home Health Aide,"A Home Health Aide helps individuals who are disabled, elderly, or chronically ill with daily tasks, such as dressing, washing, and light housekeeping. Cares for patients in their homes. May perform basic medical care under the direction of a nurse or other medical professional.",Healthcare Patient Support,"The Healthcare Patient Support Occupation Group includes occupations in a healthcare setting with a support role specific to patient care. It includes nursing assistants, home health aides and hospital orderlies.",Healthcare,"The Healthcare Career Area includes occupations specific to the maintenance or improvement of health via the prevention, diagnosis, treatment, amelioration, or cure of disease, illness, injury, and other physical and mental impairments in individuals or communities. It also includes veterinarians.",1.0,Roles with minimal training requirements,False,False,False,,0.0
20251210,Medication Aide / Technician,"A Medication Aide or Technician provides medication to patients in long-term care and skilled nursing facilities. This role provides one pathway into licensed nursing training. May help measure and record vital signs, and assist in activities of daily living (ADLS).",Healthcare Patient Support,"The Healthcare Patient Support Occupation Group includes occupations in a healthcare setting with a support role specific to patient care. It includes nursing assistants, home health aides and hospital orderlies.",Healthcare,"The Healthcare Career Area includes occupations specific to the maintenance or improvement of health via the prevention, diagnosis, treatment, amelioration, or cure of disease, illness, injury, and other physical and mental impairments in individuals or communities. It also includes veterinarians.",2.0,Roles with formal training requirements of less than 2 years,False,True,True,Complete state approved training course for Medication Aides/Technicians. Some states require that you first become a certified Nursing Assistant. Many states require passage of a medication aide/technician certification exam.,3.0
20251310,Mental Health / Psychiatric Technician,"A Mental Health or Psychiatric Technician cares for patients with mental illnesses. Works under the direction of a physician and works with specialists involved in mental health care, such as psychiatrists and therapists. Monitors patient symptoms and administers medications. Works in a mental health facility or in a hospital or other healthcare facility.",Healthcare Patient Support,"The Healthcare Patient Support Occupation Group includes occupations in a healthcare setting with a support role specific to patient care. It includes nursing assistants, home health aides and hospital orderlies.",Healthcare,"The Healthcare Career Area includes occupations specific to the maintenance or improvement of health via the prevention, diagnosis, treatment, amelioration, or cure of disease, illness, injury, and other physical and mental impairments in individuals or communities. It also includes veterinarians.",2.0,Roles with formal training requirements of less than 2 years,False,False,False,,0.0
20251410,Mental Health Assistant,"A Mental Health Assistant provides basic care and assistance with daily activities to patients with mental illnesses or cognitive disabilities. Helps patients dress and eat, monitors patients' well-being, and restrains patients if they become physically violent. Works in hospitals or mental health care facilities.",Healthcare Patient Support,"The Healthcare Patient Support Occupation Group includes occupations in a healthcare setting with a support role specific to patient care. It includes nursing assistants, home health aides and hospital orderlies.",Healthcare,"The Healthcare Career Area includes occupations specific to the maintenance or improvement of health via the prevention, diagnosis, treatment, amelioration, or cure of disease, illness, injury, and other physical and mental impairments in individuals or communities. It also includes veterinarians.",2.0,Roles with formal training requirements of less than 2 years,False,False,False,,0.0
20251510,Nursing Assistant,"A Nursing Assistant provides hospital and nursing home patients with basic care and assists them with daily activities. Helps patients with dressing, washing, and feeding. May perform basic medical care under the direction of a nurse or other medical professional.",Healthcare Patient Support,"The Healthcare Patient Support Occupation Group includes occupations in a healthcare setting with a support role specific to patient care. It includes nursing assistants, home health aides and hospital orderlies.",Healthcare,"The Healthcare Career Area includes occupations specific to the maintenance or improvement of health via the prevention, diagnosis, treatment, amelioration, or cure of disease, illness, injury, and other physical and mental impairments in individuals or communities. It also includes veterinarians.",2.0,Roles with formal training requirements of less than 2 years,False,True,True,Complete state approved training program for Nursing Assistant.,3.0
20251610,Nutrition / Dietetic Technician,A Nutrition or Dietetic Technician assists nutritionists in running food service and nutrition education programs. May help plan meals or educate and counsel clients.,Healthcare Patient Support,"The Healthcare Patient Support Occupation Group includes occupations in a healthcare setting with a support role specific to patient care. It includes nursing assistants, home health aides and hospital orderlies.",Healthcare,"The Healthcare Career Area includes occupations specific to the maintenance or improvement of health via the prevention, diagnosis, treatment, amelioration, or cure of disease, illness, injury, and other physical and mental impairments in individuals or communities. It also includes veterinarians.",3.0,Roles with 2 year specialized degree requirement or a mix of sub-BA and BA requirements,False,True,True,Complete accredited Associates degree program with supervised practice hours or Bachelors degree program for Nutrition & Dietary Technician.,24.0
20251810,Surgical Assistant,"A Surgical Assistant assists in operations, under the supervision of surgeons. May, in accordance with state laws, help surgeons to make incisions and close surgical sites, manipulate or remove tissues, implant surgical devices or drains, suction the surgical site, place catheters, clamp or cauterize vessels or tissue, and apply dressings to surgical site.",Healthcare Patient Support,"The Healthcare Patient Support Occupation Group includes occupations in a healthcare setting with a support role specific to patient care. It includes nursing assistants, home health aides and hospital orderlies.",Healthcare,"The Healthcare Career Area includes occupations specific to the maintenance or improvement of health via the prevention, diagnosis, treatment, amelioration, or cure of disease, illness, injury, and other physical and mental impairments in individuals or communities. It also includes veterinarians.",4.0,Entry level BA roles,False,True,True,Complete Certificate or Associates degree program for Surgical Assistant.,12.0
20271010,Behavior Analyst,A Behavior Analyst is a mental health professional focusing on applied behavior analysis. Usually requires a certification from the Behavior Analyst Certification Board (BACB).,Mental Health Therapy,"The Mental Health Therapy Occupation Group includes occupations specific to the scientific study of the mind and behavior, and the treatment of mental or psychological disorders by psychological means.",Healthcare,"The Healthcare Career Area includes occupations specific to the maintenance or improvement of health via the prevention, diagnosis, treatment, amelioration, or cure of disease, illness, injury, and other physical and mental impairments in individuals or communities. It also includes veterinarians.",6.0,Graduate and professional roles,True,False,True,Gain admission to a graduate program with coursework in behavior analysis,72.0
20271110,Family / Behavioral Therapist,"A Family or Behavioral Therapist works with clients who need help dealing with emotional disorders or problems with family and relationships. Addresses client problems in the context of family relationships; helps clients develop ways to recognize and change behavior patterns. Works with individuals, couples or families.",Mental Health Therapy,"The Mental Health Therapy Occupation Group includes occupations specific to the scientific study of the mind and behavior, and the treatment of mental or psychological disorders by psychological means.",Healthcare,"The Healthcare Career Area includes occupations specific to the maintenance or improvement of health via the prevention, diagnosis, treatment, amelioration, or cure of disease, illness, injury, and other physical and mental impairments in individuals or communities. It also includes veterinarians.",6.0,Graduate and professional roles,True,False,True,"Gain admission to Masters or PhD degree program in Social Work, Psychology, or Counseling.",72.0
20271210,Psychologist,"A Psychologist studies human behavior to learn about the mental processes that affect people and how they relate to each other. Specializes in research or works directly with patients. May assess, diagnose and treat mental, emotional or behavioral disorders, provide counseling, advise students, focus on workplace issues or consult on criminal cases.",Mental Health Therapy,"The Mental Health Therapy Occupation Group includes occupations specific to the scientific study of the mind and behavior, and the treatment of mental or psychological disorders by psychological means.",Healthcare,"The Healthcare Career Area includes occupations specific to the maintenance or improvement of health via the prevention, diagnosis, treatment, amelioration, or cure of disease, illness, injury, and other physical and mental impairments in individuals or communities. It also includes veterinarians.",6.0,Graduate and professional roles,True,False,True,Gain admission to PhD degree program in Psychology. Must have Bachelors degree to qualify.,96.0
20281110,Athletic Trainer,"An Athletic Trainer treats injuries and provides training to minimize the risk of injury for athletes and people playing sports. Responds when an athlete is injured on the field. Works for schools or colleges, for professional sports teams, or in physicians' offices.",Mid-Level Healthcare Therapists,"The Mid-Level Healthcare Therapists Occupation Group includes occupations that utilize therapeutic interventions in the realm of art, music, nutrition, and exercise to promote psychological and physical health and well-being.",Healthcare,"The Healthcare Career Area includes occupations specific to the maintenance or improvement of health via the prevention, diagnosis, treatment, amelioration, or cure of disease, illness, injury, and other physical and mental impairments in individuals or communities. It also includes veterinarians.",4.0,Entry level BA roles,True,True,True,Gain admission to Bachelors degree program in Athletic Training.,48.0
20281210,Dietitian / Nutritionist,"A Dietitian or Nutritionist provides clients with advice on healthy eating, and helps to plan nutritional menus. Works with individuals who have specific dietary needs, such as hospital patients, or oversees food programs in schools, hospitals, and other large organizations. May work in a community setting or non-profit, governmental, or public health organization, offering nutritional advice to specific groups of people.",Mid-Level Healthcare Therapists,"The Mid-Level Healthcare Therapists Occupation Group includes occupations that utilize therapeutic interventions in the realm of art, music, nutrition, and exercise to promote psychological and physical health and well-being.",Healthcare,"The Healthcare Career Area includes occupations specific to the maintenance or improvement of health via the prevention, diagnosis, treatment, amelioration, or cure of disease, illness, injury, and other physical and mental impairments in individuals or communities. It also includes veterinarians.",4.0,Entry level BA roles,True,True,True,Gain admission to Bachelors degree program in Dietetics or gain admission to Masters or PhD program in Nutrition Science.,48.0
20281610,Respiratory Therapist,"A Respiratory Therapist assists patients who have trouble breathing because of a chronic respiratory illness, trauma, or other conditions. Administers tests to diagnose breathing problems, performs treatments to help patients breathe easier, or sets up breathing equipment such as ventilators. Works closely with physicians and other healthcare workers, and may also assist in providing emergency care to patients suffering from heart attacks, drowning, or shock. Works in hospitals; may also provide care and counseling to patients in their homes.",Mid-Level Healthcare Therapists,"The Mid-Level Healthcare Therapists Occupation Group includes occupations that utilize therapeutic interventions in the realm of art, music, nutrition, and exercise to promote psychological and physical health and well-being.",Healthcare,"The Healthcare Career Area includes occupations specific to the maintenance or improvement of health via the prevention, diagnosis, treatment, amelioration, or cure of disease, illness, injury, and other physical and mental impairments in individuals or communities. It also includes veterinarians.",3.0,Roles with 2 year specialized degree requirement or a mix of sub-BA and BA requirements,True,True,True,Gain admission to Associates degree program in Respiratory Therapy.,24.0
20281710,Speech Language Pathology Assistant,A Speech Language Pathology Assistant assists licensed speech language pathologists in treating people with speech and language or other communication disorders or swallowing disorders. Assists with screening and helps patients with therapy activities. Works with adults or children and helps to treat a variety of speech disorders or communication problems created by stroke or injury.,Mid-Level Healthcare Therapists,"The Mid-Level Healthcare Therapists Occupation Group includes occupations that utilize therapeutic interventions in the realm of art, music, nutrition, and exercise to promote psychological and physical health and well-being.",Healthcare,"The Healthcare Career Area includes occupations specific to the maintenance or improvement of health via the prevention, diagnosis, treatment, amelioration, or cure of disease, illness, injury, and other physical and mental impairments in individuals or communities. It also includes veterinarians.",3.0,Roles with 2 year specialized degree requirement or a mix of sub-BA and BA requirements,False,False,True,Gain admission to Associate degree program for Speech Language Pathology Assistant or Bachelors degree in CSD (Communications Science & Disorders).,24.0
20291010,Pharmacy Aide,"A Pharmacy Aide helps pharmacists serve customers, and handles administrative duties at a pharmacy.",Non-Patient Care Support,The Non-Patient Care Support Occupation Group includes healthcare occupations in supporting roles which are not directly involved in patient care. It includes sterile processing technicians and pharmacy aides and technicians.,Healthcare,"The Healthcare Career Area includes occupations specific to the maintenance or improvement of health via the prevention, diagnosis, treatment, amelioration, or cure of disease, illness, injury, and other physical and mental impairments in individuals or communities. It also includes veterinarians.",1.0,Roles with minimal training requirements,False,False,False,,0.0
20291110,Pharmacy Technician,A Pharmacy Technician works under the direction of a pharmacist to dispense prescription medications. Serves customers and helps to fill prescriptions. Works in a retail pharmacy or healthcare facility.,Non-Patient Care Support,The Non-Patient Care Support Occupation Group includes healthcare occupations in supporting roles which are not directly involved in patient care. It includes sterile processing technicians and pharmacy aides and technicians.,Healthcare,"The Healthcare Career Area includes occupations specific to the maintenance or improvement of health via the prevention, diagnosis, treatment, amelioration, or cure of disease, illness, injury, and other physical and mental impairments in individuals or communities. It also includes veterinarians.",2.0,Roles with formal training requirements of less than 2 years,False,True,True,Complete certificate program for Pharmacy Technician or employer sponsored training program.,6.0
20291210,Sterile Processing Technician,"A Sterile Processing Technician sterilizes, cleans, and prepares medical equipment for use. May also help install and repair large equipment. Works in a hospital or other healthcare facility.",Non-Patient Care Support,The Non-Patient Care Support Occupation Group includes healthcare occupations in supporting roles which are not directly involved in patient care. It includes sterile processing technicians and pharmacy aides and technicians.,Healthcare,"The Healthcare Career Area includes occupations specific to the maintenance or improvement of health via the prevention, diagnosis, treatment, amelioration, or cure of disease, illness, injury, and other physical and mental impairments in individuals or communities. It also includes veterinarians.",2.0,Roles with formal training requirements of less than 2 years,False,True,True,Complete certificate training program. Some hospitals will offer on-the-job training.,6.0
20301010,Clinical Nurse Educator,"A Clinical Nurse Educator educates people about health issues and promotes healthy behaviors. Plans and directs health education programs at schools, colleges, private businesses, or nonprofits such as community health organizations. May work in a health care facility to educate patients about their conditions and treatment, or work for a public health organization to plan and organize public health campaigns. May also teach nursing at the postsecondary level.",Nursing Management and Training,"The Nursing Management and Training Occupation Group includes managerial and directorial nursing occupations, such as nurse manager or director of nursing, along with trainers and lecturers in nursing.",Healthcare,"The Healthcare Career Area includes occupations specific to the maintenance or improvement of health via the prevention, diagnosis, treatment, amelioration, or cure of disease, illness, injury, and other physical and mental impairments in individuals or communities. It also includes veterinarians.",3.0,Roles with 2 year specialized degree requirement or a mix of sub-BA and BA requirements,True,True,True,Must be licensed RN; gain experience working in clinical specialty area or gain admission to a Graduate degree Nursing program.,48.0
20301110,Director of Nursing,"A Director of Nursing manages and supervises all nursing staff at a hospital or long term care facility. Manages communications with physicians, manages budgets and expenses, and assists other administrators with managing operations. Monitors staff schedules and the quality of nursing care at the facility. Maintains professional license or certification requirements.",Nursing Management and Training,"The Nursing Management and Training Occupation Group includes managerial and directorial nursing occupations, such as nurse manager or director of nursing, along with trainers and lecturers in nursing.",Healthcare,"The Healthcare Career Area includes occupations specific to the maintenance or improvement of health via the prevention, diagnosis, treatment, amelioration, or cure of disease, illness, injury, and other physical and mental impairments in individuals or communities. It also includes veterinarians.",6.0,Graduate and professional roles,True,False,True,Must be licensed RN with a Bachelors degree in Nursing. Gain clinical and supervisory experience to qualify for positions in nursing homes and home health agencies. Complete Masters degree in Health Care Administration or Nursing Administration to qualify for hospital-based positions.,72.0
20301210,Nursing Instructor / Professor,"A Nursing Instructor or Professor teaches nursing students with a combination of classroom instruction and clinical training. Teaches academic subjects needed as the foundation for nursing, such as anatomy and chemistry, and also job skills required for direct patient care. Teaches at a college or in a hospital or other clinical setting.",Nursing Management and Training,"The Nursing Management and Training Occupation Group includes managerial and directorial nursing occupations, such as nurse manager or director of nursing, along with trainers and lecturers in nursing.",Healthcare,"The Healthcare Career Area includes occupations specific to the maintenance or improvement of health via the prevention, diagnosis, treatment, amelioration, or cure of disease, illness, injury, and other physical and mental impairments in individuals or communities. It also includes veterinarians.",6.0,Graduate and professional roles,True,False,True,Gain admission to Masters or Doctoral level Nursing degree program. Must be registered nurse with a Bachelors degree to qualify.,72.0
20301310,Nursing Manager / Supervisor,A Nursing Manager or Supervisor manages nurses working in a clinical unit at a hospital or health care facility. Provides clinical experience as a registered nurse and supervises nurses that provide direct patient care. Creates and manages staff schedules and ensures that hospital policies and procedures are followed. Manages budget and recordkeeping for the unit.,Nursing Management and Training,"The Nursing Management and Training Occupation Group includes managerial and directorial nursing occupations, such as nurse manager or director of nursing, along with trainers and lecturers in nursing.",Healthcare,"The Healthcare Career Area includes occupations specific to the maintenance or improvement of health via the prevention, diagnosis, treatment, amelioration, or cure of disease, illness, injury, and other physical and mental impairments in individuals or communities. It also includes veterinarians.",3.0,Roles with 2 year specialized degree requirement or a mix of sub-BA and BA requirements,True,False,True,Must be licensed RN; gain clinical and supervisory experience or degree in Health Care Administration or Nursing Management to be eligible for Nurse Manager positions.,48.0
20301313,Nursing Manager / Supervisor,A Nursing Manager or Supervisor manages nurses working in a clinical unit at a hospital or health care facility. Provides clinical experience as a registered nurse and supervises nurses that provide direct patient care. Creates and manages staff schedules and ensures that hospital policies and procedures are followed. Manages budget and recordkeeping for the unit.,Nursing Management and Training,"The Nursing Management and Training Occupation Group includes managerial and directorial nursing occupations, such as nurse manager or director of nursing, along with trainers and lecturers in nursing.",Healthcare,"The Healthcare Career Area includes occupations specific to the maintenance or improvement of health via the prevention, diagnosis, treatment, amelioration, or cure of disease, illness, injury, and other physical and mental impairments in individuals or communities. It also includes veterinarians.",3.0,Roles with 2 year specialized degree requirement or a mix of sub-BA and BA requirements,True,False,True,Must be licensed RN; gain clinical and supervisory experience or degree in Health Care Administration or Nursing Management to be eligible for Nurse Manager positions.,48.0
20301314,Nursing Manager / Supervisor,A Nursing Manager or Supervisor manages nurses working in a clinical unit at a hospital or health care facility. Provides clinical experience as a registered nurse and supervises nurses that provide direct patient care. Creates and manages staff schedules and ensures that hospital policies and procedures are followed. Manages budget and recordkeeping for the unit.,Nursing Management and Training,"The Nursing Management and Training Occupation Group includes managerial and directorial nursing occupations, such as nurse manager or director of nursing, along with trainers and lecturers in nursing.",Healthcare,"The Healthcare Career Area includes occupations specific to the maintenance or improvement of health via the prevention, diagnosis, treatment, amelioration, or cure of disease, illness, injury, and other physical and mental impairments in individuals or communities. It also includes veterinarians.",3.0,Roles with 2 year specialized degree requirement or a mix of sub-BA and BA requirements,True,False,True,Must be licensed RN; gain clinical and supervisory experience or degree in Health Care Administration or Nursing Management to be eligible for Nurse Manager positions.,48.0
20311110,Dialysis Technician,"A Dialysis Technician operates equipment used in dialysis, a process used to cleanse the blood of toxin in patients with kidney disease or kidney failure, and provides dialysis treatment to patients. Performs assessments of patients prior to treatment, and monitors patients closely during and after treatment. Cleans and maintains dialysis equipment.",Patient Care Technicians,"The Patient Care Technicians Occupation Group includes healthcare occupations with technician roles that are directly responsible for patient care, as well as diagnosis of injury or disease. It includes medical technicians, emergency medical technicians, and diagnostic technicians.",Healthcare,"The Healthcare Career Area includes occupations specific to the maintenance or improvement of health via the prevention, diagnosis, treatment, amelioration, or cure of disease, illness, injury, and other physical and mental impairments in individuals or communities. It also includes veterinarians.",2.0,Roles with formal training requirements of less than 2 years,False,True,True,Complete Certificate training program in Dialysis Technology,6.0
20311210,Emergency Medical Technician,An Emergency Medical Technician assesses injuries and illnesses and administers basic emergency medical care. May transport injured or sick persons to medical facilities.,Patient Care Technicians,"The Patient Care Technicians Occupation Group includes healthcare occupations with technician roles that are directly responsible for patient care, as well as diagnosis of injury or disease. It includes medical technicians, emergency medical technicians, and diagnostic technicians.",Healthcare,"The Healthcare Career Area includes occupations specific to the maintenance or improvement of health via the prevention, diagnosis, treatment, amelioration, or cure of disease, illness, injury, and other physical and mental impairments in individuals or communities. It also includes veterinarians.",4.0,Entry level BA roles,False,True,True,Complete accredited Emergency Medical Technician Basic training or state approved Certified Nurse Assistant training.,2.0
20311510,Health Technician / Technologist (Other),"A Health Technician or Technologist (Other) performs medical tests and operates diagnostic equipment. May specialize working in mental health, emergency medicine, occupational health, or in a medical laboratory.",Patient Care Technicians,"The Patient Care Technicians Occupation Group includes healthcare occupations with technician roles that are directly responsible for patient care, as well as diagnosis of injury or disease. It includes medical technicians, emergency medical technicians, and diagnostic technicians.",Healthcare,"The Healthcare Career Area includes occupations specific to the maintenance or improvement of health via the prevention, diagnosis, treatment, amelioration, or cure of disease, illness, injury, and other physical and mental impairments in individuals or communities. It also includes veterinarians.",2.0,Roles with formal training requirements of less than 2 years,False,False,False,,0.0
20311610,Medical Assistant,"A Medical Assistant assists physicians and other medical specialists with routine administrative or clinical tasks. Organizes patient records, schedules appointments, and prepares medical equipment. May specialize in administrative or clinical work, or specialize in a particular area of medicine, i.e. assisting in the office of an ophthalmologist (eye specialist). Works in medical offices.",Patient Care Technicians,"The Patient Care Technicians Occupation Group includes healthcare occupations with technician roles that are directly responsible for patient care, as well as diagnosis of injury or disease. It includes medical technicians, emergency medical technicians, and diagnostic technicians.",Healthcare,"The Healthcare Career Area includes occupations specific to the maintenance or improvement of health via the prevention, diagnosis, treatment, amelioration, or cure of disease, illness, injury, and other physical and mental impairments in individuals or communities. It also includes veterinarians.",2.0,Roles with formal training requirements of less than 2 years,False,True,True,Complete Certificate or Associates degree program for Medical Assistant.,12.0
20311710,Paramedic,"A Paramedic administers basic or advanced emergency medical care and assesses injuries and illnesses. May administer medication intravenously, use equipment such as EKGs, or administer advanced life support to sick or injured individuals.",Patient Care Technicians,"The Patient Care Technicians Occupation Group includes healthcare occupations with technician roles that are directly responsible for patient care, as well as diagnosis of injury or disease. It includes medical technicians, emergency medical technicians, and diagnostic technicians.",Healthcare,"The Healthcare Career Area includes occupations specific to the maintenance or improvement of health via the prevention, diagnosis, treatment, amelioration, or cure of disease, illness, injury, and other physical and mental impairments in individuals or communities. It also includes veterinarians.",4.0,Entry level BA roles,False,True,True,Gain admission to Certificate program for Emergency Medical Technician or Paramedic.,6.0
20311810,Phlebotomist,A Phlebotomist collects blood samples from patients for medical tests. May also perform routine laboratory test on samples. Works in a healthcare facility or in a laboratory.,Patient Care Technicians,"The Patient Care Technicians Occupation Group includes healthcare occupations with technician roles that are directly responsible for patient care, as well as diagnosis of injury or disease. It includes medical technicians, emergency medical technicians, and diagnostic technicians.",Healthcare,"The Healthcare Career Area includes occupations specific to the maintenance or improvement of health via the prevention, diagnosis, treatment, amelioration, or cure of disease, illness, injury, and other physical and mental impairments in individuals or communities. It also includes veterinarians.",2.0,Roles with formal training requirements of less than 2 years,True,True,True,Complete Certificate training program. Some hospitals will offer on-the-job training.,2.0
20311910,Surgical Technician / Technologist,"A Surgical Technician or Technologist assists with surgical operations. Prepares the operating room and equipment before a procedure, and helps surgeons and nurses during the procedure. Works in hospitals or other healthcare facilities.",Patient Care Technicians,"The Patient Care Technicians Occupation Group includes healthcare occupations with technician roles that are directly responsible for patient care, as well as diagnosis of injury or disease. It includes medical technicians, emergency medical technicians, and diagnostic technicians.",Healthcare,"The Healthcare Career Area includes occupations specific to the maintenance or improvement of health via the prevention, diagnosis, treatment, amelioration, or cure of disease, illness, injury, and other physical and mental impairments in individuals or communities. It also includes veterinarians.",2.0,Roles with formal training requirements of less than 2 years,False,True,True,Gain admission to Certificate or Associates degree program or complete military training in Surgical Technology.,12.0
20321019,Pharmacist,"A Pharmacist provides medications to patients and educates patients and physicians on the proper use of medications. May work for a pharmacy or a healthcare facility. May be directly involved in patient care, or consult with healthcare facilities or insurance companies to develop efficient methods of prescription.",Pharmacists,"The Pharmacists Occupation Group includes occupations specific to the clinical health science that links medical science with chemistry - the discovery, production, disposal, safe and effective use, and control of medications and drugs.",Healthcare,"The Healthcare Career Area includes occupations specific to the maintenance or improvement of health via the prevention, diagnosis, treatment, amelioration, or cure of disease, illness, injury, and other physical and mental impairments in individuals or communities. It also includes veterinarians.",6.0,Graduate and professional roles,True,False,True,Gain admission to Doctor of Pharmacy degree program. Must have Bachelors degree and pre-requisite science courses to qualify.,72.0
20321022,Pharmacist,"A Pharmacist provides medications to patients and educates patients and physicians on the proper use of medications. May work for a pharmacy or a healthcare facility. May be directly involved in patient care, or consult with healthcare facilities or insurance companies to develop efficient methods of prescription.",Pharmacists,"The Pharmacists Occupation Group includes occupations specific to the clinical health science that links medical science with chemistry - the discovery, production, disposal, safe and effective use, and control of medications and drugs.",Healthcare,"The Healthcare Career Area includes occupations specific to the maintenance or improvement of health via the prevention, diagnosis, treatment, amelioration, or cure of disease, illness, injury, and other physical and mental impairments in individuals or communities. It also includes veterinarians.",6.0,Graduate and professional roles,True,False,True,Gain admission to Doctor of Pharmacy degree program. Must have Bachelors degree and pre-requisite science courses to qualify.,72.0
20321111,Pharmacy Manager / Director,"A Pharmacy Manager or Director oversees the operations of a pharmacy. Responsibilities include supervising drug dispensing, training pharmacy staff, and managing medication inventory. They ensure the efficient and effective functioning of the pharmacy while maintaining high standards of patient care and regulatory compliance.",Pharmacists,"The Pharmacists Occupation Group includes occupations specific to the clinical health science that links medical science with chemistry - the discovery, production, disposal, safe and effective use, and control of medications and drugs.",Healthcare,"The Healthcare Career Area includes occupations specific to the maintenance or improvement of health via the prevention, diagnosis, treatment, amelioration, or cure of disease, illness, injury, and other physical and mental impairments in individuals or communities. It also includes veterinarians.",6.0,Graduate and professional roles,True,False,True,Gain admission to Doctor of Pharmacy degree program. Must have Bachelors degree and pre-requisite science courses to qualify.,72.0
20331010,Physician,"A Physician diagnoses and treats illness and injuries in patients. May specialize in working with a particular group of people (such as children), or a particular area of health care and treatment (such as cardiology, oncology, surgery, radiology or anesthesiology). Works from a private practice or within a hospital or larger healthcare facility.",Physicians,"The Physicians Occupation Group includes occupations specific to the practice of medicine, which is concerned with promoting, maintaining, or restoring human health through the study, diagnosis, prognosis and treatment of disease, injury, and other physical and mental impairments. It includes general practitioners, specialists, and surgeons.",Healthcare,"The Healthcare Career Area includes occupations specific to the maintenance or improvement of health via the prevention, diagnosis, treatment, amelioration, or cure of disease, illness, injury, and other physical and mental impairments in individuals or communities. It also includes veterinarians.",6.0,Graduate and professional roles,True,True,True,Gain admission to Medical School. Must have Bachelors degree and pre-requisite science courses to qualify.,132.0
20331014,Physician,"A Physician diagnoses and treats illness and injuries in patients. May specialize in working with a particular group of people (such as children), or a particular area of health care and treatment (such as cardiology, oncology, surgery, radiology or anesthesiology). Works from a private practice or within a hospital or larger healthcare facility.",Physicians,"The Physicians Occupation Group includes occupations specific to the practice of medicine, which is concerned with promoting, maintaining, or restoring human health through the study, diagnosis, prognosis and treatment of disease, injury, and other physical and mental impairments. It includes general practitioners, specialists, and surgeons.",Healthcare,"The Healthcare Career Area includes occupations specific to the maintenance or improvement of health via the prevention, diagnosis, treatment, amelioration, or cure of disease, illness, injury, and other physical and mental impairments in individuals or communities. It also includes veterinarians.",6.0,Graduate and professional roles,True,True,True,Gain admission to Medical School. Must have Bachelors degree and pre-requisite science courses to qualify.,132.0
20331017,Physician,"A Physician diagnoses and treats illness and injuries in patients. May specialize in working with a particular group of people (such as children), or a particular area of health care and treatment (such as cardiology, oncology, surgery, radiology or anesthesiology). Works from a private practice or within a hospital or larger healthcare facility.",Physicians,"The Physicians Occupation Group includes occupations specific to the practice of medicine, which is concerned with promoting, maintaining, or restoring human health through the study, diagnosis, prognosis and treatment of disease, injury, and other physical and mental impairments. It includes general practitioners, specialists, and surgeons.",Healthcare,"The Healthcare Career Area includes occupations specific to the maintenance or improvement of health via the prevention, diagnosis, treatment, amelioration, or cure of disease, illness, injury, and other physical and mental impairments in individuals or communities. It also includes veterinarians.",6.0,Graduate and professional roles,True,True,True,Gain admission to Medical School. Must have Bachelors degree and pre-requisite science courses to qualify.,132.0
20331020,Physician,"A Physician diagnoses and treats illness and injuries in patients. May specialize in working with a particular group of people (such as children), or a particular area of health care and treatment (such as cardiology, oncology, surgery, radiology or anesthesiology). Works from a private practice or within a hospital or larger healthcare facility.",Physicians,"The Physicians Occupation Group includes occupations specific to the practice of medicine, which is concerned with promoting, maintaining, or restoring human health through the study, diagnosis, prognosis and treatment of disease, injury, and other physical and mental impairments. It includes general practitioners, specialists, and surgeons.",Healthcare,"The Healthcare Career Area includes occupations specific to the maintenance or improvement of health via the prevention, diagnosis, treatment, amelioration, or cure of disease, illness, injury, and other physical and mental impairments in individuals or communities. It also includes veterinarians.",6.0,Graduate and professional roles,True,True,True,Gain admission to Medical School. Must have Bachelors degree and pre-requisite science courses to qualify.,132.0
20331027,Physician,"A Physician diagnoses and treats illness and injuries in patients. May specialize in working with a particular group of people (such as children), or a particular area of health care and treatment (such as cardiology, oncology, surgery, radiology or anesthesiology). Works from a private practice or within a hospital or larger healthcare facility.",Physicians,"The Physicians Occupation Group includes occupations specific to the practice of medicine, which is concerned with promoting, maintaining, or restoring human health through the study, diagnosis, prognosis and treatment of disease, injury, and other physical and mental impairments. It includes general practitioners, specialists, and surgeons.",Healthcare,"The Healthcare Career Area includes occupations specific to the maintenance or improvement of health via the prevention, diagnosis, treatment, amelioration, or cure of disease, illness, injury, and other physical and mental impairments in individuals or communities. It also includes veterinarians.",6.0,Graduate and professional roles,True,True,True,Gain admission to Medical School. Must have Bachelors degree and pre-requisite science courses to qualify.,132.0
20331031,Physician,"A Physician diagnoses and treats illness and injuries in patients. May specialize in working with a particular group of people (such as children), or a particular area of health care and treatment (such as cardiology, oncology, surgery, radiology or anesthesiology). Works from a private practice or within a hospital or larger healthcare facility.",Physicians,"The Physicians Occupation Group includes occupations specific to the practice of medicine, which is concerned with promoting, maintaining, or restoring human health through the study, diagnosis, prognosis and treatment of disease, injury, and other physical and mental impairments. It includes general practitioners, specialists, and surgeons.",Healthcare,"The Healthcare Career Area includes occupations specific to the maintenance or improvement of health via the prevention, diagnosis, treatment, amelioration, or cure of disease, illness, injury, and other physical and mental impairments in individuals or communities. It also includes veterinarians.",6.0,Graduate and professional roles,True,True,True,Gain admission to Medical School. Must have Bachelors degree and pre-requisite science courses to qualify.,132.0
20331033,Physician,"A Physician diagnoses and treats illness and injuries in patients. May specialize in working with a particular group of people (such as children), or a particular area of health care and treatment (such as cardiology, oncology, surgery, radiology or anesthesiology). Works from a private practice or within a hospital or larger healthcare facility.",Physicians,"The Physicians Occupation Group includes occupations specific to the practice of medicine, which is concerned with promoting, maintaining, or restoring human health through the study, diagnosis, prognosis and treatment of disease, injury, and other physical and mental impairments. It includes general practitioners, specialists, and surgeons.",Healthcare,"The Healthcare Career Area includes occupations specific to the maintenance or improvement of health via the prevention, diagnosis, treatment, amelioration, or cure of disease, illness, injury, and other physical and mental impairments in individuals or communities. It also includes veterinarians.",6.0,Graduate and professional roles,True,True,True,Gain admission to Medical School. Must have Bachelors degree and pre-requisite science courses to qualify.,132.0
20341110,Licensed Practical / Vocational Nurse,"A Licensed Practical Nurse or Vocational Nurse provides basic medical care under the direction of registered nurses and other healthcare specialists. The tasks that they are permitted to perform vary by state, but usually include changing bandages, checking blood pressure, or helping feed patients. May work in hospitals, nursing homes, or other healthcare facilities.",Registered / Practical Nursing,"The Registered / Practical Nursing Occupation Group includes occupations in nursing - It includes registered nurses, nursing assistants, practical or vocational nurses, school nurses and clinical case managers.",Healthcare,"The Healthcare Career Area includes occupations specific to the maintenance or improvement of health via the prevention, diagnosis, treatment, amelioration, or cure of disease, illness, injury, and other physical and mental impairments in individuals or communities. It also includes veterinarians.",2.0,Roles with formal training requirements of less than 2 years,True,False,True,Gain admission to state approved program for Licensed Practical/Vocational Nursing.,12.0
20341212,Registered Nurse,"A Registered Nurse provides medical care and treatment, educates patients about their conditions, and provides emotional support to patients and families. Works in hospitals, schools, clinics or community health centers. Works under the supervision of a physician or other specialist, and serves as the primary point of care for patients in a hospital setting. May specialize in emergency room work, or treatment for a particular condition, or specialize in working with infants, the elderly or other patient groups. May work as an advanced practice specialists and prescribe medications in addition to offering specialty care.",Registered / Practical Nursing,"The Registered / Practical Nursing Occupation Group includes occupations in nursing - It includes registered nurses, nursing assistants, practical or vocational nurses, school nurses and clinical case managers.",Healthcare,"The Healthcare Career Area includes occupations specific to the maintenance or improvement of health via the prevention, diagnosis, treatment, amelioration, or cure of disease, illness, injury, and other physical and mental impairments in individuals or communities. It also includes veterinarians.",3.0,Roles with 2 year specialized degree requirement or a mix of sub-BA and BA requirements,True,True,True,Gain admission to Associate or Bachelors degree nursing program.,36.0
20341214,Registered Nurse,"A Registered Nurse provides medical care and treatment, educates patients about their conditions, and provides emotional support to patients and families. Works in hospitals, schools, clinics or community health centers. Works under the supervision of a physician or other specialist, and serves as the primary point of care for patients in a hospital setting. May specialize in emergency room work, or treatment for a particular condition, or specialize in working with infants, the elderly or other patient groups. May work as an advanced practice specialists and prescribe medications in addition to offering specialty care.",Registered / Practical Nursing,"The Registered / Practical Nursing Occupation Group includes occupations in nursing - It includes registered nurses, nursing assistants, practical or vocational nurses, school nurses and clinical case managers.",Healthcare,"The Healthcare Career Area includes occupations specific to the maintenance or improvement of health via the prevention, diagnosis, treatment, amelioration, or cure of disease, illness, injury, and other physical and mental impairments in individuals or communities. It also includes veterinarians.",3.0,Roles with 2 year specialized degree requirement or a mix of sub-BA and BA requirements,True,True,True,Gain admission to Associate or Bachelors degree nursing program.,36.0
20341216,Registered Nurse,"A Registered Nurse provides medical care and treatment, educates patients about their conditions, and provides emotional support to patients and families. Works in hospitals, schools, clinics or community health centers. Works under the supervision of a physician or other specialist, and serves as the primary point of care for patients in a hospital setting. May specialize in emergency room work, or treatment for a particular condition, or specialize in working with infants, the elderly or other patient groups. May work as an advanced practice specialists and prescribe medications in addition to offering specialty care.",Registered / Practical Nursing,"The Registered / Practical Nursing Occupation Group includes occupations in nursing - It includes registered nurses, nursing assistants, practical or vocational nurses, school nurses and clinical case managers.",Healthcare,"The Healthcare Career Area includes occupations specific to the maintenance or improvement of health via the prevention, diagnosis, treatment, amelioration, or cure of disease, illness, injury, and other physical and mental impairments in individuals or communities. It also includes veterinarians.",3.0,Roles with 2 year specialized degree requirement or a mix of sub-BA and BA requirements,True,True,True,Gain admission to Associate or Bachelors degree nursing program.,36.0
20341217,Registered Nurse,"A Registered Nurse provides medical care and treatment, educates patients about their conditions, and provides emotional support to patients and families. Works in hospitals, schools, clinics or community health centers. Works under the supervision of a physician or other specialist, and serves as the primary point of care for patients in a hospital setting. May specialize in emergency room work, or treatment for a particular condition, or specialize in working with infants, the elderly or other patient groups. May work as an advanced practice specialists and prescribe medications in addition to offering specialty care.",Registered / Practical Nursing,"The Registered / Practical Nursing Occupation Group includes occupations in nursing - It includes registered nurses, nursing assistants, practical or vocational nurses, school nurses and clinical case managers.",Healthcare,"The Healthcare Career Area includes occupations specific to the maintenance or improvement of health via the prevention, diagnosis, treatment, amelioration, or cure of disease, illness, injury, and other physical and mental impairments in individuals or communities. It also includes veterinarians.",3.0,Roles with 2 year specialized degree requirement or a mix of sub-BA and BA requirements,True,True,True,Gain admission to Associate or Bachelors degree nursing program.,36.0
20341218,Registered Nurse,"A Registered Nurse provides medical care and treatment, educates patients about their conditions, and provides emotional support to patients and families. Works in hospitals, schools, clinics or community health centers. Works under the supervision of a physician or other specialist, and serves as the primary point of care for patients in a hospital setting. May specialize in emergency room work, or treatment for a particular condition, or specialize in working with infants, the elderly or other patient groups. May work as an advanced practice specialists and prescribe medications in addition to offering specialty care.",Registered / Practical Nursing,"The Registered / Practical Nursing Occupation Group includes occupations in nursing - It includes registered nurses, nursing assistants, practical or vocational nurses, school nurses and clinical case managers.",Healthcare,"The Healthcare Career Area includes occupations specific to the maintenance or improvement of health via the prevention, diagnosis, treatment, amelioration, or cure of disease, illness, injury, and other physical and mental impairments in individuals or communities. It also includes veterinarians.",3.0,Roles with 2 year specialized degree requirement or a mix of sub-BA and BA requirements,True,True,True,Gain admission to Associate or Bachelors degree nursing program.,36.0
20341219,Registered Nurse,"A Registered Nurse provides medical care and treatment, educates patients about their conditions, and provides emotional support to patients and families. Works in hospitals, schools, clinics or community health centers. Works under the supervision of a physician or other specialist, and serves as the primary point of care for patients in a hospital setting. May specialize in emergency room work, or treatment for a particular condition, or specialize in working with infants, the elderly or other patient groups. May work as an advanced practice specialists and prescribe medications in addition to offering specialty care.",Registered / Practical Nursing,"The Registered / Practical Nursing Occupation Group includes occupations in nursing - It includes registered nurses, nursing assistants, practical or vocational nurses, school nurses and clinical case managers.",Healthcare,"The Healthcare Career Area includes occupations specific to the maintenance or improvement of health via the prevention, diagnosis, treatment, amelioration, or cure of disease, illness, injury, and other physical and mental impairments in individuals or communities. It also includes veterinarians.",3.0,Roles with 2 year specialized degree requirement or a mix of sub-BA and BA requirements,True,True,True,Gain admission to Associate or Bachelors degree nursing program.,36.0
20341220,Registered Nurse,"A Registered Nurse provides medical care and treatment, educates patients about their conditions, and provides emotional support to patients and families. Works in hospitals, schools, clinics or community health centers. Works under the supervision of a physician or other specialist, and serves as the primary point of care for patients in a hospital setting. May specialize in emergency room work, or treatment for a particular condition, or specialize in working with infants, the elderly or other patient groups. May work as an advanced practice specialists and prescribe medications in addition to offering specialty care.",Registered / Practical Nursing,"The Registered / Practical Nursing Occupation Group includes occupations in nursing - It includes registered nurses, nursing assistants, practical or vocational nurses, school nurses and clinical case managers.",Healthcare,"The Healthcare Career Area includes occupations specific to the maintenance or improvement of health via the prevention, diagnosis, treatment, amelioration, or cure of disease, illness, injury, and other physical and mental impairments in individuals or communities. It also includes veterinarians.",3.0,Roles with 2 year specialized degree requirement or a mix of sub-BA and BA requirements,True,True,True,Gain admission to Associate or Bachelors degree nursing program.,36.0
20341221,Registered Nurse,"A Registered Nurse provides medical care and treatment, educates patients about their conditions, and provides emotional support to patients and families. Works in hospitals, schools, clinics or community health centers. Works under the supervision of a physician or other specialist, and serves as the primary point of care for patients in a hospital setting. May specialize in emergency room work, or treatment for a particular condition, or specialize in working with infants, the elderly or other patient groups. May work as an advanced practice specialists and prescribe medications in addition to offering specialty care.",Registered / Practical Nursing,"The Registered / Practical Nursing Occupation Group includes occupations in nursing - It includes registered nurses, nursing assistants, practical or vocational nurses, school nurses and clinical case managers.",Healthcare,"The Healthcare Career Area includes occupations specific to the maintenance or improvement of health via the prevention, diagnosis, treatment, amelioration, or cure of disease, illness, injury, and other physical and mental impairments in individuals or communities. It also includes veterinarians.",3.0,Roles with 2 year specialized degree requirement or a mix of sub-BA and BA requirements,True,True,True,Gain admission to Associate or Bachelors degree nursing program.,36.0
20341222,Registered Nurse,"A Registered Nurse provides medical care and treatment, educates patients about their conditions, and provides emotional support to patients and families. Works in hospitals, schools, clinics or community health centers. Works under the supervision of a physician or other specialist, and serves as the primary point of care for patients in a hospital setting. May specialize in emergency room work, or treatment for a particular condition, or specialize in working with infants, the elderly or other patient groups. May work as an advanced practice specialists and prescribe medications in addition to offering specialty care.",Registered / Practical Nursing,"The Registered / Practical Nursing Occupation Group includes occupations in nursing - It includes registered nurses, nursing assistants, practical or vocational nurses, school nurses and clinical case managers.",Healthcare,"The Healthcare Career Area includes occupations specific to the maintenance or improvement of health via the prevention, diagnosis, treatment, amelioration, or cure of disease, illness, injury, and other physical and mental impairments in individuals or communities. It also includes veterinarians.",3.0,Roles with 2 year specialized degree requirement or a mix of sub-BA and BA requirements,True,True,True,Gain admission to Associate or Bachelors degree nursing program.,36.0
20341227,Registered Nurse,"A Registered Nurse provides medical care and treatment, educates patients about their conditions, and provides emotional support to patients and families. Works in hospitals, schools, clinics or community health centers. Works under the supervision of a physician or other specialist, and serves as the primary point of care for patients in a hospital setting. May specialize in emergency room work, or treatment for a particular condition, or specialize in working with infants, the elderly or other patient groups. May work as an advanced practice specialists and prescribe medications in addition to offering specialty care.",Registered / Practical Nursing,"The Registered / Practical Nursing Occupation Group includes occupations in nursing - It includes registered nurses, nursing assistants, practical or vocational nurses, school nurses and clinical case managers.",Healthcare,"The Healthcare Career Area includes occupations specific to the maintenance or improvement of health via the prevention, diagnosis, treatment, amelioration, or cure of disease, illness, injury, and other physical and mental impairments in individuals or communities. It also includes veterinarians.",3.0,Roles with 2 year specialized degree requirement or a mix of sub-BA and BA requirements,True,True,True,Gain admission to Associate or Bachelors degree nursing program.,36.0
20341228,Registered Nurse,"A Registered Nurse provides medical care and treatment, educates patients about their conditions, and provides emotional support to patients and families. Works in hospitals, schools, clinics or community health centers. Works under the supervision of a physician or other specialist, and serves as the primary point of care for patients in a hospital setting. May specialize in emergency room work, or treatment for a particular condition, or specialize in working with infants, the elderly or other patient groups. May work as an advanced practice specialists and prescribe medications in addition to offering specialty care.",Registered / Practical Nursing,"The Registered / Practical Nursing Occupation Group includes occupations in nursing - It includes registered nurses, nursing assistants, practical or vocational nurses, school nurses and clinical case managers.",Healthcare,"The Healthcare Career Area includes occupations specific to the maintenance or improvement of health via the prevention, diagnosis, treatment, amelioration, or cure of disease, illness, injury, and other physical and mental impairments in individuals or communities. It also includes veterinarians.",3.0,Roles with 2 year specialized degree requirement or a mix of sub-BA and BA requirements,True,True,True,Gain admission to Associate or Bachelors degree nursing program.,36.0
20341229,Registered Nurse,"A Registered Nurse provides medical care and treatment, educates patients about their conditions, and provides emotional support to patients and families. Works in hospitals, schools, clinics or community health centers. Works under the supervision of a physician or other specialist, and serves as the primary point of care for patients in a hospital setting. May specialize in emergency room work, or treatment for a particular condition, or specialize in working with infants, the elderly or other patient groups. May work as an advanced practice specialists and prescribe medications in addition to offering specialty care.",Registered / Practical Nursing,"The Registered / Practical Nursing Occupation Group includes occupations in nursing - It includes registered nurses, nursing assistants, practical or vocational nurses, school nurses and clinical case managers.",Healthcare,"The Healthcare Career Area includes occupations specific to the maintenance or improvement of health via the prevention, diagnosis, treatment, amelioration, or cure of disease, illness, injury, and other physical and mental impairments in individuals or communities. It also includes veterinarians.",3.0,Roles with 2 year specialized degree requirement or a mix of sub-BA and BA requirements,True,True,True,Gain admission to Associate or Bachelors degree nursing program.,36.0
20351010,Occupational Therapy Aide,"An Occupational Therapy Aide assists occupational therapists and technicians to help patients with injuries, illnesses, or disabilities. Sets up treatment areas and equipment, handles clerical tasks, and helps move patients. Works in the office of an occupational therapist or an healthcare setting.",Therapy Support,The Therapy Support Occupation Group includes occupations that provide support to therapists and carry out treatment plans in order to rehabilitate people with physical and cognitive injuries and disabilities.,Healthcare,"The Healthcare Career Area includes occupations specific to the maintenance or improvement of health via the prevention, diagnosis, treatment, amelioration, or cure of disease, illness, injury, and other physical and mental impairments in individuals or communities. It also includes veterinarians.",1.0,Roles with minimal training requirements,False,False,False,,0.0
20351310,Physical Therapy Assistant,A Physical Therapy Assistant assists physical therapists to help patients with disabling injuries or conditions improve their range of motion and manage their pain. Helps patients learn exercises and teaches them to use therapeutic equipment. Works in the office of a physical therapist or in a healthcare facility.,Therapy Support,The Therapy Support Occupation Group includes occupations that provide support to therapists and carry out treatment plans in order to rehabilitate people with physical and cognitive injuries and disabilities.,Healthcare,"The Healthcare Career Area includes occupations specific to the maintenance or improvement of health via the prevention, diagnosis, treatment, amelioration, or cure of disease, illness, injury, and other physical and mental impairments in individuals or communities. It also includes veterinarians.",3.0,Roles with 2 year specialized degree requirement or a mix of sub-BA and BA requirements,True,True,True,Gain admission to Associates degree program for Physical Therapy Assistant.,24.0
20371210,Optician,"An Optician fits eyeglasses and contact lenses according to prescriptions written by optometrists and ophthalmologists. Helps customers choose eyeglass frames and contact lenses, and repairs or refits broken frames. Works in the office of an optometrist or physician, or in a store that sells eyeglasses.",Vision and Hearing Specialists,"The Vision and Hearing Specialists Occupation Group includes healthcare occupations specific to the diagnosis and treatment or correction of vision and hearing impairments in patients. It includes audiologists, optometrists and opticians.",Healthcare,"The Healthcare Career Area includes occupations specific to the maintenance or improvement of health via the prevention, diagnosis, treatment, amelioration, or cure of disease, illness, injury, and other physical and mental impairments in individuals or communities. It also includes veterinarians.",3.0,Roles with 2 year specialized degree requirement or a mix of sub-BA and BA requirements,True,True,True,"Gain admission to accredited Associates degree program in Opticianry or to Apprenticeship training, pass written and practical exam to gain certification; gain license as required in some states.",24.0
20371310,Optometrist,"An Optometrist provides primary care for health issues related to the eyes and vision. Examines patients' eyes to diagnose vision problems or diseases, and prescribes eyeglasses, contact lenses, or other treatments as needed. May specialize in a particular type of eye or vision care.",Vision and Hearing Specialists,"The Vision and Hearing Specialists Occupation Group includes healthcare occupations specific to the diagnosis and treatment or correction of vision and hearing impairments in patients. It includes audiologists, optometrists and opticians.",Healthcare,"The Healthcare Career Area includes occupations specific to the maintenance or improvement of health via the prevention, diagnosis, treatment, amelioration, or cure of disease, illness, injury, and other physical and mental impairments in individuals or communities. It also includes veterinarians.",6.0,Graduate and professional roles,True,False,True,Gain admission to Doctor of Optometry (O.D.) degree program. Must have Bachelors degree and pre-requisite science courses.,96.0
21111010,Baker,"A Baker assembles ingredients and bakes breads, pastries, or a variety of other baked goods. May specialize in baking a particular product, such as bread or cakes, or specialize in a particular style of baking. Works in an independent bakery, restaurant, grocery store, or food manufacturing facility.",Food and Beverage Preparation,"The Food and Beverage Preparation Occupation Group includes occupations specific to the preparation and cooking of food and drink for human consumption. It includes bakers, cooks, chefs, bartenders and baristas - But also includes meat cutters and seafood processors.","Hospitality, Food, and Tourism","The Hospitality, Food, and Tourism Career Area includes occupations specific to the provision of lodgings, food and entertainment to visitors, conference delegates and tourists. It includes roles in hotels, restaurants and food preparation.",1.0,Roles with minimal training requirements,False,False,False,,0.0
21111110,Barista,"A Barista prepares and serves coffee and other beverages at coffee houses or coffee bars. Takes customer orders, serves baked goods and snacks, runs and maintains coffee making equipment and monitors supplies.",Food and Beverage Preparation,"The Food and Beverage Preparation Occupation Group includes occupations specific to the preparation and cooking of food and drink for human consumption. It includes bakers, cooks, chefs, bartenders and baristas - But also includes meat cutters and seafood processors.","Hospitality, Food, and Tourism","The Hospitality, Food, and Tourism Career Area includes occupations specific to the provision of lodgings, food and entertainment to visitors, conference delegates and tourists. It includes roles in hotels, restaurants and food preparation.",1.0,Roles with minimal training requirements,False,False,False,,0.0
21111210,Bartender,A Bartender mixes and prepares cocktails and serves drinks to customers. Works with other wait staff in a bar or restaurant; checks to be sure that customers are legal drinking age. May work at private parties.,Food and Beverage Preparation,"The Food and Beverage Preparation Occupation Group includes occupations specific to the preparation and cooking of food and drink for human consumption. It includes bakers, cooks, chefs, bartenders and baristas - But also includes meat cutters and seafood processors.","Hospitality, Food, and Tourism","The Hospitality, Food, and Tourism Career Area includes occupations specific to the provision of lodgings, food and entertainment to visitors, conference delegates and tourists. It includes roles in hotels, restaurants and food preparation.",1.0,Roles with minimal training requirements,False,False,False,,0.0
21111310,Butcher / Meat Cutter,"A Butcher or Meat Cutter butchers cows, pigs or other animals for meat and prepares different cuts of meat for retail or wholesale customers or for a food processing company.",Food and Beverage Preparation,"The Food and Beverage Preparation Occupation Group includes occupations specific to the preparation and cooking of food and drink for human consumption. It includes bakers, cooks, chefs, bartenders and baristas - But also includes meat cutters and seafood processors.","Hospitality, Food, and Tourism","The Hospitality, Food, and Tourism Career Area includes occupations specific to the provision of lodgings, food and entertainment to visitors, conference delegates and tourists. It includes roles in hotels, restaurants and food preparation.",2.0,Roles with formal training requirements of less than 2 years,False,False,False,,0.0
21111410,Chef,"A Chef oversees food preparation and directs other cooks and kitchen staff. Plans menus, develops recipes, orders ingredients and supplies. May supervise kitchen operations in a restaurant or work for a private household; may work for an executive office or a client that entertains regularly.",Food and Beverage Preparation,"The Food and Beverage Preparation Occupation Group includes occupations specific to the preparation and cooking of food and drink for human consumption. It includes bakers, cooks, chefs, bartenders and baristas - But also includes meat cutters and seafood processors.","Hospitality, Food, and Tourism","The Hospitality, Food, and Tourism Career Area includes occupations specific to the provision of lodgings, food and entertainment to visitors, conference delegates and tourists. It includes roles in hotels, restaurants and food preparation.",2.0,Roles with formal training requirements of less than 2 years,False,False,True,Complete Vocational or Associates degree program in Culinary Arts.,12.0
21111412,Chef,"A Chef oversees food preparation and directs other cooks and kitchen staff. Plans menus, develops recipes, orders ingredients and supplies. May supervise kitchen operations in a restaurant or work for a private household; may work for an executive office or a client that entertains regularly.",Food and Beverage Preparation,"The Food and Beverage Preparation Occupation Group includes occupations specific to the preparation and cooking of food and drink for human consumption. It includes bakers, cooks, chefs, bartenders and baristas - But also includes meat cutters and seafood processors.","Hospitality, Food, and Tourism","The Hospitality, Food, and Tourism Career Area includes occupations specific to the provision of lodgings, food and entertainment to visitors, conference delegates and tourists. It includes roles in hotels, restaurants and food preparation.",2.0,Roles with formal training requirements of less than 2 years,False,False,True,Complete Vocational or Associates degree program in Culinary Arts.,12.0
21111414,Chef,"A Chef oversees food preparation and directs other cooks and kitchen staff. Plans menus, develops recipes, orders ingredients and supplies. May supervise kitchen operations in a restaurant or work for a private household; may work for an executive office or a client that entertains regularly.",Food and Beverage Preparation,"The Food and Beverage Preparation Occupation Group includes occupations specific to the preparation and cooking of food and drink for human consumption. It includes bakers, cooks, chefs, bartenders and baristas - But also includes meat cutters and seafood processors.","Hospitality, Food, and Tourism","The Hospitality, Food, and Tourism Career Area includes occupations specific to the provision of lodgings, food and entertainment to visitors, conference delegates and tourists. It includes roles in hotels, restaurants and food preparation.",2.0,Roles with formal training requirements of less than 2 years,False,False,True,Complete Vocational or Associates degree program in Culinary Arts.,12.0
21111510,Cook,"A Cook prepares food in a restaurant or institutional kitchen. May be responsible for a specific station or type of food preparation in a larger kitchen, or specialize as a short-order or fast-food cook. May prepare meals in private homes, or cater parties.",Food and Beverage Preparation,"The Food and Beverage Preparation Occupation Group includes occupations specific to the preparation and cooking of food and drink for human consumption. It includes bakers, cooks, chefs, bartenders and baristas - But also includes meat cutters and seafood processors.","Hospitality, Food, and Tourism","The Hospitality, Food, and Tourism Career Area includes occupations specific to the provision of lodgings, food and entertainment to visitors, conference delegates and tourists. It includes roles in hotels, restaurants and food preparation.",1.0,Roles with minimal training requirements,False,False,False,,0.0
21111710,Kitchen Staff,"A Kitchen Staff assists with food preparation as directed by cooks, food supervisors or chefs. Cleans kitchen work areas and dishes. Prepares ingredients for dishes to be cooked, prepares beverages, and stocks salad bars or buffet tables.",Food and Beverage Preparation,"The Food and Beverage Preparation Occupation Group includes occupations specific to the preparation and cooking of food and drink for human consumption. It includes bakers, cooks, chefs, bartenders and baristas - But also includes meat cutters and seafood processors.","Hospitality, Food, and Tourism","The Hospitality, Food, and Tourism Career Area includes occupations specific to the provision of lodgings, food and entertainment to visitors, conference delegates and tourists. It includes roles in hotels, restaurants and food preparation.",1.0,Roles with minimal training requirements,False,False,False,,0.0
21121010,Busser / Banquet Worker / Cafeteria Attendant,"A Busser, Banquet Worker, or Cafeteria Attendant assists with food service at a restaurant, large banquet hall or cafeteria. Removes used dishes, sets tables with clean dishes and linens, replenishes foods served at food stations or buffet tables, and provides water, coffee or other beverages for patrons.",Food and Beverage Service and Support,"The Food and Beverage Service and Support Occupation Group includes occupations specific to serving food and drinks in restaurants and cafeterias, such as waiting staff, food counter servers, bussers and dishwashers.","Hospitality, Food, and Tourism","The Hospitality, Food, and Tourism Career Area includes occupations specific to the provision of lodgings, food and entertainment to visitors, conference delegates and tourists. It includes roles in hotels, restaurants and food preparation.",1.0,Roles with minimal training requirements,False,False,False,,0.0
21121110,Dishwasher,"A Dishwasher washes dishes, pots, pans or other kitchen equipment for a restaurant or dining hall.",Food and Beverage Service and Support,"The Food and Beverage Service and Support Occupation Group includes occupations specific to serving food and drinks in restaurants and cafeterias, such as waiting staff, food counter servers, bussers and dishwashers.","Hospitality, Food, and Tourism","The Hospitality, Food, and Tourism Career Area includes occupations specific to the provision of lodgings, food and entertainment to visitors, conference delegates and tourists. It includes roles in hotels, restaurants and food preparation.",1.0,Roles with minimal training requirements,False,False,False,,0.0
21121210,Fast Food / Counter Worker,A Fast Food or Counter Worker assists with preparing and serving food. Works as part of food service team in a hospital or other institution. or takes orders and serves food at a fast food restaurant.,Food and Beverage Service and Support,"The Food and Beverage Service and Support Occupation Group includes occupations specific to serving food and drinks in restaurants and cafeterias, such as waiting staff, food counter servers, bussers and dishwashers.","Hospitality, Food, and Tourism","The Hospitality, Food, and Tourism Career Area includes occupations specific to the provision of lodgings, food and entertainment to visitors, conference delegates and tourists. It includes roles in hotels, restaurants and food preparation.",1.0,Roles with minimal training requirements,False,False,False,,0.0
21121310,Host / Hostess,"A Host or Hostess greets customers when they arrive at a restaurant. Manages reservations, seats customers, and helps wait staff as needed with attending to customer requests and service.",Food and Beverage Service and Support,"The Food and Beverage Service and Support Occupation Group includes occupations specific to serving food and drinks in restaurants and cafeterias, such as waiting staff, food counter servers, bussers and dishwashers.","Hospitality, Food, and Tourism","The Hospitality, Food, and Tourism Career Area includes occupations specific to the provision of lodgings, food and entertainment to visitors, conference delegates and tourists. It includes roles in hotels, restaurants and food preparation.",1.0,Roles with minimal training requirements,False,False,False,,0.0
21121410,Waiter / Waitress,"A Waiter or Waitress takes orders and serves food and beverages to customers in restaurants. Answers customer questions about menu items, prepares checks and collects payment, and assists with clearing dishes and tables. May work in banquet or dining halls.",Food and Beverage Service and Support,"The Food and Beverage Service and Support Occupation Group includes occupations specific to serving food and drinks in restaurants and cafeterias, such as waiting staff, food counter servers, bussers and dishwashers.","Hospitality, Food, and Tourism","The Hospitality, Food, and Tourism Career Area includes occupations specific to the provision of lodgings, food and entertainment to visitors, conference delegates and tourists. It includes roles in hotels, restaurants and food preparation.",1.0,Roles with minimal training requirements,False,False,False,,0.0
21131010,Restaurant / Food Service Manager,"A Restaurant or Food Service Manager oversees daily operations at a restaurant or an institution that serves meals such as a college or hospital. Hires, trains and supervises food service workers, manages meal and work schedules, supervises supply orders, food preparation and the quality of food and service, and monitors compliance with health regulations.",Food Service Managers,The Food Service Managers Occupation Group includes managerial and supervisory occupations specific to restaurants and cafeterias.,"Hospitality, Food, and Tourism","The Hospitality, Food, and Tourism Career Area includes occupations specific to the provision of lodgings, food and entertainment to visitors, conference delegates and tourists. It includes roles in hotels, restaurants and food preparation.",2.0,Roles with formal training requirements of less than 2 years,False,False,False,,0.0
21131110,Restaurant / Food Service Supervisor,"A Restaurant or Food Service Supervisor supervises food preparation and staff for a restaurant or dining hall. Manages budget for food supplies, equipment and staff; hires and trains staff; monitors food safety procedures. May plan menus or work with chefs or dieticians to plan menus. Works in a school, hospital, nursing home or other institution.",Food Service Managers,The Food Service Managers Occupation Group includes managerial and supervisory occupations specific to restaurants and cafeterias.,"Hospitality, Food, and Tourism","The Hospitality, Food, and Tourism Career Area includes occupations specific to the provision of lodgings, food and entertainment to visitors, conference delegates and tourists. It includes roles in hotels, restaurants and food preparation.",2.0,Roles with formal training requirements of less than 2 years,False,False,False,,0.0
21141110,Concierge,"A Concierge provides special assistance and courtesy services to guests and patrons at a hotel or club. Greets and provides services for building residents or tenants. Arranges reservations, purchases tickets, answers questions and responds to customer requests.",Hospitality and Travel,"The Hospitality and Travel Occupation Group includes occupations specific to the organization and provision of entertainment and lodgings for visitors, conference delegates and tourists. It includes roles in travel agencies and tour guides.","Hospitality, Food, and Tourism","The Hospitality, Food, and Tourism Career Area includes occupations specific to the provision of lodgings, food and entertainment to visitors, conference delegates and tourists. It includes roles in hotels, restaurants and food preparation.",1.0,Roles with minimal training requirements,False,False,False,,0.0
21141210,Event Planner,"An Event Planner coordinates promotional sales events, professional meetings and family events. Works with clients, develops event plans and budgets, finds appropriate sites, contracts for services and supplies, coordinates with on-site staff, oversees finances and assists during an event.",Hospitality and Travel,"The Hospitality and Travel Occupation Group includes occupations specific to the organization and provision of entertainment and lodgings for visitors, conference delegates and tourists. It includes roles in travel agencies and tour guides.","Hospitality, Food, and Tourism","The Hospitality, Food, and Tourism Career Area includes occupations specific to the provision of lodgings, food and entertainment to visitors, conference delegates and tourists. It includes roles in hotels, restaurants and food preparation.",3.0,Roles with 2 year specialized degree requirement or a mix of sub-BA and BA requirements,False,False,False,,0.0
21141410,Travel / Tour Guide,"A Travel or Tour Guide leads tours for groups of visitors or tourists. Leads tours of museums or famous or historic sites, and provides visitors with details and anecdotes about the history and significance of buildings, artwork or collections. Travels with a group of tourists, plans site visits and daily itineraries, interprets languages, and shares specialized knowledge about a country or city with the group.",Hospitality and Travel,"The Hospitality and Travel Occupation Group includes occupations specific to the organization and provision of entertainment and lodgings for visitors, conference delegates and tourists. It includes roles in travel agencies and tour guides.","Hospitality, Food, and Tourism","The Hospitality, Food, and Tourism Career Area includes occupations specific to the provision of lodgings, food and entertainment to visitors, conference delegates and tourists. It includes roles in hotels, restaurants and food preparation.",2.0,Roles with formal training requirements of less than 2 years,False,False,False,,0.0
21141510,Travel Agent,"A Travel Agent makes travel and accommodation arrangements for customers. Provides information on vacation destinations, flights and tour options; arranges flights and accommodations and advises on travel itineraries for customers travelling for business. Assists with advance purchase of tickets and reservations.",Hospitality and Travel,"The Hospitality and Travel Occupation Group includes occupations specific to the organization and provision of entertainment and lodgings for visitors, conference delegates and tourists. It includes roles in travel agencies and tour guides.","Hospitality, Food, and Tourism","The Hospitality, Food, and Tourism Career Area includes occupations specific to the provision of lodgings, food and entertainment to visitors, conference delegates and tourists. It includes roles in hotels, restaurants and food preparation.",3.0,Roles with 2 year specialized degree requirement or a mix of sub-BA and BA requirements,False,False,False,,0.0
21151010,Hotel Manager,"A Hotel Manager manages a hotel, ensures the comfort of guests and manages business practices for the establishment. Handles guest services or supervises front office, cleaning and maintenance staff. May set room rates. Tracks expenses and inspects facilities for cleanliness and quality.",Hospitality Managers,"The Hospitality Managers Occupation Group includes managerial occupations specific to the provision of entertainment and lodgings for visitors, conference delegates and tourists - For example: Hotel managers.","Hospitality, Food, and Tourism","The Hospitality, Food, and Tourism Career Area includes occupations specific to the provision of lodgings, food and entertainment to visitors, conference delegates and tourists. It includes roles in hotels, restaurants and food preparation.",3.0,Roles with 2 year specialized degree requirement or a mix of sub-BA and BA requirements,False,False,False,,0.0
21161010,Detailer,"A Detailer cleans vehicles according to company standards or client specifications, which may include performing detail inspections, thoroughly washing, buffing, and waxing exteriors, vacuuming, steaming, and deodorizing interiors, and keeping records related to gas levels and the condition of the vehicle.",Housekeeping and Cleaning,"The Housekeeping and Cleaning Occupation Group includes occupations specific to the cleaning and preparing rooms within a household, a business or office space, or a hotel or hospital room. It also includes vehicle detailers.","Hospitality, Food, and Tourism","The Hospitality, Food, and Tourism Career Area includes occupations specific to the provision of lodgings, food and entertainment to visitors, conference delegates and tourists. It includes roles in hotels, restaurants and food preparation.",1.0,Roles with minimal training requirements,False,False,False,,0.0
21161110,Housekeeping / Environmental Services Supervisor,"A Housekeeping or Environmental Services Supervisor supervises the staff that provide cleaning and housekeeping services, primarily for rooms and bathrooms in hotels and hospitals. May also work in office buildings, colleges, other institutions or private residences with a large housekeeping staff.",Housekeeping and Cleaning,"The Housekeeping and Cleaning Occupation Group includes occupations specific to the cleaning and preparing rooms within a household, a business or office space, or a hotel or hospital room. It also includes vehicle detailers.","Hospitality, Food, and Tourism","The Hospitality, Food, and Tourism Career Area includes occupations specific to the provision of lodgings, food and entertainment to visitors, conference delegates and tourists. It includes roles in hotels, restaurants and food preparation.",2.0,Roles with formal training requirements of less than 2 years,False,False,False,,0.0
21161210,Janitor / Cleaner,"A Janitor or Cleaner provides cleaning and basic maintenance in buildings such as schools, offices, stores, hospitals or hotels. Cleans and polishes floors, removes trash, vacuums carpets, washes windows, cleans bathrooms, stocks building supplies such as light bulbs and paper towels and performs minor repairs as needed. Holds keys for rooms and building entrances and locks or unlocks them as needed.",Housekeeping and Cleaning,"The Housekeeping and Cleaning Occupation Group includes occupations specific to the cleaning and preparing rooms within a household, a business or office space, or a hotel or hospital room. It also includes vehicle detailers.","Hospitality, Food, and Tourism","The Hospitality, Food, and Tourism Career Area includes occupations specific to the provision of lodgings, food and entertainment to visitors, conference delegates and tourists. It includes roles in hotels, restaurants and food preparation.",1.0,Roles with minimal training requirements,False,False,False,,0.0
21161211,Janitor / Cleaner,"A Janitor or Cleaner provides cleaning and basic maintenance in buildings such as schools, offices, stores, hospitals or hotels. Cleans and polishes floors, removes trash, vacuums carpets, washes windows, cleans bathrooms, stocks building supplies such as light bulbs and paper towels and performs minor repairs as needed. Holds keys for rooms and building entrances and locks or unlocks them as needed.",Housekeeping and Cleaning,"The Housekeeping and Cleaning Occupation Group includes occupations specific to the cleaning and preparing rooms within a household, a business or office space, or a hotel or hospital room. It also includes vehicle detailers.","Hospitality, Food, and Tourism","The Hospitality, Food, and Tourism Career Area includes occupations specific to the provision of lodgings, food and entertainment to visitors, conference delegates and tourists. It includes roles in hotels, restaurants and food preparation.",1.0,Roles with minimal training requirements,False,False,False,,0.0
21161310,Maid / Housekeeping Staff,"A Maid or Housekeeping Staff provides cleaning and housekeeping services, primarily for rooms and bathrooms in hotels and hospitals. May also work in private residences, office buildings, colleges, other institutions.",Housekeeping and Cleaning,"The Housekeeping and Cleaning Occupation Group includes occupations specific to the cleaning and preparing rooms within a household, a business or office space, or a hotel or hospital room. It also includes vehicle detailers.","Hospitality, Food, and Tourism","The Hospitality, Food, and Tourism Career Area includes occupations specific to the provision of lodgings, food and entertainment to visitors, conference delegates and tourists. It includes roles in hotels, restaurants and food preparation.",1.0,Roles with minimal training requirements,False,False,False,,0.0
21171010,Casino Dealer,"A Casino Dealer operates table games at casinos. Works with customers playing games such as craps, blackjack and roulette; announces rules for the game, gives out cards, dice or chips, keeps track of customer moves and bets, pays off winning bets and collects on losing bets.",Recreation and Gaming,"The Recreation and Gaming Occupation Group includes occupations specific to entertainment or recreation centers, such as casinos, cinemas or fitness clubs. It includes staff such lifeguards or recreation or activity guides.","Hospitality, Food, and Tourism","The Hospitality, Food, and Tourism Career Area includes occupations specific to the provision of lodgings, food and entertainment to visitors, conference delegates and tourists. It includes roles in hotels, restaurants and food preparation.",1.0,Roles with minimal training requirements,False,False,False,,0.0
21171110,Entertainment / Recreation Attendant,"An Entertainment or Recreation Attendant works at an entertainment or recreation facility such as a golf course, tennis court, ballpark or amusement park. May staff a concession stand, rent or sell equipment, collect fees from members, or manage reservations for use of facilities. May run amusement park rides, sell or collect tickets, or fasten restraints for people on rides.",Recreation and Gaming,"The Recreation and Gaming Occupation Group includes occupations specific to entertainment or recreation centers, such as casinos, cinemas or fitness clubs. It includes staff such lifeguards or recreation or activity guides.","Hospitality, Food, and Tourism","The Hospitality, Food, and Tourism Career Area includes occupations specific to the provision of lodgings, food and entertainment to visitors, conference delegates and tourists. It includes roles in hotels, restaurants and food preparation.",1.0,Roles with minimal training requirements,False,False,False,,0.0
21171310,Entertainment / Recreation Supervisor,An Entertainment or Recreation Supervisor directly supervises and coordinates activities of entertainment and recreation related workers.,Recreation and Gaming,"The Recreation and Gaming Occupation Group includes occupations specific to entertainment or recreation centers, such as casinos, cinemas or fitness clubs. It includes staff such lifeguards or recreation or activity guides.","Hospitality, Food, and Tourism","The Hospitality, Food, and Tourism Career Area includes occupations specific to the provision of lodgings, food and entertainment to visitors, conference delegates and tourists. It includes roles in hotels, restaurants and food preparation.",1.0,Roles with minimal training requirements,False,False,False,,0.0
21171610,Lifeguard,"A Lifeguard watches swimming areas and provides for the safety of swimmers at pools, lakes and beaches. Maintains careful watch of people in the water, enforces safety rules at swimming places; rescues swimmers and treats accidents as needed.",Recreation and Gaming,"The Recreation and Gaming Occupation Group includes occupations specific to entertainment or recreation centers, such as casinos, cinemas or fitness clubs. It includes staff such lifeguards or recreation or activity guides.","Hospitality, Food, and Tourism","The Hospitality, Food, and Tourism Career Area includes occupations specific to the provision of lodgings, food and entertainment to visitors, conference delegates and tourists. It includes roles in hotels, restaurants and food preparation.",2.0,Roles with formal training requirements of less than 2 years,False,True,True,Complete American Red Cross certified Lifeguard and First Aid training program and pass written and physical Lifeguard exam.,3.0
22101012,Chief Human Resources Officer,"A Chief Human Resources Officer (CHRO) is a corporate officer who oversees all aspects of human resource management and industrial relations policies, practices and operations for an organization. Corporate executive overseeing the human resources function at a company. This includes the development and execution of strategies for talent acquisition, learning and development, compensation and benefits, and HR analytics.",Human Resources Managers,The Human Resources Managers Occupation Group includes managerial occupations specific to the effective and efficient recruitment and management of people in a company or organization such that employee performance is maximized in service of an employer's strategic objectives.,Human Resources,The Human Resources Career Area includes occupations specific to the effective and efficient recruitment and management of people in a company or organization such that employee performance is maximized in service of an employer's strategic objectives. It includes payroll and benefits roles.,6.0,Graduate and professional roles,False,False,False,,0.0
22101110,Compensation / Benefits Manager,"A Compensation or Benefits Manager manages compensation and benefits systems and records for an organization or company. Determines pay structure and job classifications for company employees. Supervises payroll, accounting of employee benefits, and payout of benefits such as pensions or disability insurance.",Human Resources Managers,The Human Resources Managers Occupation Group includes managerial occupations specific to the effective and efficient recruitment and management of people in a company or organization such that employee performance is maximized in service of an employer's strategic objectives.,Human Resources,The Human Resources Career Area includes occupations specific to the effective and efficient recruitment and management of people in a company or organization such that employee performance is maximized in service of an employer's strategic objectives. It includes payroll and benefits roles.,5.0,Advanced BA roles,False,False,False,,0.0
22101210,Human Resources Manager,"A Human Resources Manager manages human resources functions for a company or organization, including the recruiting, hiring and training of employees. Works with executive management to develop and implement staffing and compensation plans and works to attract and retain qualified employees. Oversees training and development initiatives. Manages compensation and benefits structure and provides information to employees. Monitors compliance with employment-related regulations. Implements company policies and deals with staffing or disciplinary issues as needed.",Human Resources Managers,The Human Resources Managers Occupation Group includes managerial occupations specific to the effective and efficient recruitment and management of people in a company or organization such that employee performance is maximized in service of an employer's strategic objectives.,Human Resources,The Human Resources Career Area includes occupations specific to the effective and efficient recruitment and management of people in a company or organization such that employee performance is maximized in service of an employer's strategic objectives. It includes payroll and benefits roles.,5.0,Advanced BA roles,False,False,False,,0.0
22101211,Human Resources Manager,"A Human Resources Manager manages human resources functions for a company or organization, including the recruiting, hiring and training of employees. Works with executive management to develop and implement staffing and compensation plans and works to attract and retain qualified employees. Oversees training and development initiatives. Manages compensation and benefits structure and provides information to employees. Monitors compliance with employment-related regulations. Implements company policies and deals with staffing or disciplinary issues as needed.",Human Resources Managers,The Human Resources Managers Occupation Group includes managerial occupations specific to the effective and efficient recruitment and management of people in a company or organization such that employee performance is maximized in service of an employer's strategic objectives.,Human Resources,The Human Resources Career Area includes occupations specific to the effective and efficient recruitment and management of people in a company or organization such that employee performance is maximized in service of an employer's strategic objectives. It includes payroll and benefits roles.,5.0,Advanced BA roles,False,False,False,,0.0
22101213,Human Resources Manager,"A Human Resources Manager manages human resources functions for a company or organization, including the recruiting, hiring and training of employees. Works with executive management to develop and implement staffing and compensation plans and works to attract and retain qualified employees. Oversees training and development initiatives. Manages compensation and benefits structure and provides information to employees. Monitors compliance with employment-related regulations. Implements company policies and deals with staffing or disciplinary issues as needed.",Human Resources Managers,The Human Resources Managers Occupation Group includes managerial occupations specific to the effective and efficient recruitment and management of people in a company or organization such that employee performance is maximized in service of an employer's strategic objectives.,Human Resources,The Human Resources Career Area includes occupations specific to the effective and efficient recruitment and management of people in a company or organization such that employee performance is maximized in service of an employer's strategic objectives. It includes payroll and benefits roles.,5.0,Advanced BA roles,False,False,False,,0.0
22101214,Human Resources Manager,"A Human Resources Manager manages human resources functions for a company or organization, including the recruiting, hiring and training of employees. Works with executive management to develop and implement staffing and compensation plans and works to attract and retain qualified employees. Oversees training and development initiatives. Manages compensation and benefits structure and provides information to employees. Monitors compliance with employment-related regulations. Implements company policies and deals with staffing or disciplinary issues as needed.",Human Resources Managers,The Human Resources Managers Occupation Group includes managerial occupations specific to the effective and efficient recruitment and management of people in a company or organization such that employee performance is maximized in service of an employer's strategic objectives.,Human Resources,The Human Resources Career Area includes occupations specific to the effective and efficient recruitment and management of people in a company or organization such that employee performance is maximized in service of an employer's strategic objectives. It includes payroll and benefits roles.,5.0,Advanced BA roles,False,False,False,,0.0
22101310,Talent Acquisition / Recruiting Manager,A Talent Acquisition or Recruiting Manager manages human resources work for a business or organization and specializes in implementing recruiting and hiring strategies. Develops plans for internal recruiting and works with managers to identify hiring needs and internal referrals. Develops comprehensive external recruiting strategies that market employment opportunities at a company. Develops new strategies to retain qualified staff.,Human Resources Managers,The Human Resources Managers Occupation Group includes managerial occupations specific to the effective and efficient recruitment and management of people in a company or organization such that employee performance is maximized in service of an employer's strategic objectives.,Human Resources,The Human Resources Career Area includes occupations specific to the effective and efficient recruitment and management of people in a company or organization such that employee performance is maximized in service of an employer's strategic objectives. It includes payroll and benefits roles.,5.0,Advanced BA roles,False,False,False,,0.0
22101311,Talent Acquisition / Recruiting Manager,A Talent Acquisition or Recruiting Manager manages human resources work for a business or organization and specializes in implementing recruiting and hiring strategies. Develops plans for internal recruiting and works with managers to identify hiring needs and internal referrals. Develops comprehensive external recruiting strategies that market employment opportunities at a company. Develops new strategies to retain qualified staff.,Human Resources Managers,The Human Resources Managers Occupation Group includes managerial occupations specific to the effective and efficient recruitment and management of people in a company or organization such that employee performance is maximized in service of an employer's strategic objectives.,Human Resources,The Human Resources Career Area includes occupations specific to the effective and efficient recruitment and management of people in a company or organization such that employee performance is maximized in service of an employer's strategic objectives. It includes payroll and benefits roles.,5.0,Advanced BA roles,False,False,False,,0.0
22101410,Training and Development Manager,A Training and Development Manager manages staff training and professional development programs for an employer. Develops training programs that address staff needs and support the strategic goals of a company or organization. Supervises training staff and partners and evaluates training impact.,Human Resources Managers,The Human Resources Managers Occupation Group includes managerial occupations specific to the effective and efficient recruitment and management of people in a company or organization such that employee performance is maximized in service of an employer's strategic objectives.,Human Resources,The Human Resources Career Area includes occupations specific to the effective and efficient recruitment and management of people in a company or organization such that employee performance is maximized in service of an employer's strategic objectives. It includes payroll and benefits roles.,5.0,Advanced BA roles,False,False,False,,0.0
22101411,Training and Development Manager,A Training and Development Manager manages staff training and professional development programs for an employer. Develops training programs that address staff needs and support the strategic goals of a company or organization. Supervises training staff and partners and evaluates training impact.,Human Resources Managers,The Human Resources Managers Occupation Group includes managerial occupations specific to the effective and efficient recruitment and management of people in a company or organization such that employee performance is maximized in service of an employer's strategic objectives.,Human Resources,The Human Resources Career Area includes occupations specific to the effective and efficient recruitment and management of people in a company or organization such that employee performance is maximized in service of an employer's strategic objectives. It includes payroll and benefits roles.,5.0,Advanced BA roles,False,False,False,,0.0
22111010,Compensation / Benefits Analyst,"A Compensation or Benefits Analyst evaluates and works to maintain the pay structure and benefits program at an organization. Analyzes wage and salary data and trends, monitors market conditions; works with benefits vendors, processes benefit claims for employees; monitors government employment regulations. May focus specifically on job classifications and compensation or on benefits programs such as pensions.",Human Resources Specialists,The Human Resources Specialists Occupation Group includes operational occupations specific to the effective and efficient recruitment and management of people in a company or organization such that employee performance is maximized in service of an employer's strategic objectives.,Human Resources,The Human Resources Career Area includes occupations specific to the effective and efficient recruitment and management of people in a company or organization such that employee performance is maximized in service of an employer's strategic objectives. It includes payroll and benefits roles.,4.0,Entry level BA roles,False,False,False,,0.0
22111011,Compensation / Benefits Analyst,"A Compensation or Benefits Analyst evaluates and works to maintain the pay structure and benefits program at an organization. Analyzes wage and salary data and trends, monitors market conditions; works with benefits vendors, processes benefit claims for employees; monitors government employment regulations. May focus specifically on job classifications and compensation or on benefits programs such as pensions.",Human Resources Specialists,The Human Resources Specialists Occupation Group includes operational occupations specific to the effective and efficient recruitment and management of people in a company or organization such that employee performance is maximized in service of an employer's strategic objectives.,Human Resources,The Human Resources Career Area includes occupations specific to the effective and efficient recruitment and management of people in a company or organization such that employee performance is maximized in service of an employer's strategic objectives. It includes payroll and benefits roles.,4.0,Entry level BA roles,False,False,False,,0.0
22111210,Human Resources / Labor Relations Specialist,"A Human Resources or Labor Relations Specialist works for a human resources department to implement the provisions of a labor contract, including employee wages and benefits and other practices that are collectively bargained; may also handle an internal grievance process established under a labor contract.",Human Resources Specialists,The Human Resources Specialists Occupation Group includes operational occupations specific to the effective and efficient recruitment and management of people in a company or organization such that employee performance is maximized in service of an employer's strategic objectives.,Human Resources,The Human Resources Career Area includes occupations specific to the effective and efficient recruitment and management of people in a company or organization such that employee performance is maximized in service of an employer's strategic objectives. It includes payroll and benefits roles.,3.0,Roles with 2 year specialized degree requirement or a mix of sub-BA and BA requirements,False,False,False,,0.0
22111211,Human Resources / Labor Relations Specialist,"A Human Resources or Labor Relations Specialist works for a human resources department to implement the provisions of a labor contract, including employee wages and benefits and other practices that are collectively bargained; may also handle an internal grievance process established under a labor contract.",Human Resources Specialists,The Human Resources Specialists Occupation Group includes operational occupations specific to the effective and efficient recruitment and management of people in a company or organization such that employee performance is maximized in service of an employer's strategic objectives.,Human Resources,The Human Resources Career Area includes occupations specific to the effective and efficient recruitment and management of people in a company or organization such that employee performance is maximized in service of an employer's strategic objectives. It includes payroll and benefits roles.,3.0,Roles with 2 year specialized degree requirement or a mix of sub-BA and BA requirements,False,False,False,,0.0
22111213,Human Resources / Labor Relations Specialist,"A Human Resources or Labor Relations Specialist works for a human resources department to implement the provisions of a labor contract, including employee wages and benefits and other practices that are collectively bargained; may also handle an internal grievance process established under a labor contract.",Human Resources Specialists,The Human Resources Specialists Occupation Group includes operational occupations specific to the effective and efficient recruitment and management of people in a company or organization such that employee performance is maximized in service of an employer's strategic objectives.,Human Resources,The Human Resources Career Area includes occupations specific to the effective and efficient recruitment and management of people in a company or organization such that employee performance is maximized in service of an employer's strategic objectives. It includes payroll and benefits roles.,3.0,Roles with 2 year specialized degree requirement or a mix of sub-BA and BA requirements,False,False,False,,0.0
22111214,Human Resources / Labor Relations Specialist,"A Human Resources or Labor Relations Specialist works for a human resources department to implement the provisions of a labor contract, including employee wages and benefits and other practices that are collectively bargained; may also handle an internal grievance process established under a labor contract.",Human Resources Specialists,The Human Resources Specialists Occupation Group includes operational occupations specific to the effective and efficient recruitment and management of people in a company or organization such that employee performance is maximized in service of an employer's strategic objectives.,Human Resources,The Human Resources Career Area includes occupations specific to the effective and efficient recruitment and management of people in a company or organization such that employee performance is maximized in service of an employer's strategic objectives. It includes payroll and benefits roles.,3.0,Roles with 2 year specialized degree requirement or a mix of sub-BA and BA requirements,False,False,False,,0.0
22111215,Human Resources / Labor Relations Specialist,"A Human Resources or Labor Relations Specialist works for a human resources department to implement the provisions of a labor contract, including employee wages and benefits and other practices that are collectively bargained; may also handle an internal grievance process established under a labor contract.",Human Resources Specialists,The Human Resources Specialists Occupation Group includes operational occupations specific to the effective and efficient recruitment and management of people in a company or organization such that employee performance is maximized in service of an employer's strategic objectives.,Human Resources,The Human Resources Career Area includes occupations specific to the effective and efficient recruitment and management of people in a company or organization such that employee performance is maximized in service of an employer's strategic objectives. It includes payroll and benefits roles.,3.0,Roles with 2 year specialized degree requirement or a mix of sub-BA and BA requirements,False,False,False,,0.0
22111216,Human Resources / Labor Relations Specialist,"A Human Resources or Labor Relations Specialist works for a human resources department to implement the provisions of a labor contract, including employee wages and benefits and other practices that are collectively bargained; may also handle an internal grievance process established under a labor contract.",Human Resources Specialists,The Human Resources Specialists Occupation Group includes operational occupations specific to the effective and efficient recruitment and management of people in a company or organization such that employee performance is maximized in service of an employer's strategic objectives.,Human Resources,The Human Resources Career Area includes occupations specific to the effective and efficient recruitment and management of people in a company or organization such that employee performance is maximized in service of an employer's strategic objectives. It includes payroll and benefits roles.,3.0,Roles with 2 year specialized degree requirement or a mix of sub-BA and BA requirements,False,False,False,,0.0
22111218,Human Resources / Labor Relations Specialist,"A Human Resources or Labor Relations Specialist works for a human resources department to implement the provisions of a labor contract, including employee wages and benefits and other practices that are collectively bargained; may also handle an internal grievance process established under a labor contract.",Human Resources Specialists,The Human Resources Specialists Occupation Group includes operational occupations specific to the effective and efficient recruitment and management of people in a company or organization such that employee performance is maximized in service of an employer's strategic objectives.,Human Resources,The Human Resources Career Area includes occupations specific to the effective and efficient recruitment and management of people in a company or organization such that employee performance is maximized in service of an employer's strategic objectives. It includes payroll and benefits roles.,3.0,Roles with 2 year specialized degree requirement or a mix of sub-BA and BA requirements,False,False,False,,0.0
22111311,Human Resources Assistant,"A Human Resources Assistant provides administrative support in the human resources department of a company or organization. Manages employee records, advertises job postings, and organizes materials required from job applicants.",Human Resources Specialists,The Human Resources Specialists Occupation Group includes operational occupations specific to the effective and efficient recruitment and management of people in a company or organization such that employee performance is maximized in service of an employer's strategic objectives.,Human Resources,The Human Resources Career Area includes occupations specific to the effective and efficient recruitment and management of people in a company or organization such that employee performance is maximized in service of an employer's strategic objectives. It includes payroll and benefits roles.,3.0,Roles with 2 year specialized degree requirement or a mix of sub-BA and BA requirements,False,False,False,,0.0
22111410,Recruiter,A Recruiter works for a company or organization to recruit qualified candidates for open positions or works with a recruiting agency to identify candidates and match jobseekers with job placements. May specialize in recruiting professionals in a particular industry or specialize in recruiting at colleges.,Human Resources Specialists,The Human Resources Specialists Occupation Group includes operational occupations specific to the effective and efficient recruitment and management of people in a company or organization such that employee performance is maximized in service of an employer's strategic objectives.,Human Resources,The Human Resources Career Area includes occupations specific to the effective and efficient recruitment and management of people in a company or organization such that employee performance is maximized in service of an employer's strategic objectives. It includes payroll and benefits roles.,3.0,Roles with 2 year specialized degree requirement or a mix of sub-BA and BA requirements,False,False,False,,0.0
22111411,Recruiter,A Recruiter works for a company or organization to recruit qualified candidates for open positions or works with a recruiting agency to identify candidates and match jobseekers with job placements. May specialize in recruiting professionals in a particular industry or specialize in recruiting at colleges.,Human Resources Specialists,The Human Resources Specialists Occupation Group includes operational occupations specific to the effective and efficient recruitment and management of people in a company or organization such that employee performance is maximized in service of an employer's strategic objectives.,Human Resources,The Human Resources Career Area includes occupations specific to the effective and efficient recruitment and management of people in a company or organization such that employee performance is maximized in service of an employer's strategic objectives. It includes payroll and benefits roles.,3.0,Roles with 2 year specialized degree requirement or a mix of sub-BA and BA requirements,False,False,False,,0.0
22111413,Recruiter,A Recruiter works for a company or organization to recruit qualified candidates for open positions or works with a recruiting agency to identify candidates and match jobseekers with job placements. May specialize in recruiting professionals in a particular industry or specialize in recruiting at colleges.,Human Resources Specialists,The Human Resources Specialists Occupation Group includes operational occupations specific to the effective and efficient recruitment and management of people in a company or organization such that employee performance is maximized in service of an employer's strategic objectives.,Human Resources,The Human Resources Career Area includes occupations specific to the effective and efficient recruitment and management of people in a company or organization such that employee performance is maximized in service of an employer's strategic objectives. It includes payroll and benefits roles.,3.0,Roles with 2 year specialized degree requirement or a mix of sub-BA and BA requirements,False,False,False,,0.0
22111415,Recruiter,A Recruiter works for a company or organization to recruit qualified candidates for open positions or works with a recruiting agency to identify candidates and match jobseekers with job placements. May specialize in recruiting professionals in a particular industry or specialize in recruiting at colleges.,Human Resources Specialists,The Human Resources Specialists Occupation Group includes operational occupations specific to the effective and efficient recruitment and management of people in a company or organization such that employee performance is maximized in service of an employer's strategic objectives.,Human Resources,The Human Resources Career Area includes occupations specific to the effective and efficient recruitment and management of people in a company or organization such that employee performance is maximized in service of an employer's strategic objectives. It includes payroll and benefits roles.,3.0,Roles with 2 year specialized degree requirement or a mix of sub-BA and BA requirements,False,False,False,,0.0
22111416,Recruiter,A Recruiter works for a company or organization to recruit qualified candidates for open positions or works with a recruiting agency to identify candidates and match jobseekers with job placements. May specialize in recruiting professionals in a particular industry or specialize in recruiting at colleges.,Human Resources Specialists,The Human Resources Specialists Occupation Group includes operational occupations specific to the effective and efficient recruitment and management of people in a company or organization such that employee performance is maximized in service of an employer's strategic objectives.,Human Resources,The Human Resources Career Area includes occupations specific to the effective and efficient recruitment and management of people in a company or organization such that employee performance is maximized in service of an employer's strategic objectives. It includes payroll and benefits roles.,3.0,Roles with 2 year specialized degree requirement or a mix of sub-BA and BA requirements,False,False,False,,0.0
22111511,Training and Development Specialist,"A Training and Development Specialist directs education or staff training programs for a company, such as large firms or distributorships, or private post-secondary educational providers.",Human Resources Specialists,The Human Resources Specialists Occupation Group includes operational occupations specific to the effective and efficient recruitment and management of people in a company or organization such that employee performance is maximized in service of an employer's strategic objectives.,Human Resources,The Human Resources Career Area includes occupations specific to the effective and efficient recruitment and management of people in a company or organization such that employee performance is maximized in service of an employer's strategic objectives. It includes payroll and benefits roles.,3.0,Roles with 2 year specialized degree requirement or a mix of sub-BA and BA requirements,False,False,False,,0.0
22111512,Training and Development Specialist,"A Training and Development Specialist directs education or staff training programs for a company, such as large firms or distributorships, or private post-secondary educational providers.",Human Resources Specialists,The Human Resources Specialists Occupation Group includes operational occupations specific to the effective and efficient recruitment and management of people in a company or organization such that employee performance is maximized in service of an employer's strategic objectives.,Human Resources,The Human Resources Career Area includes occupations specific to the effective and efficient recruitment and management of people in a company or organization such that employee performance is maximized in service of an employer's strategic objectives. It includes payroll and benefits roles.,3.0,Roles with 2 year specialized degree requirement or a mix of sub-BA and BA requirements,False,False,False,,0.0
22111513,Training and Development Specialist,"A Training and Development Specialist directs education or staff training programs for a company, such as large firms or distributorships, or private post-secondary educational providers.",Human Resources Specialists,The Human Resources Specialists Occupation Group includes operational occupations specific to the effective and efficient recruitment and management of people in a company or organization such that employee performance is maximized in service of an employer's strategic objectives.,Human Resources,The Human Resources Career Area includes occupations specific to the effective and efficient recruitment and management of people in a company or organization such that employee performance is maximized in service of an employer's strategic objectives. It includes payroll and benefits roles.,3.0,Roles with 2 year specialized degree requirement or a mix of sub-BA and BA requirements,False,False,False,,0.0
22111514,Training and Development Specialist,"A Training and Development Specialist directs education or staff training programs for a company, such as large firms or distributorships, or private post-secondary educational providers.",Human Resources Specialists,The Human Resources Specialists Occupation Group includes operational occupations specific to the effective and efficient recruitment and management of people in a company or organization such that employee performance is maximized in service of an employer's strategic objectives.,Human Resources,The Human Resources Career Area includes occupations specific to the effective and efficient recruitment and management of people in a company or organization such that employee performance is maximized in service of an employer's strategic objectives. It includes payroll and benefits roles.,3.0,Roles with 2 year specialized degree requirement or a mix of sub-BA and BA requirements,False,False,False,,0.0
23101010,Business Intelligence Analyst,"A Business Intelligence Analyst collects and analyzes data that provides an accurate picture of business operations and performance for a company. Completes statistical analysis of current and historic business data, identifies trends and develops projections. Presents data analysis that informs planning and strategic decision making for a company.",Business Intelligence,The Business Intelligence Occupation Group includes occupation specific to the strategies and technologies used by enterprises for the data analysis and management of business information.,Information Technology and Computer Science,"The Information Technology and Computer Science Career Area includes occupations involved with the development, implementation, support, and management of computers and information systems - Both hardware and software. It also includes roles specific to the development and testing of software and software systems, working with mathematical models, data analysis and security, algorithms, and computational theory.",5.0,Advanced BA roles,False,False,False,,0.0
23101011,Business Intelligence Analyst,"A Business Intelligence Analyst collects and analyzes data that provides an accurate picture of business operations and performance for a company. Completes statistical analysis of current and historic business data, identifies trends and develops projections. Presents data analysis that informs planning and strategic decision making for a company.",Business Intelligence,The Business Intelligence Occupation Group includes occupation specific to the strategies and technologies used by enterprises for the data analysis and management of business information.,Information Technology and Computer Science,"The Information Technology and Computer Science Career Area includes occupations involved with the development, implementation, support, and management of computers and information systems - Both hardware and software. It also includes roles specific to the development and testing of software and software systems, working with mathematical models, data analysis and security, algorithms, and computational theory.",5.0,Advanced BA roles,False,False,False,,0.0
23101013,Business Intelligence Analyst,"A Business Intelligence Analyst collects and analyzes data that provides an accurate picture of business operations and performance for a company. Completes statistical analysis of current and historic business data, identifies trends and develops projections. Presents data analysis that informs planning and strategic decision making for a company.",Business Intelligence,The Business Intelligence Occupation Group includes occupation specific to the strategies and technologies used by enterprises for the data analysis and management of business information.,Information Technology and Computer Science,"The Information Technology and Computer Science Career Area includes occupations involved with the development, implementation, support, and management of computers and information systems - Both hardware and software. It also includes roles specific to the development and testing of software and software systems, working with mathematical models, data analysis and security, algorithms, and computational theory.",5.0,Advanced BA roles,False,False,False,,0.0
23101110,Business Intelligence Architect / Developer,"A Business Intelligence Architect or Developer develops and builds technology systems that support business intelligence for a company. Identifies software needed for business intelligence analysts; sets up systems for collecting data on business operations, customers or sales.",Business Intelligence,The Business Intelligence Occupation Group includes occupation specific to the strategies and technologies used by enterprises for the data analysis and management of business information.,Information Technology and Computer Science,"The Information Technology and Computer Science Career Area includes occupations involved with the development, implementation, support, and management of computers and information systems - Both hardware and software. It also includes roles specific to the development and testing of software and software systems, working with mathematical models, data analysis and security, algorithms, and computational theory.",5.0,Advanced BA roles,False,False,False,,0.0
23101113,Business Intelligence Architect / Developer,"A Business Intelligence Architect or Developer develops and builds technology systems that support business intelligence for a company. Identifies software needed for business intelligence analysts; sets up systems for collecting data on business operations, customers or sales.",Business Intelligence,The Business Intelligence Occupation Group includes occupation specific to the strategies and technologies used by enterprises for the data analysis and management of business information.,Information Technology and Computer Science,"The Information Technology and Computer Science Career Area includes occupations involved with the development, implementation, support, and management of computers and information systems - Both hardware and software. It also includes roles specific to the development and testing of software and software systems, working with mathematical models, data analysis and security, algorithms, and computational theory.",5.0,Advanced BA roles,False,False,False,,0.0
23101115,Business Intelligence Architect / Developer,"A Business Intelligence Architect or Developer develops and builds technology systems that support business intelligence for a company. Identifies software needed for business intelligence analysts; sets up systems for collecting data on business operations, customers or sales.",Business Intelligence,The Business Intelligence Occupation Group includes occupation specific to the strategies and technologies used by enterprises for the data analysis and management of business information.,Information Technology and Computer Science,"The Information Technology and Computer Science Career Area includes occupations involved with the development, implementation, support, and management of computers and information systems - Both hardware and software. It also includes roles specific to the development and testing of software and software systems, working with mathematical models, data analysis and security, algorithms, and computational theory.",5.0,Advanced BA roles,False,False,False,,0.0
23111010,Actuary,An Actuary calculates the financial costs of risk and uncertainty. Uses findings from statistical analysis and mathematical modeling to help businesses and clients minimize the cost of risk and develop business and investment strategies. Uses actuarial analysis of the probability and cost of natural disasters or accidents to develop insurance policies.,Data Analysis and Mathematics,"The Data Analysis and Mathematics Occupation Group includes occupations centered on the disciplines of statistics and mathematics, such as actuaries, data scientists and biostatisticians.",Information Technology and Computer Science,"The Information Technology and Computer Science Career Area includes occupations involved with the development, implementation, support, and management of computers and information systems - Both hardware and software. It also includes roles specific to the development and testing of software and software systems, working with mathematical models, data analysis and security, algorithms, and computational theory.",5.0,Advanced BA roles,False,False,False,,0.0
23111310,Data / Data Mining Analyst,"A Data or Data Mining Analyst develops computer programs to analyze large customer information databases for companies and organizations. Analyzes data to identify patterns and provide information relevant to a particular business, industry or field; analysis may be used for marketing, or to detect fraud in financial transactions, or for research. Develops computer programs to protect confidential customer information.",Data Analysis and Mathematics,"The Data Analysis and Mathematics Occupation Group includes occupations centered on the disciplines of statistics and mathematics, such as actuaries, data scientists and biostatisticians.",Information Technology and Computer Science,"The Information Technology and Computer Science Career Area includes occupations involved with the development, implementation, support, and management of computers and information systems - Both hardware and software. It also includes roles specific to the development and testing of software and software systems, working with mathematical models, data analysis and security, algorithms, and computational theory.",5.0,Advanced BA roles,False,False,False,,0.0
23111410,Data Scientist,A Data Scientist utilizes skills and experience to systematically answer questions using data to provide actionable recommendations. Commonly utilizes advanced statistical analysis and machine learning techniques. Common responsibilities also include data cleaning and data management.,Data Analysis and Mathematics,"The Data Analysis and Mathematics Occupation Group includes occupations centered on the disciplines of statistics and mathematics, such as actuaries, data scientists and biostatisticians.",Information Technology and Computer Science,"The Information Technology and Computer Science Career Area includes occupations involved with the development, implementation, support, and management of computers and information systems - Both hardware and software. It also includes roles specific to the development and testing of software and software systems, working with mathematical models, data analysis and security, algorithms, and computational theory.",6.0,Graduate and professional roles,False,False,False,,0.0
23111510,Geographer / GIS Specialist,"A Geographer or GIS Specialist gathers data that can be used in geographic information system (GIS) maps or products. Gathers data from existing maps and reports; gathers information on people, plants, animals, buildings, natural terrain and elevation.",Data Analysis and Mathematics,"The Data Analysis and Mathematics Occupation Group includes occupations centered on the disciplines of statistics and mathematics, such as actuaries, data scientists and biostatisticians.",Information Technology and Computer Science,"The Information Technology and Computer Science Career Area includes occupations involved with the development, implementation, support, and management of computers and information systems - Both hardware and software. It also includes roles specific to the development and testing of software and software systems, working with mathematical models, data analysis and security, algorithms, and computational theory.",3.0,Roles with 2 year specialized degree requirement or a mix of sub-BA and BA requirements,False,False,True,Gain admission to Bachelors degree program in Geography or GIS or complete another Bachelors degree with GIS courses.,48.0
23111810,Analytics Manager,"An Analytics Manager leads and develops a team of data analysts, data scientists, machine learning engineers or big data specialists. They lead data mining and collection procedures, ensure data quality and integrity; select, configure and implement analytic solutions; create strategies for effective data analysis, reporting, and predictive models; and build systems to transform raw data into actionable business insights. They define company-wide metrics and relevant data sources while overseeing all analytics operations to test and correct discrepancies and ensure quality.",Data Analysis and Mathematics,"The Data Analysis and Mathematics Occupation Group includes occupations centered on the disciplines of statistics and mathematics, such as actuaries, data scientists and biostatisticians.",Information Technology and Computer Science,"The Information Technology and Computer Science Career Area includes occupations involved with the development, implementation, support, and management of computers and information systems - Both hardware and software. It also includes roles specific to the development and testing of software and software systems, working with mathematical models, data analysis and security, algorithms, and computational theory.",5.0,Advanced BA roles,False,False,False,,0.0
23121010,Data Engineer,"A Data Engineer designs, builds and manages the information or big data infrastructure. Develops the architecture that helps analyze and process data in the way the organization needs it. Makes sure those systems are performing smoothly.",Database Specialists,"The Database Specialists Occupation Group includes occupations that design and maintain databases - using specialized software to store and organize data. Roles may include capacity planning, installation, configuration, database design, migration, performance monitoring, security, troubleshooting, as well as backup and data recovery.",Information Technology and Computer Science,"The Information Technology and Computer Science Career Area includes occupations involved with the development, implementation, support, and management of computers and information systems - Both hardware and software. It also includes roles specific to the development and testing of software and software systems, working with mathematical models, data analysis and security, algorithms, and computational theory.",5.0,Advanced BA roles,False,False,False,,0.0
23121210,Database Administrator,"A Database Administrator uses software to store and organize data, such as an organization's records or financial information. Ensures that users can easily access the information they need, and that data are protected from unauthorized access.",Database Specialists,"The Database Specialists Occupation Group includes occupations that design and maintain databases - using specialized software to store and organize data. Roles may include capacity planning, installation, configuration, database design, migration, performance monitoring, security, troubleshooting, as well as backup and data recovery.",Information Technology and Computer Science,"The Information Technology and Computer Science Career Area includes occupations involved with the development, implementation, support, and management of computers and information systems - Both hardware and software. It also includes roles specific to the development and testing of software and software systems, working with mathematical models, data analysis and security, algorithms, and computational theory.",3.0,Roles with 2 year specialized degree requirement or a mix of sub-BA and BA requirements,False,False,False,,0.0
23121212,Database Administrator,"A Database Administrator uses software to store and organize data, such as an organization's records or financial information. Ensures that users can easily access the information they need, and that data are protected from unauthorized access.",Database Specialists,"The Database Specialists Occupation Group includes occupations that design and maintain databases - using specialized software to store and organize data. Roles may include capacity planning, installation, configuration, database design, migration, performance monitoring, security, troubleshooting, as well as backup and data recovery.",Information Technology and Computer Science,"The Information Technology and Computer Science Career Area includes occupations involved with the development, implementation, support, and management of computers and information systems - Both hardware and software. It also includes roles specific to the development and testing of software and software systems, working with mathematical models, data analysis and security, algorithms, and computational theory.",3.0,Roles with 2 year specialized degree requirement or a mix of sub-BA and BA requirements,False,False,False,,0.0
23121218,Database Administrator,"A Database Administrator uses software to store and organize data, such as an organization's records or financial information. Ensures that users can easily access the information they need, and that data are protected from unauthorized access.",Database Specialists,"The Database Specialists Occupation Group includes occupations that design and maintain databases - using specialized software to store and organize data. Roles may include capacity planning, installation, configuration, database design, migration, performance monitoring, security, troubleshooting, as well as backup and data recovery.",Information Technology and Computer Science,"The Information Technology and Computer Science Career Area includes occupations involved with the development, implementation, support, and management of computers and information systems - Both hardware and software. It also includes roles specific to the development and testing of software and software systems, working with mathematical models, data analysis and security, algorithms, and computational theory.",3.0,Roles with 2 year specialized degree requirement or a mix of sub-BA and BA requirements,False,False,False,,0.0
23121219,Database Administrator,"A Database Administrator uses software to store and organize data, such as an organization's records or financial information. Ensures that users can easily access the information they need, and that data are protected from unauthorized access.",Database Specialists,"The Database Specialists Occupation Group includes occupations that design and maintain databases - using specialized software to store and organize data. Roles may include capacity planning, installation, configuration, database design, migration, performance monitoring, security, troubleshooting, as well as backup and data recovery.",Information Technology and Computer Science,"The Information Technology and Computer Science Career Area includes occupations involved with the development, implementation, support, and management of computers and information systems - Both hardware and software. It also includes roles specific to the development and testing of software and software systems, working with mathematical models, data analysis and security, algorithms, and computational theory.",3.0,Roles with 2 year specialized degree requirement or a mix of sub-BA and BA requirements,False,False,False,,0.0
23121220,Database Administrator,"A Database Administrator uses software to store and organize data, such as an organization's records or financial information. Ensures that users can easily access the information they need, and that data are protected from unauthorized access.",Database Specialists,"The Database Specialists Occupation Group includes occupations that design and maintain databases - using specialized software to store and organize data. Roles may include capacity planning, installation, configuration, database design, migration, performance monitoring, security, troubleshooting, as well as backup and data recovery.",Information Technology and Computer Science,"The Information Technology and Computer Science Career Area includes occupations involved with the development, implementation, support, and management of computers and information systems - Both hardware and software. It also includes roles specific to the development and testing of software and software systems, working with mathematical models, data analysis and security, algorithms, and computational theory.",3.0,Roles with 2 year specialized degree requirement or a mix of sub-BA and BA requirements,False,False,False,,0.0
23121310,Database Architect,"A Database Architect builds integrated data systems for a company or organization. Creates structures needed for different types of information processed, integrates structures into a system that is reliable and secure, sets system standards, and provides help with troubleshooting and access to data.",Database Specialists,"The Database Specialists Occupation Group includes occupations that design and maintain databases - using specialized software to store and organize data. Roles may include capacity planning, installation, configuration, database design, migration, performance monitoring, security, troubleshooting, as well as backup and data recovery.",Information Technology and Computer Science,"The Information Technology and Computer Science Career Area includes occupations involved with the development, implementation, support, and management of computers and information systems - Both hardware and software. It also includes roles specific to the development and testing of software and software systems, working with mathematical models, data analysis and security, algorithms, and computational theory.",5.0,Advanced BA roles,False,False,False,,0.0
23121311,Database Architect,"A Database Architect builds integrated data systems for a company or organization. Creates structures needed for different types of information processed, integrates structures into a system that is reliable and secure, sets system standards, and provides help with troubleshooting and access to data.",Database Specialists,"The Database Specialists Occupation Group includes occupations that design and maintain databases - using specialized software to store and organize data. Roles may include capacity planning, installation, configuration, database design, migration, performance monitoring, security, troubleshooting, as well as backup and data recovery.",Information Technology and Computer Science,"The Information Technology and Computer Science Career Area includes occupations involved with the development, implementation, support, and management of computers and information systems - Both hardware and software. It also includes roles specific to the development and testing of software and software systems, working with mathematical models, data analysis and security, algorithms, and computational theory.",5.0,Advanced BA roles,False,False,False,,0.0
23121312,Database Architect,"A Database Architect builds integrated data systems for a company or organization. Creates structures needed for different types of information processed, integrates structures into a system that is reliable and secure, sets system standards, and provides help with troubleshooting and access to data.",Database Specialists,"The Database Specialists Occupation Group includes occupations that design and maintain databases - using specialized software to store and organize data. Roles may include capacity planning, installation, configuration, database design, migration, performance monitoring, security, troubleshooting, as well as backup and data recovery.",Information Technology and Computer Science,"The Information Technology and Computer Science Career Area includes occupations involved with the development, implementation, support, and management of computers and information systems - Both hardware and software. It also includes roles specific to the development and testing of software and software systems, working with mathematical models, data analysis and security, algorithms, and computational theory.",5.0,Advanced BA roles,False,False,False,,0.0
23131010,Multimedia Designer / Animator,"A Multimedia Designer or Animator develops designs for projects and uses media such as video, sound, graphics and animation to produce projects for clients. May specialize in creating animation or visual effects for shows, games or movies, and work with a team of animators and artists. Uses computer software to create work or to incorporate hand drawn designs.",Front-End Application Design,"The Front-End Application Design Occupation Group includes occupations specific to the design and development of the graphical user interface of a website, software application, videogame or any multimedia interface.",Information Technology and Computer Science,"The Information Technology and Computer Science Career Area includes occupations involved with the development, implementation, support, and management of computers and information systems - Both hardware and software. It also includes roles specific to the development and testing of software and software systems, working with mathematical models, data analysis and security, algorithms, and computational theory.",5.0,Advanced BA roles,False,False,False,,0.0
23131110,UI / UX Designer / Developer,"A UI or UX Designer or Developer assists with technology design to make products easier for people to use. Determines user preferences and assesses the process that users follow to access product functions; develops and tests new design models and incorporates findings in to improved product design. Researches the behavior of internet users and consumers, compiles information about the target audience for a site, and develops website layout, design and technology features that improve accessibility and value for users.",Front-End Application Design,"The Front-End Application Design Occupation Group includes occupations specific to the design and development of the graphical user interface of a website, software application, videogame or any multimedia interface.",Information Technology and Computer Science,"The Information Technology and Computer Science Career Area includes occupations involved with the development, implementation, support, and management of computers and information systems - Both hardware and software. It also includes roles specific to the development and testing of software and software systems, working with mathematical models, data analysis and security, algorithms, and computational theory.",5.0,Advanced BA roles,False,False,False,,0.0
23131112,UI / UX Designer / Developer,"A UI or UX Designer or Developer assists with technology design to make products easier for people to use. Determines user preferences and assesses the process that users follow to access product functions; develops and tests new design models and incorporates findings in to improved product design. Researches the behavior of internet users and consumers, compiles information about the target audience for a site, and develops website layout, design and technology features that improve accessibility and value for users.",Front-End Application Design,"The Front-End Application Design Occupation Group includes occupations specific to the design and development of the graphical user interface of a website, software application, videogame or any multimedia interface.",Information Technology and Computer Science,"The Information Technology and Computer Science Career Area includes occupations involved with the development, implementation, support, and management of computers and information systems - Both hardware and software. It also includes roles specific to the development and testing of software and software systems, working with mathematical models, data analysis and security, algorithms, and computational theory.",5.0,Advanced BA roles,False,False,False,,0.0
23131113,UI / UX Designer / Developer,"A UI or UX Designer or Developer assists with technology design to make products easier for people to use. Determines user preferences and assesses the process that users follow to access product functions; develops and tests new design models and incorporates findings in to improved product design. Researches the behavior of internet users and consumers, compiles information about the target audience for a site, and develops website layout, design and technology features that improve accessibility and value for users.",Front-End Application Design,"The Front-End Application Design Occupation Group includes occupations specific to the design and development of the graphical user interface of a website, software application, videogame or any multimedia interface.",Information Technology and Computer Science,"The Information Technology and Computer Science Career Area includes occupations involved with the development, implementation, support, and management of computers and information systems - Both hardware and software. It also includes roles specific to the development and testing of software and software systems, working with mathematical models, data analysis and security, algorithms, and computational theory.",5.0,Advanced BA roles,False,False,False,,0.0
23131115,UI / UX Designer / Developer,"A UI or UX Designer or Developer assists with technology design to make products easier for people to use. Determines user preferences and assesses the process that users follow to access product functions; develops and tests new design models and incorporates findings in to improved product design. Researches the behavior of internet users and consumers, compiles information about the target audience for a site, and develops website layout, design and technology features that improve accessibility and value for users.",Front-End Application Design,"The Front-End Application Design Occupation Group includes occupations specific to the design and development of the graphical user interface of a website, software application, videogame or any multimedia interface.",Information Technology and Computer Science,"The Information Technology and Computer Science Career Area includes occupations involved with the development, implementation, support, and management of computers and information systems - Both hardware and software. It also includes roles specific to the development and testing of software and software systems, working with mathematical models, data analysis and security, algorithms, and computational theory.",5.0,Advanced BA roles,False,False,False,,0.0
23131116,UI / UX Designer / Developer,"A UI or UX Designer or Developer assists with technology design to make products easier for people to use. Determines user preferences and assesses the process that users follow to access product functions; develops and tests new design models and incorporates findings in to improved product design. Researches the behavior of internet users and consumers, compiles information about the target audience for a site, and develops website layout, design and technology features that improve accessibility and value for users.",Front-End Application Design,"The Front-End Application Design Occupation Group includes occupations specific to the design and development of the graphical user interface of a website, software application, videogame or any multimedia interface.",Information Technology and Computer Science,"The Information Technology and Computer Science Career Area includes occupations involved with the development, implementation, support, and management of computers and information systems - Both hardware and software. It also includes roles specific to the development and testing of software and software systems, working with mathematical models, data analysis and security, algorithms, and computational theory.",5.0,Advanced BA roles,False,False,False,,0.0
23131117,UI / UX Designer / Developer,"A UI or UX Designer or Developer assists with technology design to make products easier for people to use. Determines user preferences and assesses the process that users follow to access product functions; develops and tests new design models and incorporates findings in to improved product design. Researches the behavior of internet users and consumers, compiles information about the target audience for a site, and develops website layout, design and technology features that improve accessibility and value for users.",Front-End Application Design,"The Front-End Application Design Occupation Group includes occupations specific to the design and development of the graphical user interface of a website, software application, videogame or any multimedia interface.",Information Technology and Computer Science,"The Information Technology and Computer Science Career Area includes occupations involved with the development, implementation, support, and management of computers and information systems - Both hardware and software. It also includes roles specific to the development and testing of software and software systems, working with mathematical models, data analysis and security, algorithms, and computational theory.",5.0,Advanced BA roles,False,False,False,,0.0
23131311,Web Designer,"A Web Designer creates design for websites, including layout and graphics. Integrates applications or other content as needed for a site. May also write web design programs.",Front-End Application Design,"The Front-End Application Design Occupation Group includes occupations specific to the design and development of the graphical user interface of a website, software application, videogame or any multimedia interface.",Information Technology and Computer Science,"The Information Technology and Computer Science Career Area includes occupations involved with the development, implementation, support, and management of computers and information systems - Both hardware and software. It also includes roles specific to the development and testing of software and software systems, working with mathematical models, data analysis and security, algorithms, and computational theory.",4.0,Entry level BA roles,False,False,False,,0.0
23131312,Web Designer,"A Web Designer creates design for websites, including layout and graphics. Integrates applications or other content as needed for a site. May also write web design programs.",Front-End Application Design,"The Front-End Application Design Occupation Group includes occupations specific to the design and development of the graphical user interface of a website, software application, videogame or any multimedia interface.",Information Technology and Computer Science,"The Information Technology and Computer Science Career Area includes occupations involved with the development, implementation, support, and management of computers and information systems - Both hardware and software. It also includes roles specific to the development and testing of software and software systems, working with mathematical models, data analysis and security, algorithms, and computational theory.",4.0,Entry level BA roles,False,False,False,,0.0
23141011,Chief Information Officer,A Chief Information Officer or Director of Information Technology manages and directs information technology at a senior executive level for a company or organization. Manages the flow of information within the organization; identifies and manages technology needed to support access to information and integration of systems within the organization.,IT Managers,"The IT Managers Occupation Group includes managerial occupations in information technology, such as chief information officers, chief technology officers and IT project managers.",Information Technology and Computer Science,"The Information Technology and Computer Science Career Area includes occupations involved with the development, implementation, support, and management of computers and information systems - Both hardware and software. It also includes roles specific to the development and testing of software and software systems, working with mathematical models, data analysis and security, algorithms, and computational theory.",6.0,Graduate and professional roles,False,False,False,,0.0
23141110,IT Manager / Director,An IT Manager or Director manages and directs information technology at a mid-level or senior executive level for a company or organization. Manages the flow of information within the organization; identifies and manages technology needed to support access to information and integration of systems within the organization.,IT Managers,"The IT Managers Occupation Group includes managerial occupations in information technology, such as chief information officers, chief technology officers and IT project managers.",Information Technology and Computer Science,"The Information Technology and Computer Science Career Area includes occupations involved with the development, implementation, support, and management of computers and information systems - Both hardware and software. It also includes roles specific to the development and testing of software and software systems, working with mathematical models, data analysis and security, algorithms, and computational theory.",5.0,Advanced BA roles,False,False,False,,0.0
23141111,IT Manager / Director,An IT Manager or Director manages and directs information technology at a mid-level or senior executive level for a company or organization. Manages the flow of information within the organization; identifies and manages technology needed to support access to information and integration of systems within the organization.,IT Managers,"The IT Managers Occupation Group includes managerial occupations in information technology, such as chief information officers, chief technology officers and IT project managers.",Information Technology and Computer Science,"The Information Technology and Computer Science Career Area includes occupations involved with the development, implementation, support, and management of computers and information systems - Both hardware and software. It also includes roles specific to the development and testing of software and software systems, working with mathematical models, data analysis and security, algorithms, and computational theory.",5.0,Advanced BA roles,False,False,False,,0.0
23141210,IT Project / Program Manager,"An IT Project or Program Manager manages projects for a company in the information technology industry. Projects may include initiatives to create new products or improve or expand technology or systems. Identifies project requirements, develops and manages project budgets and schedules, leads project teams, and manages communications with project stakeholders, including company management and clients.",IT Managers,"The IT Managers Occupation Group includes managerial occupations in information technology, such as chief information officers, chief technology officers and IT project managers.",Information Technology and Computer Science,"The Information Technology and Computer Science Career Area includes occupations involved with the development, implementation, support, and management of computers and information systems - Both hardware and software. It also includes roles specific to the development and testing of software and software systems, working with mathematical models, data analysis and security, algorithms, and computational theory.",5.0,Advanced BA roles,False,False,False,,0.0
23141212,IT Project / Program Manager,"An IT Project or Program Manager manages projects for a company in the information technology industry. Projects may include initiatives to create new products or improve or expand technology or systems. Identifies project requirements, develops and manages project budgets and schedules, leads project teams, and manages communications with project stakeholders, including company management and clients.",IT Managers,"The IT Managers Occupation Group includes managerial occupations in information technology, such as chief information officers, chief technology officers and IT project managers.",Information Technology and Computer Science,"The Information Technology and Computer Science Career Area includes occupations involved with the development, implementation, support, and management of computers and information systems - Both hardware and software. It also includes roles specific to the development and testing of software and software systems, working with mathematical models, data analysis and security, algorithms, and computational theory.",5.0,Advanced BA roles,False,False,False,,0.0
23141214,IT Project / Program Manager,"An IT Project or Program Manager manages projects for a company in the information technology industry. Projects may include initiatives to create new products or improve or expand technology or systems. Identifies project requirements, develops and manages project budgets and schedules, leads project teams, and manages communications with project stakeholders, including company management and clients.",IT Managers,"The IT Managers Occupation Group includes managerial occupations in information technology, such as chief information officers, chief technology officers and IT project managers.",Information Technology and Computer Science,"The Information Technology and Computer Science Career Area includes occupations involved with the development, implementation, support, and management of computers and information systems - Both hardware and software. It also includes roles specific to the development and testing of software and software systems, working with mathematical models, data analysis and security, algorithms, and computational theory.",5.0,Advanced BA roles,False,False,False,,0.0
23141215,IT Project / Program Manager,"An IT Project or Program Manager manages projects for a company in the information technology industry. Projects may include initiatives to create new products or improve or expand technology or systems. Identifies project requirements, develops and manages project budgets and schedules, leads project teams, and manages communications with project stakeholders, including company management and clients.",IT Managers,"The IT Managers Occupation Group includes managerial occupations in information technology, such as chief information officers, chief technology officers and IT project managers.",Information Technology and Computer Science,"The Information Technology and Computer Science Career Area includes occupations involved with the development, implementation, support, and management of computers and information systems - Both hardware and software. It also includes roles specific to the development and testing of software and software systems, working with mathematical models, data analysis and security, algorithms, and computational theory.",5.0,Advanced BA roles,False,False,False,,0.0
23151010,Computer Systems Engineer / Architect,"A Computer Systems Engineer or Architect creates computer and data communication networks for companies and organizations. Plans and designs layout for a network, determines the hardware needed and placement of computers, servers, cables and routers; determines data storage and system capacity, speed and software needed for a system.",Network and Systems Engineering,"The Network and Systems Engineering Occupation Group includes occupations specific to the design, development and architecture of computer systems and networks, telecommunication systems and cyber security systems.",Information Technology and Computer Science,"The Information Technology and Computer Science Career Area includes occupations involved with the development, implementation, support, and management of computers and information systems - Both hardware and software. It also includes roles specific to the development and testing of software and software systems, working with mathematical models, data analysis and security, algorithms, and computational theory.",5.0,Advanced BA roles,False,False,False,,0.0
23151011,Computer Systems Engineer / Architect,"A Computer Systems Engineer or Architect creates computer and data communication networks for companies and organizations. Plans and designs layout for a network, determines the hardware needed and placement of computers, servers, cables and routers; determines data storage and system capacity, speed and software needed for a system.",Network and Systems Engineering,"The Network and Systems Engineering Occupation Group includes occupations specific to the design, development and architecture of computer systems and networks, telecommunication systems and cyber security systems.",Information Technology and Computer Science,"The Information Technology and Computer Science Career Area includes occupations involved with the development, implementation, support, and management of computers and information systems - Both hardware and software. It also includes roles specific to the development and testing of software and software systems, working with mathematical models, data analysis and security, algorithms, and computational theory.",5.0,Advanced BA roles,False,False,False,,0.0
23151012,Computer Systems Engineer / Architect,"A Computer Systems Engineer or Architect creates computer and data communication networks for companies and organizations. Plans and designs layout for a network, determines the hardware needed and placement of computers, servers, cables and routers; determines data storage and system capacity, speed and software needed for a system.",Network and Systems Engineering,"The Network and Systems Engineering Occupation Group includes occupations specific to the design, development and architecture of computer systems and networks, telecommunication systems and cyber security systems.",Information Technology and Computer Science,"The Information Technology and Computer Science Career Area includes occupations involved with the development, implementation, support, and management of computers and information systems - Both hardware and software. It also includes roles specific to the development and testing of software and software systems, working with mathematical models, data analysis and security, algorithms, and computational theory.",5.0,Advanced BA roles,False,False,False,,0.0
23151013,Computer Systems Engineer / Architect,"A Computer Systems Engineer or Architect creates computer and data communication networks for companies and organizations. Plans and designs layout for a network, determines the hardware needed and placement of computers, servers, cables and routers; determines data storage and system capacity, speed and software needed for a system.",Network and Systems Engineering,"The Network and Systems Engineering Occupation Group includes occupations specific to the design, development and architecture of computer systems and networks, telecommunication systems and cyber security systems.",Information Technology and Computer Science,"The Information Technology and Computer Science Career Area includes occupations involved with the development, implementation, support, and management of computers and information systems - Both hardware and software. It also includes roles specific to the development and testing of software and software systems, working with mathematical models, data analysis and security, algorithms, and computational theory.",5.0,Advanced BA roles,False,False,False,,0.0
23151016,Computer Systems Engineer / Architect,"A Computer Systems Engineer or Architect creates computer and data communication networks for companies and organizations. Plans and designs layout for a network, determines the hardware needed and placement of computers, servers, cables and routers; determines data storage and system capacity, speed and software needed for a system.",Network and Systems Engineering,"The Network and Systems Engineering Occupation Group includes occupations specific to the design, development and architecture of computer systems and networks, telecommunication systems and cyber security systems.",Information Technology and Computer Science,"The Information Technology and Computer Science Career Area includes occupations involved with the development, implementation, support, and management of computers and information systems - Both hardware and software. It also includes roles specific to the development and testing of software and software systems, working with mathematical models, data analysis and security, algorithms, and computational theory.",5.0,Advanced BA roles,False,False,False,,0.0
23151111,Cyber / Information Security Engineer / Analyst,"A Cyber or Information Security Engineer or Analyst designs systems that protect the security of large databases, including databases with customer information and patient files. Examines client computer systems, identifies weak points in security, develops and implements new systems, monitors and responds to security issues.",Network and Systems Engineering,"The Network and Systems Engineering Occupation Group includes occupations specific to the design, development and architecture of computer systems and networks, telecommunication systems and cyber security systems.",Information Technology and Computer Science,"The Information Technology and Computer Science Career Area includes occupations involved with the development, implementation, support, and management of computers and information systems - Both hardware and software. It also includes roles specific to the development and testing of software and software systems, working with mathematical models, data analysis and security, algorithms, and computational theory.",5.0,Advanced BA roles,False,False,False,,0.0
23151112,Cyber / Information Security Engineer / Analyst,"A Cyber or Information Security Engineer or Analyst designs systems that protect the security of large databases, including databases with customer information and patient files. Examines client computer systems, identifies weak points in security, develops and implements new systems, monitors and responds to security issues.",Network and Systems Engineering,"The Network and Systems Engineering Occupation Group includes occupations specific to the design, development and architecture of computer systems and networks, telecommunication systems and cyber security systems.",Information Technology and Computer Science,"The Information Technology and Computer Science Career Area includes occupations involved with the development, implementation, support, and management of computers and information systems - Both hardware and software. It also includes roles specific to the development and testing of software and software systems, working with mathematical models, data analysis and security, algorithms, and computational theory.",5.0,Advanced BA roles,False,False,False,,0.0
23151114,Cyber / Information Security Engineer / Analyst,"A Cyber or Information Security Engineer or Analyst designs systems that protect the security of large databases, including databases with customer information and patient files. Examines client computer systems, identifies weak points in security, develops and implements new systems, monitors and responds to security issues.",Network and Systems Engineering,"The Network and Systems Engineering Occupation Group includes occupations specific to the design, development and architecture of computer systems and networks, telecommunication systems and cyber security systems.",Information Technology and Computer Science,"The Information Technology and Computer Science Career Area includes occupations involved with the development, implementation, support, and management of computers and information systems - Both hardware and software. It also includes roles specific to the development and testing of software and software systems, working with mathematical models, data analysis and security, algorithms, and computational theory.",5.0,Advanced BA roles,False,False,False,,0.0
23151115,Cyber / Information Security Engineer / Analyst,"A Cyber or Information Security Engineer or Analyst designs systems that protect the security of large databases, including databases with customer information and patient files. Examines client computer systems, identifies weak points in security, develops and implements new systems, monitors and responds to security issues.",Network and Systems Engineering,"The Network and Systems Engineering Occupation Group includes occupations specific to the design, development and architecture of computer systems and networks, telecommunication systems and cyber security systems.",Information Technology and Computer Science,"The Information Technology and Computer Science Career Area includes occupations involved with the development, implementation, support, and management of computers and information systems - Both hardware and software. It also includes roles specific to the development and testing of software and software systems, working with mathematical models, data analysis and security, algorithms, and computational theory.",5.0,Advanced BA roles,False,False,False,,0.0
23151116,Cyber / Information Security Engineer / Analyst,"A Cyber or Information Security Engineer or Analyst designs systems that protect the security of large databases, including databases with customer information and patient files. Examines client computer systems, identifies weak points in security, develops and implements new systems, monitors and responds to security issues.",Network and Systems Engineering,"The Network and Systems Engineering Occupation Group includes occupations specific to the design, development and architecture of computer systems and networks, telecommunication systems and cyber security systems.",Information Technology and Computer Science,"The Information Technology and Computer Science Career Area includes occupations involved with the development, implementation, support, and management of computers and information systems - Both hardware and software. It also includes roles specific to the development and testing of software and software systems, working with mathematical models, data analysis and security, algorithms, and computational theory.",5.0,Advanced BA roles,False,False,False,,0.0
23151117,Cyber / Information Security Engineer / Analyst,"A Cyber or Information Security Engineer or Analyst designs systems that protect the security of large databases, including databases with customer information and patient files. Examines client computer systems, identifies weak points in security, develops and implements new systems, monitors and responds to security issues.",Network and Systems Engineering,"The Network and Systems Engineering Occupation Group includes occupations specific to the design, development and architecture of computer systems and networks, telecommunication systems and cyber security systems.",Information Technology and Computer Science,"The Information Technology and Computer Science Career Area includes occupations involved with the development, implementation, support, and management of computers and information systems - Both hardware and software. It also includes roles specific to the development and testing of software and software systems, working with mathematical models, data analysis and security, algorithms, and computational theory.",5.0,Advanced BA roles,False,False,False,,0.0
23151119,Cyber / Information Security Engineer / Analyst,"A Cyber or Information Security Engineer or Analyst designs systems that protect the security of large databases, including databases with customer information and patient files. Examines client computer systems, identifies weak points in security, develops and implements new systems, monitors and responds to security issues.",Network and Systems Engineering,"The Network and Systems Engineering Occupation Group includes occupations specific to the design, development and architecture of computer systems and networks, telecommunication systems and cyber security systems.",Information Technology and Computer Science,"The Information Technology and Computer Science Career Area includes occupations involved with the development, implementation, support, and management of computers and information systems - Both hardware and software. It also includes roles specific to the development and testing of software and software systems, working with mathematical models, data analysis and security, algorithms, and computational theory.",5.0,Advanced BA roles,False,False,False,,0.0
23151120,Cyber / Information Security Engineer / Analyst,"A Cyber or Information Security Engineer or Analyst designs systems that protect the security of large databases, including databases with customer information and patient files. Examines client computer systems, identifies weak points in security, develops and implements new systems, monitors and responds to security issues.",Network and Systems Engineering,"The Network and Systems Engineering Occupation Group includes occupations specific to the design, development and architecture of computer systems and networks, telecommunication systems and cyber security systems.",Information Technology and Computer Science,"The Information Technology and Computer Science Career Area includes occupations involved with the development, implementation, support, and management of computers and information systems - Both hardware and software. It also includes roles specific to the development and testing of software and software systems, working with mathematical models, data analysis and security, algorithms, and computational theory.",5.0,Advanced BA roles,False,False,False,,0.0
23151210,Network Engineer / Architect,"A Network Engineer or Architect designs and builds computer network systems, including software and hardware. Runs program and system tests, solves technical problems and maintains the network system. Designs and analyzes computer network models.",Network and Systems Engineering,"The Network and Systems Engineering Occupation Group includes occupations specific to the design, development and architecture of computer systems and networks, telecommunication systems and cyber security systems.",Information Technology and Computer Science,"The Information Technology and Computer Science Career Area includes occupations involved with the development, implementation, support, and management of computers and information systems - Both hardware and software. It also includes roles specific to the development and testing of software and software systems, working with mathematical models, data analysis and security, algorithms, and computational theory.",5.0,Advanced BA roles,False,False,False,,0.0
23151214,Network Engineer / Architect,"A Network Engineer or Architect designs and builds computer network systems, including software and hardware. Runs program and system tests, solves technical problems and maintains the network system. Designs and analyzes computer network models.",Network and Systems Engineering,"The Network and Systems Engineering Occupation Group includes occupations specific to the design, development and architecture of computer systems and networks, telecommunication systems and cyber security systems.",Information Technology and Computer Science,"The Information Technology and Computer Science Career Area includes occupations involved with the development, implementation, support, and management of computers and information systems - Both hardware and software. It also includes roles specific to the development and testing of software and software systems, working with mathematical models, data analysis and security, algorithms, and computational theory.",5.0,Advanced BA roles,False,False,False,,0.0
23151215,Network Engineer / Architect,"A Network Engineer or Architect designs and builds computer network systems, including software and hardware. Runs program and system tests, solves technical problems and maintains the network system. Designs and analyzes computer network models.",Network and Systems Engineering,"The Network and Systems Engineering Occupation Group includes occupations specific to the design, development and architecture of computer systems and networks, telecommunication systems and cyber security systems.",Information Technology and Computer Science,"The Information Technology and Computer Science Career Area includes occupations involved with the development, implementation, support, and management of computers and information systems - Both hardware and software. It also includes roles specific to the development and testing of software and software systems, working with mathematical models, data analysis and security, algorithms, and computational theory.",5.0,Advanced BA roles,False,False,False,,0.0
23151216,Network Engineer / Architect,"A Network Engineer or Architect designs and builds computer network systems, including software and hardware. Runs program and system tests, solves technical problems and maintains the network system. Designs and analyzes computer network models.",Network and Systems Engineering,"The Network and Systems Engineering Occupation Group includes occupations specific to the design, development and architecture of computer systems and networks, telecommunication systems and cyber security systems.",Information Technology and Computer Science,"The Information Technology and Computer Science Career Area includes occupations involved with the development, implementation, support, and management of computers and information systems - Both hardware and software. It also includes roles specific to the development and testing of software and software systems, working with mathematical models, data analysis and security, algorithms, and computational theory.",5.0,Advanced BA roles,False,False,False,,0.0
23151312,Systems Analyst,"A Systems Analyst helps businesses and organizations to plan and build computer systems. Reviews the information processing needs of the organization, plans and sets up computer networks and software, and tests systems for accuracy, efficiency and ease of use.",Network and Systems Engineering,"The Network and Systems Engineering Occupation Group includes occupations specific to the design, development and architecture of computer systems and networks, telecommunication systems and cyber security systems.",Information Technology and Computer Science,"The Information Technology and Computer Science Career Area includes occupations involved with the development, implementation, support, and management of computers and information systems - Both hardware and software. It also includes roles specific to the development and testing of software and software systems, working with mathematical models, data analysis and security, algorithms, and computational theory.",5.0,Advanced BA roles,False,False,False,,0.0
23151313,Systems Analyst,"A Systems Analyst helps businesses and organizations to plan and build computer systems. Reviews the information processing needs of the organization, plans and sets up computer networks and software, and tests systems for accuracy, efficiency and ease of use.",Network and Systems Engineering,"The Network and Systems Engineering Occupation Group includes occupations specific to the design, development and architecture of computer systems and networks, telecommunication systems and cyber security systems.",Information Technology and Computer Science,"The Information Technology and Computer Science Career Area includes occupations involved with the development, implementation, support, and management of computers and information systems - Both hardware and software. It also includes roles specific to the development and testing of software and software systems, working with mathematical models, data analysis and security, algorithms, and computational theory.",5.0,Advanced BA roles,False,False,False,,0.0
23151410,Technology Consultant,A Technology Consultant provides information technology consulting services to businesses and organizations. Advises or manages installation or expansion of computer network systems; provides problem-solving assistance and staff training with new systems. May work independently or as part of a consulting team.,Network and Systems Engineering,"The Network and Systems Engineering Occupation Group includes occupations specific to the design, development and architecture of computer systems and networks, telecommunication systems and cyber security systems.",Information Technology and Computer Science,"The Information Technology and Computer Science Career Area includes occupations involved with the development, implementation, support, and management of computers and information systems - Both hardware and software. It also includes roles specific to the development and testing of software and software systems, working with mathematical models, data analysis and security, algorithms, and computational theory.",5.0,Advanced BA roles,False,False,False,,0.0
23151411,Technology Consultant,A Technology Consultant provides information technology consulting services to businesses and organizations. Advises or manages installation or expansion of computer network systems; provides problem-solving assistance and staff training with new systems. May work independently or as part of a consulting team.,Network and Systems Engineering,"The Network and Systems Engineering Occupation Group includes occupations specific to the design, development and architecture of computer systems and networks, telecommunication systems and cyber security systems.",Information Technology and Computer Science,"The Information Technology and Computer Science Career Area includes occupations involved with the development, implementation, support, and management of computers and information systems - Both hardware and software. It also includes roles specific to the development and testing of software and software systems, working with mathematical models, data analysis and security, algorithms, and computational theory.",5.0,Advanced BA roles,False,False,False,,0.0
23151510,Telecommunications Engineering Specialist,"A Telecommunications Engineering Specialist designs or configures telecommunications systems, including electronic communication systems for voice, video, or data. Supervises system installation and maintenance.",Network and Systems Engineering,"The Network and Systems Engineering Occupation Group includes occupations specific to the design, development and architecture of computer systems and networks, telecommunication systems and cyber security systems.",Information Technology and Computer Science,"The Information Technology and Computer Science Career Area includes occupations involved with the development, implementation, support, and management of computers and information systems - Both hardware and software. It also includes roles specific to the development and testing of software and software systems, working with mathematical models, data analysis and security, algorithms, and computational theory.",5.0,Advanced BA roles,False,False,False,,0.0
23161012,Computer Support Specialist,"A Computer Support Specialist provides technical support to computer users, either as a part of an organization's information technology department, or to individual users in person or via telephone or other communication. Helps to maintain computer networks and fix problems as they arise, or helps clients diagnose and solve computer problems.",Network and Systems Support,"The Network and Systems Support Occupation Group includes occupations specific to the provision of ongoing maintenance, help desk support and repair services for computer systems and networks.",Information Technology and Computer Science,"The Information Technology and Computer Science Career Area includes occupations involved with the development, implementation, support, and management of computers and information systems - Both hardware and software. It also includes roles specific to the development and testing of software and software systems, working with mathematical models, data analysis and security, algorithms, and computational theory.",3.0,Roles with 2 year specialized degree requirement or a mix of sub-BA and BA requirements,False,False,False,,0.0
23161013,Computer Support Specialist,"A Computer Support Specialist provides technical support to computer users, either as a part of an organization's information technology department, or to individual users in person or via telephone or other communication. Helps to maintain computer networks and fix problems as they arise, or helps clients diagnose and solve computer problems.",Network and Systems Support,"The Network and Systems Support Occupation Group includes occupations specific to the provision of ongoing maintenance, help desk support and repair services for computer systems and networks.",Information Technology and Computer Science,"The Information Technology and Computer Science Career Area includes occupations involved with the development, implementation, support, and management of computers and information systems - Both hardware and software. It also includes roles specific to the development and testing of software and software systems, working with mathematical models, data analysis and security, algorithms, and computational theory.",3.0,Roles with 2 year specialized degree requirement or a mix of sub-BA and BA requirements,False,False,False,,0.0
23161014,Computer Support Specialist,"A Computer Support Specialist provides technical support to computer users, either as a part of an organization's information technology department, or to individual users in person or via telephone or other communication. Helps to maintain computer networks and fix problems as they arise, or helps clients diagnose and solve computer problems.",Network and Systems Support,"The Network and Systems Support Occupation Group includes occupations specific to the provision of ongoing maintenance, help desk support and repair services for computer systems and networks.",Information Technology and Computer Science,"The Information Technology and Computer Science Career Area includes occupations involved with the development, implementation, support, and management of computers and information systems - Both hardware and software. It also includes roles specific to the development and testing of software and software systems, working with mathematical models, data analysis and security, algorithms, and computational theory.",3.0,Roles with 2 year specialized degree requirement or a mix of sub-BA and BA requirements,False,False,False,,0.0
23161015,Computer Support Specialist,"A Computer Support Specialist provides technical support to computer users, either as a part of an organization's information technology department, or to individual users in person or via telephone or other communication. Helps to maintain computer networks and fix problems as they arise, or helps clients diagnose and solve computer problems.",Network and Systems Support,"The Network and Systems Support Occupation Group includes occupations specific to the provision of ongoing maintenance, help desk support and repair services for computer systems and networks.",Information Technology and Computer Science,"The Information Technology and Computer Science Career Area includes occupations involved with the development, implementation, support, and management of computers and information systems - Both hardware and software. It also includes roles specific to the development and testing of software and software systems, working with mathematical models, data analysis and security, algorithms, and computational theory.",3.0,Roles with 2 year specialized degree requirement or a mix of sub-BA and BA requirements,False,False,False,,0.0
23161016,Computer Support Specialist,"A Computer Support Specialist provides technical support to computer users, either as a part of an organization's information technology department, or to individual users in person or via telephone or other communication. Helps to maintain computer networks and fix problems as they arise, or helps clients diagnose and solve computer problems.",Network and Systems Support,"The Network and Systems Support Occupation Group includes occupations specific to the provision of ongoing maintenance, help desk support and repair services for computer systems and networks.",Information Technology and Computer Science,"The Information Technology and Computer Science Career Area includes occupations involved with the development, implementation, support, and management of computers and information systems - Both hardware and software. It also includes roles specific to the development and testing of software and software systems, working with mathematical models, data analysis and security, algorithms, and computational theory.",3.0,Roles with 2 year specialized degree requirement or a mix of sub-BA and BA requirements,False,False,False,,0.0
23161110,Network / Systems Administrator,"A Network or Systems Administrator manages the day-to-day operations of an organization's computer networks, including the systems that connect computers and other technology to each other and to outside networks. Installs, organizes, and supports the hardware and software of these systems.",Network and Systems Support,"The Network and Systems Support Occupation Group includes occupations specific to the provision of ongoing maintenance, help desk support and repair services for computer systems and networks.",Information Technology and Computer Science,"The Information Technology and Computer Science Career Area includes occupations involved with the development, implementation, support, and management of computers and information systems - Both hardware and software. It also includes roles specific to the development and testing of software and software systems, working with mathematical models, data analysis and security, algorithms, and computational theory.",5.0,Advanced BA roles,False,False,False,,0.0
23161111,Network / Systems Administrator,"A Network or Systems Administrator manages the day-to-day operations of an organization's computer networks, including the systems that connect computers and other technology to each other and to outside networks. Installs, organizes, and supports the hardware and software of these systems.",Network and Systems Support,"The Network and Systems Support Occupation Group includes occupations specific to the provision of ongoing maintenance, help desk support and repair services for computer systems and networks.",Information Technology and Computer Science,"The Information Technology and Computer Science Career Area includes occupations involved with the development, implementation, support, and management of computers and information systems - Both hardware and software. It also includes roles specific to the development and testing of software and software systems, working with mathematical models, data analysis and security, algorithms, and computational theory.",5.0,Advanced BA roles,False,False,False,,0.0
23161112,Network / Systems Administrator,"A Network or Systems Administrator manages the day-to-day operations of an organization's computer networks, including the systems that connect computers and other technology to each other and to outside networks. Installs, organizes, and supports the hardware and software of these systems.",Network and Systems Support,"The Network and Systems Support Occupation Group includes occupations specific to the provision of ongoing maintenance, help desk support and repair services for computer systems and networks.",Information Technology and Computer Science,"The Information Technology and Computer Science Career Area includes occupations involved with the development, implementation, support, and management of computers and information systems - Both hardware and software. It also includes roles specific to the development and testing of software and software systems, working with mathematical models, data analysis and security, algorithms, and computational theory.",5.0,Advanced BA roles,False,False,False,,0.0
23161113,Network / Systems Administrator,"A Network or Systems Administrator manages the day-to-day operations of an organization's computer networks, including the systems that connect computers and other technology to each other and to outside networks. Installs, organizes, and supports the hardware and software of these systems.",Network and Systems Support,"The Network and Systems Support Occupation Group includes occupations specific to the provision of ongoing maintenance, help desk support and repair services for computer systems and networks.",Information Technology and Computer Science,"The Information Technology and Computer Science Career Area includes occupations involved with the development, implementation, support, and management of computers and information systems - Both hardware and software. It also includes roles specific to the development and testing of software and software systems, working with mathematical models, data analysis and security, algorithms, and computational theory.",5.0,Advanced BA roles,False,False,False,,0.0
23161114,Network / Systems Administrator,"A Network or Systems Administrator manages the day-to-day operations of an organization's computer networks, including the systems that connect computers and other technology to each other and to outside networks. Installs, organizes, and supports the hardware and software of these systems.",Network and Systems Support,"The Network and Systems Support Occupation Group includes occupations specific to the provision of ongoing maintenance, help desk support and repair services for computer systems and networks.",Information Technology and Computer Science,"The Information Technology and Computer Science Career Area includes occupations involved with the development, implementation, support, and management of computers and information systems - Both hardware and software. It also includes roles specific to the development and testing of software and software systems, working with mathematical models, data analysis and security, algorithms, and computational theory.",5.0,Advanced BA roles,False,False,False,,0.0
23161115,Network / Systems Administrator,"A Network or Systems Administrator manages the day-to-day operations of an organization's computer networks, including the systems that connect computers and other technology to each other and to outside networks. Installs, organizes, and supports the hardware and software of these systems.",Network and Systems Support,"The Network and Systems Support Occupation Group includes occupations specific to the provision of ongoing maintenance, help desk support and repair services for computer systems and networks.",Information Technology and Computer Science,"The Information Technology and Computer Science Career Area includes occupations involved with the development, implementation, support, and management of computers and information systems - Both hardware and software. It also includes roles specific to the development and testing of software and software systems, working with mathematical models, data analysis and security, algorithms, and computational theory.",5.0,Advanced BA roles,False,False,False,,0.0
23161116,Network / Systems Administrator,"A Network or Systems Administrator manages the day-to-day operations of an organization's computer networks, including the systems that connect computers and other technology to each other and to outside networks. Installs, organizes, and supports the hardware and software of these systems.",Network and Systems Support,"The Network and Systems Support Occupation Group includes occupations specific to the provision of ongoing maintenance, help desk support and repair services for computer systems and networks.",Information Technology and Computer Science,"The Information Technology and Computer Science Career Area includes occupations involved with the development, implementation, support, and management of computers and information systems - Both hardware and software. It also includes roles specific to the development and testing of software and software systems, working with mathematical models, data analysis and security, algorithms, and computational theory.",5.0,Advanced BA roles,False,False,False,,0.0
23161210,Network / Systems Support Specialist,"A Network or Systems Support Specialist evaluates, troubleshoots, and maintains an organization's computer and network systems, usually as part of an information technology department.",Network and Systems Support,"The Network and Systems Support Occupation Group includes occupations specific to the provision of ongoing maintenance, help desk support and repair services for computer systems and networks.",Information Technology and Computer Science,"The Information Technology and Computer Science Career Area includes occupations involved with the development, implementation, support, and management of computers and information systems - Both hardware and software. It also includes roles specific to the development and testing of software and software systems, working with mathematical models, data analysis and security, algorithms, and computational theory.",3.0,Roles with 2 year specialized degree requirement or a mix of sub-BA and BA requirements,False,False,False,,0.0
23171111,Computer Programmer,"A Computer Programmer writes code, or instructions that a computer can follow, to create software programs. Follows program designs created by software developers and assists with software program design work. Updates and expands programs, tests for errors and fix errors. Uses different computer languages as needed to write programs.",Software Development,"The Software Development Occupation Group includes occupations specific to the process of conceiving, specifying, designing, programming, documenting, testing, and bug fixing involved in creating and maintaining applications, frameworks, or other software components.",Information Technology and Computer Science,"The Information Technology and Computer Science Career Area includes occupations involved with the development, implementation, support, and management of computers and information systems - Both hardware and software. It also includes roles specific to the development and testing of software and software systems, working with mathematical models, data analysis and security, algorithms, and computational theory.",5.0,Advanced BA roles,False,False,False,,0.0
23171210,Mobile Applications Developer,"A Mobile Applications Developer designs, builds, or improves mobile applications for smart phones and mobile tablets. Oversees the entire software development process. Analyzes customer or user needs, designs programs, writes code, tests design, and documents programs.",Software Development,"The Software Development Occupation Group includes occupations specific to the process of conceiving, specifying, designing, programming, documenting, testing, and bug fixing involved in creating and maintaining applications, frameworks, or other software components.",Information Technology and Computer Science,"The Information Technology and Computer Science Career Area includes occupations involved with the development, implementation, support, and management of computers and information systems - Both hardware and software. It also includes roles specific to the development and testing of software and software systems, working with mathematical models, data analysis and security, algorithms, and computational theory.",5.0,Advanced BA roles,False,False,False,,0.0
23171211,Mobile Applications Developer,"A Mobile Applications Developer designs, builds, or improves mobile applications for smart phones and mobile tablets. Oversees the entire software development process. Analyzes customer or user needs, designs programs, writes code, tests design, and documents programs.",Software Development,"The Software Development Occupation Group includes occupations specific to the process of conceiving, specifying, designing, programming, documenting, testing, and bug fixing involved in creating and maintaining applications, frameworks, or other software components.",Information Technology and Computer Science,"The Information Technology and Computer Science Career Area includes occupations involved with the development, implementation, support, and management of computers and information systems - Both hardware and software. It also includes roles specific to the development and testing of software and software systems, working with mathematical models, data analysis and security, algorithms, and computational theory.",5.0,Advanced BA roles,False,False,False,,0.0
23171212,Mobile Applications Developer,"A Mobile Applications Developer designs, builds, or improves mobile applications for smart phones and mobile tablets. Oversees the entire software development process. Analyzes customer or user needs, designs programs, writes code, tests design, and documents programs.",Software Development,"The Software Development Occupation Group includes occupations specific to the process of conceiving, specifying, designing, programming, documenting, testing, and bug fixing involved in creating and maintaining applications, frameworks, or other software components.",Information Technology and Computer Science,"The Information Technology and Computer Science Career Area includes occupations involved with the development, implementation, support, and management of computers and information systems - Both hardware and software. It also includes roles specific to the development and testing of software and software systems, working with mathematical models, data analysis and security, algorithms, and computational theory.",5.0,Advanced BA roles,False,False,False,,0.0
23171310,Product Owner,A Product Owner is a member of the product development team who writes user stories and defines the tasks needed for engineers to work using the Agile Development Framework.,Software Development,"The Software Development Occupation Group includes occupations specific to the process of conceiving, specifying, designing, programming, documenting, testing, and bug fixing involved in creating and maintaining applications, frameworks, or other software components.",Information Technology and Computer Science,"The Information Technology and Computer Science Career Area includes occupations involved with the development, implementation, support, and management of computers and information systems - Both hardware and software. It also includes roles specific to the development and testing of software and software systems, working with mathematical models, data analysis and security, algorithms, and computational theory.",5.0,Advanced BA roles,False,False,False,,0.0
23171410,Scrum Master,"A Scrum Master serves as the facilitator on an Agile team, helping them to achieve their delivery goals using the Agile methodology, a product development process, most commonly used in software development that focuses on iterative improvements.",Software Development,"The Software Development Occupation Group includes occupations specific to the process of conceiving, specifying, designing, programming, documenting, testing, and bug fixing involved in creating and maintaining applications, frameworks, or other software components.",Information Technology and Computer Science,"The Information Technology and Computer Science Career Area includes occupations involved with the development, implementation, support, and management of computers and information systems - Both hardware and software. It also includes roles specific to the development and testing of software and software systems, working with mathematical models, data analysis and security, algorithms, and computational theory.",5.0,Advanced BA roles,False,False,False,,0.0
23171510,Software Developer / Engineer,"A Software Developer or Engineer designs or improves computer software. Oversees the entire software development process. Analyzes customer or user needs, designs programs, writes code or instructs computer programmers, tests design, and documents programs. May assist with upgrades or maintenance. May specialize in the design of computer applications or computer systems.",Software Development,"The Software Development Occupation Group includes occupations specific to the process of conceiving, specifying, designing, programming, documenting, testing, and bug fixing involved in creating and maintaining applications, frameworks, or other software components.",Information Technology and Computer Science,"The Information Technology and Computer Science Career Area includes occupations involved with the development, implementation, support, and management of computers and information systems - Both hardware and software. It also includes roles specific to the development and testing of software and software systems, working with mathematical models, data analysis and security, algorithms, and computational theory.",5.0,Advanced BA roles,False,False,False,,0.0
23171511,Software Developer / Engineer,"A Software Developer or Engineer designs or improves computer software. Oversees the entire software development process. Analyzes customer or user needs, designs programs, writes code or instructs computer programmers, tests design, and documents programs. May assist with upgrades or maintenance. May specialize in the design of computer applications or computer systems.",Software Development,"The Software Development Occupation Group includes occupations specific to the process of conceiving, specifying, designing, programming, documenting, testing, and bug fixing involved in creating and maintaining applications, frameworks, or other software components.",Information Technology and Computer Science,"The Information Technology and Computer Science Career Area includes occupations involved with the development, implementation, support, and management of computers and information systems - Both hardware and software. It also includes roles specific to the development and testing of software and software systems, working with mathematical models, data analysis and security, algorithms, and computational theory.",5.0,Advanced BA roles,False,False,False,,0.0
23171514,Software Developer / Engineer,"A Software Developer or Engineer designs or improves computer software. Oversees the entire software development process. Analyzes customer or user needs, designs programs, writes code or instructs computer programmers, tests design, and documents programs. May assist with upgrades or maintenance. May specialize in the design of computer applications or computer systems.",Software Development,"The Software Development Occupation Group includes occupations specific to the process of conceiving, specifying, designing, programming, documenting, testing, and bug fixing involved in creating and maintaining applications, frameworks, or other software components.",Information Technology and Computer Science,"The Information Technology and Computer Science Career Area includes occupations involved with the development, implementation, support, and management of computers and information systems - Both hardware and software. It also includes roles specific to the development and testing of software and software systems, working with mathematical models, data analysis and security, algorithms, and computational theory.",5.0,Advanced BA roles,False,False,False,,0.0
23171515,Software Developer / Engineer,"A Software Developer or Engineer designs or improves computer software. Oversees the entire software development process. Analyzes customer or user needs, designs programs, writes code or instructs computer programmers, tests design, and documents programs. May assist with upgrades or maintenance. May specialize in the design of computer applications or computer systems.",Software Development,"The Software Development Occupation Group includes occupations specific to the process of conceiving, specifying, designing, programming, documenting, testing, and bug fixing involved in creating and maintaining applications, frameworks, or other software components.",Information Technology and Computer Science,"The Information Technology and Computer Science Career Area includes occupations involved with the development, implementation, support, and management of computers and information systems - Both hardware and software. It also includes roles specific to the development and testing of software and software systems, working with mathematical models, data analysis and security, algorithms, and computational theory.",5.0,Advanced BA roles,False,False,False,,0.0
23171517,Software Developer / Engineer,"A Software Developer or Engineer designs or improves computer software. Oversees the entire software development process. Analyzes customer or user needs, designs programs, writes code or instructs computer programmers, tests design, and documents programs. May assist with upgrades or maintenance. May specialize in the design of computer applications or computer systems.",Software Development,"The Software Development Occupation Group includes occupations specific to the process of conceiving, specifying, designing, programming, documenting, testing, and bug fixing involved in creating and maintaining applications, frameworks, or other software components.",Information Technology and Computer Science,"The Information Technology and Computer Science Career Area includes occupations involved with the development, implementation, support, and management of computers and information systems - Both hardware and software. It also includes roles specific to the development and testing of software and software systems, working with mathematical models, data analysis and security, algorithms, and computational theory.",5.0,Advanced BA roles,False,False,False,,0.0
23171520,Software Developer / Engineer,"A Software Developer or Engineer designs or improves computer software. Oversees the entire software development process. Analyzes customer or user needs, designs programs, writes code or instructs computer programmers, tests design, and documents programs. May assist with upgrades or maintenance. May specialize in the design of computer applications or computer systems.",Software Development,"The Software Development Occupation Group includes occupations specific to the process of conceiving, specifying, designing, programming, documenting, testing, and bug fixing involved in creating and maintaining applications, frameworks, or other software components.",Information Technology and Computer Science,"The Information Technology and Computer Science Career Area includes occupations involved with the development, implementation, support, and management of computers and information systems - Both hardware and software. It also includes roles specific to the development and testing of software and software systems, working with mathematical models, data analysis and security, algorithms, and computational theory.",5.0,Advanced BA roles,False,False,False,,0.0
23171521,Software Developer / Engineer,"A Software Developer or Engineer designs or improves computer software. Oversees the entire software development process. Analyzes customer or user needs, designs programs, writes code or instructs computer programmers, tests design, and documents programs. May assist with upgrades or maintenance. May specialize in the design of computer applications or computer systems.",Software Development,"The Software Development Occupation Group includes occupations specific to the process of conceiving, specifying, designing, programming, documenting, testing, and bug fixing involved in creating and maintaining applications, frameworks, or other software components.",Information Technology and Computer Science,"The Information Technology and Computer Science Career Area includes occupations involved with the development, implementation, support, and management of computers and information systems - Both hardware and software. It also includes roles specific to the development and testing of software and software systems, working with mathematical models, data analysis and security, algorithms, and computational theory.",5.0,Advanced BA roles,False,False,False,,0.0
23171522,Software Developer / Engineer,"A Software Developer or Engineer designs or improves computer software. Oversees the entire software development process. Analyzes customer or user needs, designs programs, writes code or instructs computer programmers, tests design, and documents programs. May assist with upgrades or maintenance. May specialize in the design of computer applications or computer systems.",Software Development,"The Software Development Occupation Group includes occupations specific to the process of conceiving, specifying, designing, programming, documenting, testing, and bug fixing involved in creating and maintaining applications, frameworks, or other software components.",Information Technology and Computer Science,"The Information Technology and Computer Science Career Area includes occupations involved with the development, implementation, support, and management of computers and information systems - Both hardware and software. It also includes roles specific to the development and testing of software and software systems, working with mathematical models, data analysis and security, algorithms, and computational theory.",5.0,Advanced BA roles,False,False,False,,0.0
23171524,Software Developer / Engineer,"A Software Developer or Engineer designs or improves computer software. Oversees the entire software development process. Analyzes customer or user needs, designs programs, writes code or instructs computer programmers, tests design, and documents programs. May assist with upgrades or maintenance. May specialize in the design of computer applications or computer systems.",Software Development,"The Software Development Occupation Group includes occupations specific to the process of conceiving, specifying, designing, programming, documenting, testing, and bug fixing involved in creating and maintaining applications, frameworks, or other software components.",Information Technology and Computer Science,"The Information Technology and Computer Science Career Area includes occupations involved with the development, implementation, support, and management of computers and information systems - Both hardware and software. It also includes roles specific to the development and testing of software and software systems, working with mathematical models, data analysis and security, algorithms, and computational theory.",5.0,Advanced BA roles,False,False,False,,0.0
23171525,Software Developer / Engineer,"A Software Developer or Engineer designs or improves computer software. Oversees the entire software development process. Analyzes customer or user needs, designs programs, writes code or instructs computer programmers, tests design, and documents programs. May assist with upgrades or maintenance. May specialize in the design of computer applications or computer systems.",Software Development,"The Software Development Occupation Group includes occupations specific to the process of conceiving, specifying, designing, programming, documenting, testing, and bug fixing involved in creating and maintaining applications, frameworks, or other software components.",Information Technology and Computer Science,"The Information Technology and Computer Science Career Area includes occupations involved with the development, implementation, support, and management of computers and information systems - Both hardware and software. It also includes roles specific to the development and testing of software and software systems, working with mathematical models, data analysis and security, algorithms, and computational theory.",5.0,Advanced BA roles,False,False,False,,0.0
23171528,Software Developer / Engineer,"A Software Developer or Engineer designs or improves computer software. Oversees the entire software development process. Analyzes customer or user needs, designs programs, writes code or instructs computer programmers, tests design, and documents programs. May assist with upgrades or maintenance. May specialize in the design of computer applications or computer systems.",Software Development,"The Software Development Occupation Group includes occupations specific to the process of conceiving, specifying, designing, programming, documenting, testing, and bug fixing involved in creating and maintaining applications, frameworks, or other software components.",Information Technology and Computer Science,"The Information Technology and Computer Science Career Area includes occupations involved with the development, implementation, support, and management of computers and information systems - Both hardware and software. It also includes roles specific to the development and testing of software and software systems, working with mathematical models, data analysis and security, algorithms, and computational theory.",5.0,Advanced BA roles,False,False,False,,0.0
23171529,Software Developer / Engineer,"A Software Developer or Engineer designs or improves computer software. Oversees the entire software development process. Analyzes customer or user needs, designs programs, writes code or instructs computer programmers, tests design, and documents programs. May assist with upgrades or maintenance. May specialize in the design of computer applications or computer systems.",Software Development,"The Software Development Occupation Group includes occupations specific to the process of conceiving, specifying, designing, programming, documenting, testing, and bug fixing involved in creating and maintaining applications, frameworks, or other software components.",Information Technology and Computer Science,"The Information Technology and Computer Science Career Area includes occupations involved with the development, implementation, support, and management of computers and information systems - Both hardware and software. It also includes roles specific to the development and testing of software and software systems, working with mathematical models, data analysis and security, algorithms, and computational theory.",5.0,Advanced BA roles,False,False,False,,0.0
23171534,Software Developer / Engineer,"A Software Developer or Engineer designs or improves computer software. Oversees the entire software development process. Analyzes customer or user needs, designs programs, writes code or instructs computer programmers, tests design, and documents programs. May assist with upgrades or maintenance. May specialize in the design of computer applications or computer systems.",Software Development,"The Software Development Occupation Group includes occupations specific to the process of conceiving, specifying, designing, programming, documenting, testing, and bug fixing involved in creating and maintaining applications, frameworks, or other software components.",Information Technology and Computer Science,"The Information Technology and Computer Science Career Area includes occupations involved with the development, implementation, support, and management of computers and information systems - Both hardware and software. It also includes roles specific to the development and testing of software and software systems, working with mathematical models, data analysis and security, algorithms, and computational theory.",5.0,Advanced BA roles,False,False,False,,0.0
23171535,Software Developer / Engineer,"A Software Developer or Engineer designs or improves computer software. Oversees the entire software development process. Analyzes customer or user needs, designs programs, writes code or instructs computer programmers, tests design, and documents programs. May assist with upgrades or maintenance. May specialize in the design of computer applications or computer systems.",Software Development,"The Software Development Occupation Group includes occupations specific to the process of conceiving, specifying, designing, programming, documenting, testing, and bug fixing involved in creating and maintaining applications, frameworks, or other software components.",Information Technology and Computer Science,"The Information Technology and Computer Science Career Area includes occupations involved with the development, implementation, support, and management of computers and information systems - Both hardware and software. It also includes roles specific to the development and testing of software and software systems, working with mathematical models, data analysis and security, algorithms, and computational theory.",5.0,Advanced BA roles,False,False,False,,0.0
23171536,Software Developer / Engineer,"A Software Developer or Engineer designs or improves computer software. Oversees the entire software development process. Analyzes customer or user needs, designs programs, writes code or instructs computer programmers, tests design, and documents programs. May assist with upgrades or maintenance. May specialize in the design of computer applications or computer systems.",Software Development,"The Software Development Occupation Group includes occupations specific to the process of conceiving, specifying, designing, programming, documenting, testing, and bug fixing involved in creating and maintaining applications, frameworks, or other software components.",Information Technology and Computer Science,"The Information Technology and Computer Science Career Area includes occupations involved with the development, implementation, support, and management of computers and information systems - Both hardware and software. It also includes roles specific to the development and testing of software and software systems, working with mathematical models, data analysis and security, algorithms, and computational theory.",5.0,Advanced BA roles,False,False,False,,0.0
23171538,Software Developer / Engineer,"A Software Developer or Engineer designs or improves computer software. Oversees the entire software development process. Analyzes customer or user needs, designs programs, writes code or instructs computer programmers, tests design, and documents programs. May assist with upgrades or maintenance. May specialize in the design of computer applications or computer systems.",Software Development,"The Software Development Occupation Group includes occupations specific to the process of conceiving, specifying, designing, programming, documenting, testing, and bug fixing involved in creating and maintaining applications, frameworks, or other software components.",Information Technology and Computer Science,"The Information Technology and Computer Science Career Area includes occupations involved with the development, implementation, support, and management of computers and information systems - Both hardware and software. It also includes roles specific to the development and testing of software and software systems, working with mathematical models, data analysis and security, algorithms, and computational theory.",5.0,Advanced BA roles,False,False,False,,0.0
23171539,Software Developer / Engineer,"A Software Developer or Engineer designs or improves computer software. Oversees the entire software development process. Analyzes customer or user needs, designs programs, writes code or instructs computer programmers, tests design, and documents programs. May assist with upgrades or maintenance. May specialize in the design of computer applications or computer systems.",Software Development,"The Software Development Occupation Group includes occupations specific to the process of conceiving, specifying, designing, programming, documenting, testing, and bug fixing involved in creating and maintaining applications, frameworks, or other software components.",Information Technology and Computer Science,"The Information Technology and Computer Science Career Area includes occupations involved with the development, implementation, support, and management of computers and information systems - Both hardware and software. It also includes roles specific to the development and testing of software and software systems, working with mathematical models, data analysis and security, algorithms, and computational theory.",5.0,Advanced BA roles,False,False,False,,0.0
23171540,Software Developer / Engineer,"A Software Developer or Engineer designs or improves computer software. Oversees the entire software development process. Analyzes customer or user needs, designs programs, writes code or instructs computer programmers, tests design, and documents programs. May assist with upgrades or maintenance. May specialize in the design of computer applications or computer systems.",Software Development,"The Software Development Occupation Group includes occupations specific to the process of conceiving, specifying, designing, programming, documenting, testing, and bug fixing involved in creating and maintaining applications, frameworks, or other software components.",Information Technology and Computer Science,"The Information Technology and Computer Science Career Area includes occupations involved with the development, implementation, support, and management of computers and information systems - Both hardware and software. It also includes roles specific to the development and testing of software and software systems, working with mathematical models, data analysis and security, algorithms, and computational theory.",5.0,Advanced BA roles,False,False,False,,0.0
23171541,Software Developer / Engineer,"A Software Developer or Engineer designs or improves computer software. Oversees the entire software development process. Analyzes customer or user needs, designs programs, writes code or instructs computer programmers, tests design, and documents programs. May assist with upgrades or maintenance. May specialize in the design of computer applications or computer systems.",Software Development,"The Software Development Occupation Group includes occupations specific to the process of conceiving, specifying, designing, programming, documenting, testing, and bug fixing involved in creating and maintaining applications, frameworks, or other software components.",Information Technology and Computer Science,"The Information Technology and Computer Science Career Area includes occupations involved with the development, implementation, support, and management of computers and information systems - Both hardware and software. It also includes roles specific to the development and testing of software and software systems, working with mathematical models, data analysis and security, algorithms, and computational theory.",5.0,Advanced BA roles,False,False,False,,0.0
23171810,Software Development / Engineering Manager,A Software Development or Engineering Manager leads teams of software developers who design or improve computer software. Manages and oversees the software development process and directs the work of software engineers. May be primary contact with customers or users; may manage software development project budgets and hire or train staff.,Software Development,"The Software Development Occupation Group includes occupations specific to the process of conceiving, specifying, designing, programming, documenting, testing, and bug fixing involved in creating and maintaining applications, frameworks, or other software components.",Information Technology and Computer Science,"The Information Technology and Computer Science Career Area includes occupations involved with the development, implementation, support, and management of computers and information systems - Both hardware and software. It also includes roles specific to the development and testing of software and software systems, working with mathematical models, data analysis and security, algorithms, and computational theory.",5.0,Advanced BA roles,False,False,False,,0.0
23171543,Software Developer / Engineer,"A Software Developer or Engineer designs or improves computer software. Oversees the entire software development process. Analyzes customer or user needs, designs programs, writes code or instructs computer programmers, tests design, and documents programs. May assist with upgrades or maintenance. May specialize in the design of computer applications or computer systems.",Software Development,"The Software Development Occupation Group includes occupations specific to the process of conceiving, specifying, designing, programming, documenting, testing, and bug fixing involved in creating and maintaining applications, frameworks, or other software components.",Information Technology and Computer Science,"The Information Technology and Computer Science Career Area includes occupations involved with the development, implementation, support, and management of computers and information systems - Both hardware and software. It also includes roles specific to the development and testing of software and software systems, working with mathematical models, data analysis and security, algorithms, and computational theory.",5.0,Advanced BA roles,False,False,False,,0.0
23171544,Software Developer / Engineer,"A Software Developer or Engineer designs or improves computer software. Oversees the entire software development process. Analyzes customer or user needs, designs programs, writes code or instructs computer programmers, tests design, and documents programs. May assist with upgrades or maintenance. May specialize in the design of computer applications or computer systems.",Software Development,"The Software Development Occupation Group includes occupations specific to the process of conceiving, specifying, designing, programming, documenting, testing, and bug fixing involved in creating and maintaining applications, frameworks, or other software components.",Information Technology and Computer Science,"The Information Technology and Computer Science Career Area includes occupations involved with the development, implementation, support, and management of computers and information systems - Both hardware and software. It also includes roles specific to the development and testing of software and software systems, working with mathematical models, data analysis and security, algorithms, and computational theory.",5.0,Advanced BA roles,False,False,False,,0.0
23171548,Software Developer / Engineer,"A Software Developer or Engineer designs or improves computer software. Oversees the entire software development process. Analyzes customer or user needs, designs programs, writes code or instructs computer programmers, tests design, and documents programs. May assist with upgrades or maintenance. May specialize in the design of computer applications or computer systems.",Software Development,"The Software Development Occupation Group includes occupations specific to the process of conceiving, specifying, designing, programming, documenting, testing, and bug fixing involved in creating and maintaining applications, frameworks, or other software components.",Information Technology and Computer Science,"The Information Technology and Computer Science Career Area includes occupations involved with the development, implementation, support, and management of computers and information systems - Both hardware and software. It also includes roles specific to the development and testing of software and software systems, working with mathematical models, data analysis and security, algorithms, and computational theory.",5.0,Advanced BA roles,False,False,False,,0.0
23171610,Software QA Engineer / Tester,A Software QA Engineer or Tester designs and runs in-depth diagnostic tests to evaluate software and check for problems before new products are marketed. Pilots software and applies tests to check for errors and glitches.,Software Development,"The Software Development Occupation Group includes occupations specific to the process of conceiving, specifying, designing, programming, documenting, testing, and bug fixing involved in creating and maintaining applications, frameworks, or other software components.",Information Technology and Computer Science,"The Information Technology and Computer Science Career Area includes occupations involved with the development, implementation, support, and management of computers and information systems - Both hardware and software. It also includes roles specific to the development and testing of software and software systems, working with mathematical models, data analysis and security, algorithms, and computational theory.",5.0,Advanced BA roles,False,False,False,,0.0
23171611,Software QA Engineer / Tester,A Software QA Engineer or Tester designs and runs in-depth diagnostic tests to evaluate software and check for problems before new products are marketed. Pilots software and applies tests to check for errors and glitches.,Software Development,"The Software Development Occupation Group includes occupations specific to the process of conceiving, specifying, designing, programming, documenting, testing, and bug fixing involved in creating and maintaining applications, frameworks, or other software components.",Information Technology and Computer Science,"The Information Technology and Computer Science Career Area includes occupations involved with the development, implementation, support, and management of computers and information systems - Both hardware and software. It also includes roles specific to the development and testing of software and software systems, working with mathematical models, data analysis and security, algorithms, and computational theory.",5.0,Advanced BA roles,False,False,False,,0.0
23171612,Software QA Engineer / Tester,A Software QA Engineer or Tester designs and runs in-depth diagnostic tests to evaluate software and check for problems before new products are marketed. Pilots software and applies tests to check for errors and glitches.,Software Development,"The Software Development Occupation Group includes occupations specific to the process of conceiving, specifying, designing, programming, documenting, testing, and bug fixing involved in creating and maintaining applications, frameworks, or other software components.",Information Technology and Computer Science,"The Information Technology and Computer Science Career Area includes occupations involved with the development, implementation, support, and management of computers and information systems - Both hardware and software. It also includes roles specific to the development and testing of software and software systems, working with mathematical models, data analysis and security, algorithms, and computational theory.",5.0,Advanced BA roles,False,False,False,,0.0
23171710,Web Developer,"A Web Developer designs and builds websites. Works on technical as well as design aspects of sites. Works with a company or client to plan content and format for a site, creates applications, writes code, and integrates design features including graphics, sound and video. Monitors traffic at the site.",Software Development,"The Software Development Occupation Group includes occupations specific to the process of conceiving, specifying, designing, programming, documenting, testing, and bug fixing involved in creating and maintaining applications, frameworks, or other software components.",Information Technology and Computer Science,"The Information Technology and Computer Science Career Area includes occupations involved with the development, implementation, support, and management of computers and information systems - Both hardware and software. It also includes roles specific to the development and testing of software and software systems, working with mathematical models, data analysis and security, algorithms, and computational theory.",5.0,Advanced BA roles,False,False,False,,0.0
23171711,Web Developer,"A Web Developer designs and builds websites. Works on technical as well as design aspects of sites. Works with a company or client to plan content and format for a site, creates applications, writes code, and integrates design features including graphics, sound and video. Monitors traffic at the site.",Software Development,"The Software Development Occupation Group includes occupations specific to the process of conceiving, specifying, designing, programming, documenting, testing, and bug fixing involved in creating and maintaining applications, frameworks, or other software components.",Information Technology and Computer Science,"The Information Technology and Computer Science Career Area includes occupations involved with the development, implementation, support, and management of computers and information systems - Both hardware and software. It also includes roles specific to the development and testing of software and software systems, working with mathematical models, data analysis and security, algorithms, and computational theory.",5.0,Advanced BA roles,False,False,False,,0.0
23171712,Web Developer,"A Web Developer designs and builds websites. Works on technical as well as design aspects of sites. Works with a company or client to plan content and format for a site, creates applications, writes code, and integrates design features including graphics, sound and video. Monitors traffic at the site.",Software Development,"The Software Development Occupation Group includes occupations specific to the process of conceiving, specifying, designing, programming, documenting, testing, and bug fixing involved in creating and maintaining applications, frameworks, or other software components.",Information Technology and Computer Science,"The Information Technology and Computer Science Career Area includes occupations involved with the development, implementation, support, and management of computers and information systems - Both hardware and software. It also includes roles specific to the development and testing of software and software systems, working with mathematical models, data analysis and security, algorithms, and computational theory.",5.0,Advanced BA roles,False,False,False,,0.0
23171714,Web Developer,"A Web Developer designs and builds websites. Works on technical as well as design aspects of sites. Works with a company or client to plan content and format for a site, creates applications, writes code, and integrates design features including graphics, sound and video. Monitors traffic at the site.",Software Development,"The Software Development Occupation Group includes occupations specific to the process of conceiving, specifying, designing, programming, documenting, testing, and bug fixing involved in creating and maintaining applications, frameworks, or other software components.",Information Technology and Computer Science,"The Information Technology and Computer Science Career Area includes occupations involved with the development, implementation, support, and management of computers and information systems - Both hardware and software. It also includes roles specific to the development and testing of software and software systems, working with mathematical models, data analysis and security, algorithms, and computational theory.",5.0,Advanced BA roles,False,False,False,,0.0
23171716,Web Developer,"A Web Developer designs and builds websites. Works on technical as well as design aspects of sites. Works with a company or client to plan content and format for a site, creates applications, writes code, and integrates design features including graphics, sound and video. Monitors traffic at the site.",Software Development,"The Software Development Occupation Group includes occupations specific to the process of conceiving, specifying, designing, programming, documenting, testing, and bug fixing involved in creating and maintaining applications, frameworks, or other software components.",Information Technology and Computer Science,"The Information Technology and Computer Science Career Area includes occupations involved with the development, implementation, support, and management of computers and information systems - Both hardware and software. It also includes roles specific to the development and testing of software and software systems, working with mathematical models, data analysis and security, algorithms, and computational theory.",5.0,Advanced BA roles,False,False,False,,0.0
24111010,Animal Control Officer,An Animal Control Officer works for a police department or public safety agency and responds to calls for help with abandoned or mistreated animals. Assists with capturing wild animals found in city neighborhoods or populated areas.,Law Enforcement and Public Safety,"The Law Enforcement and Public Safety Occupation Group includes occupations directly related to maintaining or restoring the safety of the public including law enforcement, emergency medical services, firefighting, and emergency dispatching.","Law, Compliance, and Public Safety","The Law, Compliance, and Public Safety Career Area includes occupations specific to the legal and justice system, public safety and protection (including police and fire services) and occupational safety roles.",1.0,Roles with minimal training requirements,False,False,False,,0.0
24111610,Immigration / Customs Inspector,"An Immigration or Customs Inspector inspects people and goods crossing the border to ensure legal entry to the United States. Inspects passports and other paperwork, and may inspect luggage; inspects cargo and checks rosters of cargo being shipped; checks for illegal items or items subject to tax.",Law Enforcement and Public Safety,"The Law Enforcement and Public Safety Occupation Group includes occupations directly related to maintaining or restoring the safety of the public including law enforcement, emergency medical services, firefighting, and emergency dispatching.","Law, Compliance, and Public Safety","The Law, Compliance, and Public Safety Career Area includes occupations specific to the legal and justice system, public safety and protection (including police and fire services) and occupational safety roles.",3.0,Roles with 2 year specialized degree requirement or a mix of sub-BA and BA requirements,False,False,True,Gain admission to US Immigration and Customs Enforcement Agency Training Program. Must have a Bachelors degree and pre-requisite courses in Criminal Justice to qualify.,48.0
24111710,Parking Enforcement Officer,"A Parking Enforcement Officer enforces municipal parking regulations. Patrols city streets and public parking lots, monitors parking meters, issues tickets or warnings where cars are parked illegally or where the parking fee has not been paid.",Law Enforcement and Public Safety,"The Law Enforcement and Public Safety Occupation Group includes occupations directly related to maintaining or restoring the safety of the public including law enforcement, emergency medical services, firefighting, and emergency dispatching.","Law, Compliance, and Public Safety","The Law, Compliance, and Public Safety Career Area includes occupations specific to the legal and justice system, public safety and protection (including police and fire services) and occupational safety roles.",1.0,Roles with minimal training requirements,False,False,False,,0.0
24111910,Law Enforcement Officer,"A Law Enforcement Officer enforces jurisdictional laws, maintains public safety, and protects property and people in the community. Patrols neighborhoods, responds to emergency calls and crime scenes, watches for traffic and driving violations. Authorized to arrest criminals; prepares cases and testifies in court.",Law Enforcement and Public Safety,"The Law Enforcement and Public Safety Occupation Group includes occupations directly related to maintaining or restoring the safety of the public including law enforcement, emergency medical services, firefighting, and emergency dispatching.","Law, Compliance, and Public Safety","The Law, Compliance, and Public Safety Career Area includes occupations specific to the legal and justice system, public safety and protection (including police and fire services) and occupational safety roles.",3.0,Roles with 2 year specialized degree requirement or a mix of sub-BA and BA requirements,True,False,True,Gain admission to Policy Academy. Admissions is generally based on civil service entrance examination score. Military veterans often receive bonus points on exam.,3.0
24121210,Criminal Investigator,"A Criminal Investigator works on criminal cases either as a police detective or private investigator. Investigates people accused of crimes, gathers evidence from crime scene or other searches, reviews evidence gathered by other law enforcement officials. Collects information that may be used for criminal prosecution.",Legal Investigation,The Legal Investigation Occupation Group includes occupations relating to uncovering and gathering evidence for court proceedings for both civil and criminal legal matters.,"Law, Compliance, and Public Safety","The Law, Compliance, and Public Safety Career Area includes occupations specific to the legal and justice system, public safety and protection (including police and fire services) and occupational safety roles.",3.0,Roles with 2 year specialized degree requirement or a mix of sub-BA and BA requirements,True,False,True,"Must be a policer officer to qualify. Gain experience with criminal investigations and pass promotional exams. To work as Investigator at a federal agency (IRS, FBI) gain admission to Bachelors degree program in Criminal justice or Forensics.",48.0
24131313,Lawyer,"A Lawyer represents clients in legal matters or court proceedings, provides legal advice and draws up legal documents. Works on criminal or civil cases, and either specializes in one area or practices broadly across all areas of law.",Legal Professionals,"The Legal Professionals Occupation Group includes occupations relating to the study, development, and application of the law. This includes professions such as judges, legal advocates, attorneys, and prosecutors.","Law, Compliance, and Public Safety","The Law, Compliance, and Public Safety Career Area includes occupations specific to the legal and justice system, public safety and protection (including police and fire services) and occupational safety roles.",6.0,Graduate and professional roles,True,False,True,Gain admission to Law School; must have a Bachelors degree to be eligible.,84.0
24131315,Lawyer,"A Lawyer represents clients in legal matters or court proceedings, provides legal advice and draws up legal documents. Works on criminal or civil cases, and either specializes in one area or practices broadly across all areas of law.",Legal Professionals,"The Legal Professionals Occupation Group includes occupations relating to the study, development, and application of the law. This includes professions such as judges, legal advocates, attorneys, and prosecutors.","Law, Compliance, and Public Safety","The Law, Compliance, and Public Safety Career Area includes occupations specific to the legal and justice system, public safety and protection (including police and fire services) and occupational safety roles.",6.0,Graduate and professional roles,True,False,True,Gain admission to Law School; must have a Bachelors degree to be eligible.,84.0
24131321,Lawyer,"A Lawyer represents clients in legal matters or court proceedings, provides legal advice and draws up legal documents. Works on criminal or civil cases, and either specializes in one area or practices broadly across all areas of law.",Legal Professionals,"The Legal Professionals Occupation Group includes occupations relating to the study, development, and application of the law. This includes professions such as judges, legal advocates, attorneys, and prosecutors.","Law, Compliance, and Public Safety","The Law, Compliance, and Public Safety Career Area includes occupations specific to the legal and justice system, public safety and protection (including police and fire services) and occupational safety roles.",6.0,Graduate and professional roles,True,False,True,Gain admission to Law School; must have a Bachelors degree to be eligible.,84.0
24131326,Lawyer,"A Lawyer represents clients in legal matters or court proceedings, provides legal advice and draws up legal documents. Works on criminal or civil cases, and either specializes in one area or practices broadly across all areas of law.",Legal Professionals,"The Legal Professionals Occupation Group includes occupations relating to the study, development, and application of the law. This includes professions such as judges, legal advocates, attorneys, and prosecutors.","Law, Compliance, and Public Safety","The Law, Compliance, and Public Safety Career Area includes occupations specific to the legal and justice system, public safety and protection (including police and fire services) and occupational safety roles.",6.0,Graduate and professional roles,True,False,True,Gain admission to Law School; must have a Bachelors degree to be eligible.,84.0
24131327,Lawyer,"A Lawyer represents clients in legal matters or court proceedings, provides legal advice and draws up legal documents. Works on criminal or civil cases, and either specializes in one area or practices broadly across all areas of law.",Legal Professionals,"The Legal Professionals Occupation Group includes occupations relating to the study, development, and application of the law. This includes professions such as judges, legal advocates, attorneys, and prosecutors.","Law, Compliance, and Public Safety","The Law, Compliance, and Public Safety Career Area includes occupations specific to the legal and justice system, public safety and protection (including police and fire services) and occupational safety roles.",6.0,Graduate and professional roles,True,False,True,Gain admission to Law School; must have a Bachelors degree to be eligible.,84.0
24141110,Document Control / Management Specialist,"A Document Control or Management Specialist manages written and electronic documents for an office or company. Develops or maintains systems for keeping track of documents, including labeling, retrieving, distributing, recovering and destroying documents as needed.",Legal Support,"The Legal Support Occupation Group includes occupations relating to duties in support of law offices, prosecutors, or courts such as paralegals, court clerks, and judicial clerks.","Law, Compliance, and Public Safety","The Law, Compliance, and Public Safety Career Area includes occupations specific to the legal and justice system, public safety and protection (including police and fire services) and occupational safety roles.",3.0,Roles with 2 year specialized degree requirement or a mix of sub-BA and BA requirements,False,False,False,,0.0
24141210,Legal Support Specialist,"A Legal Support Specialist works for a law firm, government, or a company subject to litigation, such as an insurance company. May assist with inmate processing and porale coordination. May assist with preparing and prosecuting cases, as part of a legal team or under the direction of a litigation attorney. May collect evidence, reviews files and assist with other litigation work.",Legal Support,"The Legal Support Occupation Group includes occupations relating to duties in support of law offices, prosecutors, or courts such as paralegals, court clerks, and judicial clerks.","Law, Compliance, and Public Safety","The Law, Compliance, and Public Safety Career Area includes occupations specific to the legal and justice system, public safety and protection (including police and fire services) and occupational safety roles.",3.0,Roles with 2 year specialized degree requirement or a mix of sub-BA and BA requirements,False,False,False,,0.0
24141310,Paralegal / Legal Assistant,"A Paralegal or Legal Assistant assists attorneys and law offices with a variety of tasks ranging from administrative support to legal research and writing. Maintains and organizes files or file databases. Conducts legal or other background research, assists with preparation for trials or hearings, and drafts documents to be filed. Uses software for electronic discovery of materials such as email for a trial. May specialize in a particular area of the law such as corporate or criminal law, family law or real estate law.",Legal Support,"The Legal Support Occupation Group includes occupations relating to duties in support of law offices, prosecutors, or courts such as paralegals, court clerks, and judicial clerks.","Law, Compliance, and Public Safety","The Law, Compliance, and Public Safety Career Area includes occupations specific to the legal and justice system, public safety and protection (including police and fire services) and occupational safety roles.",3.0,Roles with 2 year specialized degree requirement or a mix of sub-BA and BA requirements,False,False,False,,0.0
24151212,Safety Manager,"A Safety Manager inspects work environments and procedures for health and safety concerns, and develops programs to reduce the risk of injury or illness. May specialize in a particular type of industry or in certain kind of safety and health risk, such as radiation, hazardous chemicals, or ergonomics. Works in offices, factories, or mines.",Occupational Safety and Compliance,"The Occupational Safety and Compliance Occupation Group includes occupations concerned with safety and compliance. Occupational health and safety is the process of ensuring the health, safety and welfare of people at work. The group also includes safety managers who work to reduce risks or problems with food and pharmaceuticals.","Law, Compliance, and Public Safety","The Law, Compliance, and Public Safety Career Area includes occupations specific to the legal and justice system, public safety and protection (including police and fire services) and occupational safety roles.",5.0,Advanced BA roles,False,False,False,,0.0
24151213,Safety Manager,"A Safety Manager inspects work environments and procedures for health and safety concerns, and develops programs to reduce the risk of injury or illness. May specialize in a particular type of industry or in certain kind of safety and health risk, such as radiation, hazardous chemicals, or ergonomics. Works in offices, factories, or mines.",Occupational Safety and Compliance,"The Occupational Safety and Compliance Occupation Group includes occupations concerned with safety and compliance. Occupational health and safety is the process of ensuring the health, safety and welfare of people at work. The group also includes safety managers who work to reduce risks or problems with food and pharmaceuticals.","Law, Compliance, and Public Safety","The Law, Compliance, and Public Safety Career Area includes occupations specific to the legal and justice system, public safety and protection (including police and fire services) and occupational safety roles.",5.0,Advanced BA roles,False,False,False,,0.0
24151215,Safety Manager,"A Safety Manager inspects work environments and procedures for health and safety concerns, and develops programs to reduce the risk of injury or illness. May specialize in a particular type of industry or in certain kind of safety and health risk, such as radiation, hazardous chemicals, or ergonomics. Works in offices, factories, or mines.",Occupational Safety and Compliance,"The Occupational Safety and Compliance Occupation Group includes occupations concerned with safety and compliance. Occupational health and safety is the process of ensuring the health, safety and welfare of people at work. The group also includes safety managers who work to reduce risks or problems with food and pharmaceuticals.","Law, Compliance, and Public Safety","The Law, Compliance, and Public Safety Career Area includes occupations specific to the legal and justice system, public safety and protection (including police and fire services) and occupational safety roles.",5.0,Advanced BA roles,False,False,False,,0.0
24151217,Safety Manager,"A Safety Manager inspects work environments and procedures for health and safety concerns, and develops programs to reduce the risk of injury or illness. May specialize in a particular type of industry or in certain kind of safety and health risk, such as radiation, hazardous chemicals, or ergonomics. Works in offices, factories, or mines.",Occupational Safety and Compliance,"The Occupational Safety and Compliance Occupation Group includes occupations concerned with safety and compliance. Occupational health and safety is the process of ensuring the health, safety and welfare of people at work. The group also includes safety managers who work to reduce risks or problems with food and pharmaceuticals.","Law, Compliance, and Public Safety","The Law, Compliance, and Public Safety Career Area includes occupations specific to the legal and justice system, public safety and protection (including police and fire services) and occupational safety roles.",5.0,Advanced BA roles,False,False,False,,0.0
24151222,Safety Manager,"A Safety Manager inspects work environments and procedures for health and safety concerns, and develops programs to reduce the risk of injury or illness. May specialize in a particular type of industry or in certain kind of safety and health risk, such as radiation, hazardous chemicals, or ergonomics. Works in offices, factories, or mines.",Occupational Safety and Compliance,"The Occupational Safety and Compliance Occupation Group includes occupations concerned with safety and compliance. Occupational health and safety is the process of ensuring the health, safety and welfare of people at work. The group also includes safety managers who work to reduce risks or problems with food and pharmaceuticals.","Law, Compliance, and Public Safety","The Law, Compliance, and Public Safety Career Area includes occupations specific to the legal and justice system, public safety and protection (including police and fire services) and occupational safety roles.",5.0,Advanced BA roles,False,False,False,,0.0
24151311,Safety Specialist / Coordinator,"A Safety Specialist or Coordinator works with safety specialists to inspect and test workplace environments and equipment and develop workplace safety programs. May specialize in product and equipment safety, and work to identify and correct safety hazards before they affect a customer or end user.",Occupational Safety and Compliance,"The Occupational Safety and Compliance Occupation Group includes occupations concerned with safety and compliance. Occupational health and safety is the process of ensuring the health, safety and welfare of people at work. The group also includes safety managers who work to reduce risks or problems with food and pharmaceuticals.","Law, Compliance, and Public Safety","The Law, Compliance, and Public Safety Career Area includes occupations specific to the legal and justice system, public safety and protection (including police and fire services) and occupational safety roles.",3.0,Roles with 2 year specialized degree requirement or a mix of sub-BA and BA requirements,False,False,False,,0.0
24151312,Safety Specialist / Coordinator,"A Safety Specialist or Coordinator works with safety specialists to inspect and test workplace environments and equipment and develop workplace safety programs. May specialize in product and equipment safety, and work to identify and correct safety hazards before they affect a customer or end user.",Occupational Safety and Compliance,"The Occupational Safety and Compliance Occupation Group includes occupations concerned with safety and compliance. Occupational health and safety is the process of ensuring the health, safety and welfare of people at work. The group also includes safety managers who work to reduce risks or problems with food and pharmaceuticals.","Law, Compliance, and Public Safety","The Law, Compliance, and Public Safety Career Area includes occupations specific to the legal and justice system, public safety and protection (including police and fire services) and occupational safety roles.",3.0,Roles with 2 year specialized degree requirement or a mix of sub-BA and BA requirements,False,False,False,,0.0
24151313,Safety Specialist / Coordinator,"A Safety Specialist or Coordinator works with safety specialists to inspect and test workplace environments and equipment and develop workplace safety programs. May specialize in product and equipment safety, and work to identify and correct safety hazards before they affect a customer or end user.",Occupational Safety and Compliance,"The Occupational Safety and Compliance Occupation Group includes occupations concerned with safety and compliance. Occupational health and safety is the process of ensuring the health, safety and welfare of people at work. The group also includes safety managers who work to reduce risks or problems with food and pharmaceuticals.","Law, Compliance, and Public Safety","The Law, Compliance, and Public Safety Career Area includes occupations specific to the legal and justice system, public safety and protection (including police and fire services) and occupational safety roles.",3.0,Roles with 2 year specialized degree requirement or a mix of sub-BA and BA requirements,False,False,False,,0.0
24151314,Safety Specialist / Coordinator,"A Safety Specialist or Coordinator works with safety specialists to inspect and test workplace environments and equipment and develop workplace safety programs. May specialize in product and equipment safety, and work to identify and correct safety hazards before they affect a customer or end user.",Occupational Safety and Compliance,"The Occupational Safety and Compliance Occupation Group includes occupations concerned with safety and compliance. Occupational health and safety is the process of ensuring the health, safety and welfare of people at work. The group also includes safety managers who work to reduce risks or problems with food and pharmaceuticals.","Law, Compliance, and Public Safety","The Law, Compliance, and Public Safety Career Area includes occupations specific to the legal and justice system, public safety and protection (including police and fire services) and occupational safety roles.",3.0,Roles with 2 year specialized degree requirement or a mix of sub-BA and BA requirements,False,False,False,,0.0
24151316,Safety Specialist / Coordinator,"A Safety Specialist or Coordinator works with safety specialists to inspect and test workplace environments and equipment and develop workplace safety programs. May specialize in product and equipment safety, and work to identify and correct safety hazards before they affect a customer or end user.",Occupational Safety and Compliance,"The Occupational Safety and Compliance Occupation Group includes occupations concerned with safety and compliance. Occupational health and safety is the process of ensuring the health, safety and welfare of people at work. The group also includes safety managers who work to reduce risks or problems with food and pharmaceuticals.","Law, Compliance, and Public Safety","The Law, Compliance, and Public Safety Career Area includes occupations specific to the legal and justice system, public safety and protection (including police and fire services) and occupational safety roles.",3.0,Roles with 2 year specialized degree requirement or a mix of sub-BA and BA requirements,False,False,False,,0.0
24151317,Safety Specialist / Coordinator,"A Safety Specialist or Coordinator works with safety specialists to inspect and test workplace environments and equipment and develop workplace safety programs. May specialize in product and equipment safety, and work to identify and correct safety hazards before they affect a customer or end user.",Occupational Safety and Compliance,"The Occupational Safety and Compliance Occupation Group includes occupations concerned with safety and compliance. Occupational health and safety is the process of ensuring the health, safety and welfare of people at work. The group also includes safety managers who work to reduce risks or problems with food and pharmaceuticals.","Law, Compliance, and Public Safety","The Law, Compliance, and Public Safety Career Area includes occupations specific to the legal and justice system, public safety and protection (including police and fire services) and occupational safety roles.",3.0,Roles with 2 year specialized degree requirement or a mix of sub-BA and BA requirements,False,False,False,,0.0
24151319,Safety Specialist / Coordinator,"A Safety Specialist or Coordinator works with safety specialists to inspect and test workplace environments and equipment and develop workplace safety programs. May specialize in product and equipment safety, and work to identify and correct safety hazards before they affect a customer or end user.",Occupational Safety and Compliance,"The Occupational Safety and Compliance Occupation Group includes occupations concerned with safety and compliance. Occupational health and safety is the process of ensuring the health, safety and welfare of people at work. The group also includes safety managers who work to reduce risks or problems with food and pharmaceuticals.","Law, Compliance, and Public Safety","The Law, Compliance, and Public Safety Career Area includes occupations specific to the legal and justice system, public safety and protection (including police and fire services) and occupational safety roles.",3.0,Roles with 2 year specialized degree requirement or a mix of sub-BA and BA requirements,False,False,False,,0.0
24151320,Safety Specialist / Coordinator,"A Safety Specialist or Coordinator works with safety specialists to inspect and test workplace environments and equipment and develop workplace safety programs. May specialize in product and equipment safety, and work to identify and correct safety hazards before they affect a customer or end user.",Occupational Safety and Compliance,"The Occupational Safety and Compliance Occupation Group includes occupations concerned with safety and compliance. Occupational health and safety is the process of ensuring the health, safety and welfare of people at work. The group also includes safety managers who work to reduce risks or problems with food and pharmaceuticals.","Law, Compliance, and Public Safety","The Law, Compliance, and Public Safety Career Area includes occupations specific to the legal and justice system, public safety and protection (including police and fire services) and occupational safety roles.",3.0,Roles with 2 year specialized degree requirement or a mix of sub-BA and BA requirements,False,False,False,,0.0
24161010,Loss Prevention / Asset Protection Specialist,A Loss Prevention or Asset Protection Specialist supervises shoppers to deter theft of merchandise or assets from the building. They may manage a security team.,Security,"The Security Occupation Group includes occupations specific to physical security. Roles may involve maintaining a high-visibility presence to deter illegal and inappropriate actions in a variety of settings, or monitoring an area remotely to ensure the security of that area. The group also includes asset protection and loss prevention occupations.","Law, Compliance, and Public Safety","The Law, Compliance, and Public Safety Career Area includes occupations specific to the legal and justice system, public safety and protection (including police and fire services) and occupational safety roles.",1.0,Roles with minimal training requirements,False,False,False,,0.0
24161110,Security Manager,"A Security Manager manages physical security for sites and facilities, including hotels, banks, hospitals and other businesses. Oversees guards and security officers. Develops, coordinates and implements security and emergency procedures with facility management staff. Coordinates with law enforcement officials.",Security,"The Security Occupation Group includes occupations specific to physical security. Roles may involve maintaining a high-visibility presence to deter illegal and inappropriate actions in a variety of settings, or monitoring an area remotely to ensure the security of that area. The group also includes asset protection and loss prevention occupations.","Law, Compliance, and Public Safety","The Law, Compliance, and Public Safety Career Area includes occupations specific to the legal and justice system, public safety and protection (including police and fire services) and occupational safety roles.",3.0,Roles with 2 year specialized degree requirement or a mix of sub-BA and BA requirements,False,False,False,,0.0
24161214,Security Officer,"A Security Officer provides security for property at hospitals, hotels, warehouses or office buildings. Monitors entrances and patrols buildings, watches for intruders or vandals; reports building maintenance problems; deals with customers or visitors that create a disturbance in the building.",Security,"The Security Occupation Group includes occupations specific to physical security. Roles may involve maintaining a high-visibility presence to deter illegal and inappropriate actions in a variety of settings, or monitoring an area remotely to ensure the security of that area. The group also includes asset protection and loss prevention occupations.","Law, Compliance, and Public Safety","The Law, Compliance, and Public Safety Career Area includes occupations specific to the legal and justice system, public safety and protection (including police and fire services) and occupational safety roles.",1.0,Roles with minimal training requirements,False,False,False,,0.0
24161217,Security Officer,"A Security Officer provides security for property at hospitals, hotels, warehouses or office buildings. Monitors entrances and patrols buildings, watches for intruders or vandals; reports building maintenance problems; deals with customers or visitors that create a disturbance in the building.",Security,"The Security Occupation Group includes occupations specific to physical security. Roles may involve maintaining a high-visibility presence to deter illegal and inappropriate actions in a variety of settings, or monitoring an area remotely to ensure the security of that area. The group also includes asset protection and loss prevention occupations.","Law, Compliance, and Public Safety","The Law, Compliance, and Public Safety Career Area includes occupations specific to the legal and justice system, public safety and protection (including police and fire services) and occupational safety roles.",1.0,Roles with minimal training requirements,False,False,False,,0.0
24161218,Security Officer,"A Security Officer provides security for property at hospitals, hotels, warehouses or office buildings. Monitors entrances and patrols buildings, watches for intruders or vandals; reports building maintenance problems; deals with customers or visitors that create a disturbance in the building.",Security,"The Security Occupation Group includes occupations specific to physical security. Roles may involve maintaining a high-visibility presence to deter illegal and inappropriate actions in a variety of settings, or monitoring an area remotely to ensure the security of that area. The group also includes asset protection and loss prevention occupations.","Law, Compliance, and Public Safety","The Law, Compliance, and Public Safety Career Area includes occupations specific to the legal and justice system, public safety and protection (including police and fire services) and occupational safety roles.",1.0,Roles with minimal training requirements,False,False,False,,0.0
24161219,Security Officer,"A Security Officer provides security for property at hospitals, hotels, warehouses or office buildings. Monitors entrances and patrols buildings, watches for intruders or vandals; reports building maintenance problems; deals with customers or visitors that create a disturbance in the building.",Security,"The Security Occupation Group includes occupations specific to physical security. Roles may involve maintaining a high-visibility presence to deter illegal and inappropriate actions in a variety of settings, or monitoring an area remotely to ensure the security of that area. The group also includes asset protection and loss prevention occupations.","Law, Compliance, and Public Safety","The Law, Compliance, and Public Safety Career Area includes occupations specific to the legal and justice system, public safety and protection (including police and fire services) and occupational safety roles.",1.0,Roles with minimal training requirements,False,False,False,,0.0
24161220,Security Officer,"A Security Officer provides security for property at hospitals, hotels, warehouses or office buildings. Monitors entrances and patrols buildings, watches for intruders or vandals; reports building maintenance problems; deals with customers or visitors that create a disturbance in the building.",Security,"The Security Occupation Group includes occupations specific to physical security. Roles may involve maintaining a high-visibility presence to deter illegal and inappropriate actions in a variety of settings, or monitoring an area remotely to ensure the security of that area. The group also includes asset protection and loss prevention occupations.","Law, Compliance, and Public Safety","The Law, Compliance, and Public Safety Career Area includes occupations specific to the legal and justice system, public safety and protection (including police and fire services) and occupational safety roles.",1.0,Roles with minimal training requirements,False,False,False,,0.0
25101010,Home Appliance Repairer,"A Home Appliance Repairer installs and repairs home appliances, such as microwaves and vacuum cleaners.",HVAC and Appliance Technicians,"The HVAC and Appliance Technicians Occupation Group includes occupations specific to the repair of damaged or malfunctioning home and office appliances as well as the installation and maintenance of functioning appliances. Appliances include air conditioning systems, refrigeration units or smaller domestic appliances.","Maintenance, Repair, and Installation","The Maintenance, Repair, and Installation Career Area includes occupations responsible for the installation and upkeep of mechanical systems, utilities, domestic appliances and systems, vehicles and buildings. It includes technicians, some engineers, and service managers.",2.0,Roles with formal training requirements of less than 2 years,False,False,True,Complete Vocational program in appliance repair technology. Complete Manufacturer-sponsored training to work on appliances still under warranty.,6.0
25101110,HVAC Mechanic / Installer,"A HVAC Mechanic or Installer installs and repairs heating, air conditioning, and ventilation units.",HVAC and Appliance Technicians,"The HVAC and Appliance Technicians Occupation Group includes occupations specific to the repair of damaged or malfunctioning home and office appliances as well as the installation and maintenance of functioning appliances. Appliances include air conditioning systems, refrigeration units or smaller domestic appliances.","Maintenance, Repair, and Installation","The Maintenance, Repair, and Installation Career Area includes occupations responsible for the installation and upkeep of mechanical systems, utilities, domestic appliances and systems, vehicles and buildings. It includes technicians, some engineers, and service managers.",2.0,Roles with formal training requirements of less than 2 years,True,False,True,Complete HVAC Vocational or Associates degree program or take introductory courses and gain entry into an Apprenticeship training program.,12.0
25101210,Refrigeration Technician,A Refrigeration Technician installs and repairs refrigerators.,HVAC and Appliance Technicians,"The HVAC and Appliance Technicians Occupation Group includes occupations specific to the repair of damaged or malfunctioning home and office appliances as well as the installation and maintenance of functioning appliances. Appliances include air conditioning systems, refrigeration units or smaller domestic appliances.","Maintenance, Repair, and Installation","The Maintenance, Repair, and Installation Career Area includes occupations responsible for the installation and upkeep of mechanical systems, utilities, domestic appliances and systems, vehicles and buildings. It includes technicians, some engineers, and service managers.",2.0,Roles with formal training requirements of less than 2 years,True,True,True,Complete HVACR (i.e. HVAC program that includes Refrigeration Technology) Vocational or Associates degree program or take introductory courses and gain entry to Apprenticeship training program.,12.0
25111010,Alarm / Security System Technician,An Alarm or Security System Technician installs and repairs security systems and fire detectors in homes or businesses.,Maintenance and Repair,"The Maintenance and Repair Occupation Group includes technician and mechanic occupations specific to maintenance and repair of mechanical systems in an industrial or domestic setting. Roles also include handyperson, meter reader and precision instrument repairer.","Maintenance, Repair, and Installation","The Maintenance, Repair, and Installation Career Area includes occupations responsible for the installation and upkeep of mechanical systems, utilities, domestic appliances and systems, vehicles and buildings. It includes technicians, some engineers, and service managers.",2.0,Roles with formal training requirements of less than 2 years,False,False,True,Complete training course for security system or fire alarm technician or gain training through industry sponsored work-ed training.,6.0
25111110,Building and General Maintenance Technician,"A Building and General Maintenance Technician performs building maintenance and appliance repairs for an apartment complex, housing division, residential center or business, as directed by a property manager.",Maintenance and Repair,"The Maintenance and Repair Occupation Group includes technician and mechanic occupations specific to maintenance and repair of mechanical systems in an industrial or domestic setting. Roles also include handyperson, meter reader and precision instrument repairer.","Maintenance, Repair, and Installation","The Maintenance, Repair, and Installation Career Area includes occupations responsible for the installation and upkeep of mechanical systems, utilities, domestic appliances and systems, vehicles and buildings. It includes technicians, some engineers, and service managers.",2.0,Roles with formal training requirements of less than 2 years,False,False,False,,0.0
25111210,Field Service Technician,"A Field Service Technician services and repairs equipment and machines in customer's locations. Functions involve work to repair industrial, hardware, construction or electronic equipment.",Maintenance and Repair,"The Maintenance and Repair Occupation Group includes technician and mechanic occupations specific to maintenance and repair of mechanical systems in an industrial or domestic setting. Roles also include handyperson, meter reader and precision instrument repairer.","Maintenance, Repair, and Installation","The Maintenance, Repair, and Installation Career Area includes occupations responsible for the installation and upkeep of mechanical systems, utilities, domestic appliances and systems, vehicles and buildings. It includes technicians, some engineers, and service managers.",2.0,Roles with formal training requirements of less than 2 years,False,False,False,,0.0
25111310,Handyperson,"A Handyperson performs household maintenance, decorating, minor building work or related tasks for a service user. They are self-employed as part of the ""gig economy"".",Maintenance and Repair,"The Maintenance and Repair Occupation Group includes technician and mechanic occupations specific to maintenance and repair of mechanical systems in an industrial or domestic setting. Roles also include handyperson, meter reader and precision instrument repairer.","Maintenance, Repair, and Installation","The Maintenance, Repair, and Installation Career Area includes occupations responsible for the installation and upkeep of mechanical systems, utilities, domestic appliances and systems, vehicles and buildings. It includes technicians, some engineers, and service managers.",1.0,Roles with minimal training requirements,False,False,False,,0.0
25111410,Industrial Mechanic,"An Industrial Mechanic repairs and maintains complex machines used in production or manufacturing, such as conveyor belts; may use computerized diagnostic equipment.",Maintenance and Repair,"The Maintenance and Repair Occupation Group includes technician and mechanic occupations specific to maintenance and repair of mechanical systems in an industrial or domestic setting. Roles also include handyperson, meter reader and precision instrument repairer.","Maintenance, Repair, and Installation","The Maintenance, Repair, and Installation Career Area includes occupations responsible for the installation and upkeep of mechanical systems, utilities, domestic appliances and systems, vehicles and buildings. It includes technicians, some engineers, and service managers.",2.0,Roles with formal training requirements of less than 2 years,False,False,True,"Gain entry to Apprenticeship or Vocational program for Industrial Mechanic, or complete Associates degree program in Industrial Mechanics/Maintenance.",12.0
25111510,Maintenance / Service Supervisor,"A Maintenance or Service Supervisor oversees maintenance of a residential or commercial building, manages maintenance staff and directs maintenance tasks.",Maintenance and Repair,"The Maintenance and Repair Occupation Group includes technician and mechanic occupations specific to maintenance and repair of mechanical systems in an industrial or domestic setting. Roles also include handyperson, meter reader and precision instrument repairer.","Maintenance, Repair, and Installation","The Maintenance, Repair, and Installation Career Area includes occupations responsible for the installation and upkeep of mechanical systems, utilities, domestic appliances and systems, vehicles and buildings. It includes technicians, some engineers, and service managers.",3.0,Roles with 2 year specialized degree requirement or a mix of sub-BA and BA requirements,False,False,False,,0.0
18121012,Civil Engineer,"A Civil Engineer designs and supervises large construction projects such as public buildings, roads, and waterways. Designs projects that meet the needs of users and the public and are structurally sound. Addresses environmental and land use issues in project design. May specialize in a particular aspect of design and construction, or a particular type of construction, such as transportation systems.",Civil and Safety Engineering,"The Civil and Safety Engineering Occupation Group includes occupations involved in the application of science and mathematics to the design, production, and maintenance of public infrastructure and the environment including roads and transportation, structures, water and wastewater, and remediation.",Engineering,"The Engineering Career Area includes occupations involved in the application of science and mathematics to the design, production and maintenance of complex products, including physical structures along with mechanical, chemical, electrical and electronic products.",3.0,Roles with 2 year specialized degree requirement or a mix of sub-BA and BA requirements,False,False,False,,0.0
25111514,Maintenance / Service Supervisor,"A Maintenance or Service Supervisor oversees maintenance of a residential or commercial building, manages maintenance staff and directs maintenance tasks.",Maintenance and Repair,"The Maintenance and Repair Occupation Group includes technician and mechanic occupations specific to maintenance and repair of mechanical systems in an industrial or domestic setting. Roles also include handyperson, meter reader and precision instrument repairer.","Maintenance, Repair, and Installation","The Maintenance, Repair, and Installation Career Area includes occupations responsible for the installation and upkeep of mechanical systems, utilities, domestic appliances and systems, vehicles and buildings. It includes technicians, some engineers, and service managers.",3.0,Roles with 2 year specialized degree requirement or a mix of sub-BA and BA requirements,False,False,False,,0.0
25111515,Maintenance / Service Supervisor,"A Maintenance or Service Supervisor oversees maintenance of a residential or commercial building, manages maintenance staff and directs maintenance tasks.",Maintenance and Repair,"The Maintenance and Repair Occupation Group includes technician and mechanic occupations specific to maintenance and repair of mechanical systems in an industrial or domestic setting. Roles also include handyperson, meter reader and precision instrument repairer.","Maintenance, Repair, and Installation","The Maintenance, Repair, and Installation Career Area includes occupations responsible for the installation and upkeep of mechanical systems, utilities, domestic appliances and systems, vehicles and buildings. It includes technicians, some engineers, and service managers.",3.0,Roles with 2 year specialized degree requirement or a mix of sub-BA and BA requirements,False,False,False,,0.0
25111518,Maintenance / Service Supervisor,"A Maintenance or Service Supervisor oversees maintenance of a residential or commercial building, manages maintenance staff and directs maintenance tasks.",Maintenance and Repair,"The Maintenance and Repair Occupation Group includes technician and mechanic occupations specific to maintenance and repair of mechanical systems in an industrial or domestic setting. Roles also include handyperson, meter reader and precision instrument repairer.","Maintenance, Repair, and Installation","The Maintenance, Repair, and Installation Career Area includes occupations responsible for the installation and upkeep of mechanical systems, utilities, domestic appliances and systems, vehicles and buildings. It includes technicians, some engineers, and service managers.",3.0,Roles with 2 year specialized degree requirement or a mix of sub-BA and BA requirements,False,False,False,,0.0
25111610,Maintenance Helper / Assistant,"A Maintenance Helper or Assistant assists maintenance mechanics. Repairs and maintains equipment and machines, such as cars or heating systems. May assemble or adjust machines as directed by a head mechanic.",Maintenance and Repair,"The Maintenance and Repair Occupation Group includes technician and mechanic occupations specific to maintenance and repair of mechanical systems in an industrial or domestic setting. Roles also include handyperson, meter reader and precision instrument repairer.","Maintenance, Repair, and Installation","The Maintenance, Repair, and Installation Career Area includes occupations responsible for the installation and upkeep of mechanical systems, utilities, domestic appliances and systems, vehicles and buildings. It includes technicians, some engineers, and service managers.",2.0,Roles with formal training requirements of less than 2 years,False,False,False,,0.0
25111810,Millwright,"A Millwright installs and assembles large industrial machines, such as the equipment in manufacturing facilities. Disassembles and moves machinery between factory sites, and makes repairs. May work at power plants and construction sites.",Maintenance and Repair,"The Maintenance and Repair Occupation Group includes technician and mechanic occupations specific to maintenance and repair of mechanical systems in an industrial or domestic setting. Roles also include handyperson, meter reader and precision instrument repairer.","Maintenance, Repair, and Installation","The Maintenance, Repair, and Installation Career Area includes occupations responsible for the installation and upkeep of mechanical systems, utilities, domestic appliances and systems, vehicles and buildings. It includes technicians, some engineers, and service managers.",2.0,Roles with formal training requirements of less than 2 years,False,False,True,"Gain entry to Apprenticeship program or Vocational program for Millwrights, or complete Associates degree program in Industrial Mechanics/Maintenance.",12.0
25112010,Transportation Maintenance Worker,"A Transportation Maintenance Worker provides maintenance for highway systems and state and local roads, including repairs to pavement, bridges, signs and signals; assists with clearing roads.",Maintenance and Repair,"The Maintenance and Repair Occupation Group includes technician and mechanic occupations specific to maintenance and repair of mechanical systems in an industrial or domestic setting. Roles also include handyperson, meter reader and precision instrument repairer.","Maintenance, Repair, and Installation","The Maintenance, Repair, and Installation Career Area includes occupations responsible for the installation and upkeep of mechanical systems, utilities, domestic appliances and systems, vehicles and buildings. It includes technicians, some engineers, and service managers.",2.0,Roles with formal training requirements of less than 2 years,False,False,False,,0.0
25121010,Cable Technician / Installer,A Cable Technician or Installer sets up cable equipment and lines for customers and makes repairs as needed.,Transmission and Electrical Technicians,"The Transmission and Electrical Technicians Occupation Group includes occupations responsible for the installation, maintenance, and repair of electrical, transmission and telecommunication systems - Such as cable, satellite and broadband systems. The group also includes wind turbine technicians, utility line technicians and tower climbers.","Maintenance, Repair, and Installation","The Maintenance, Repair, and Installation Career Area includes occupations responsible for the installation and upkeep of mechanical systems, utilities, domestic appliances and systems, vehicles and buildings. It includes technicians, some engineers, and service managers.",2.0,Roles with formal training requirements of less than 2 years,False,False,False,,0.0
25121312,Satellite / Broadband Technician,A Satellite or Broadband Technician installs and repairs TV satellite and broadband systems for residential and commercial customers.,Transmission and Electrical Technicians,"The Transmission and Electrical Technicians Occupation Group includes occupations responsible for the installation, maintenance, and repair of electrical, transmission and telecommunication systems - Such as cable, satellite and broadband systems. The group also includes wind turbine technicians, utility line technicians and tower climbers.","Maintenance, Repair, and Installation","The Maintenance, Repair, and Installation Career Area includes occupations responsible for the installation and upkeep of mechanical systems, utilities, domestic appliances and systems, vehicles and buildings. It includes technicians, some engineers, and service managers.",2.0,Roles with formal training requirements of less than 2 years,False,False,False,,0.0
25121510,Tower Climber / Technician,A Tower Climber or Technician inspects and repairs cell phone towers by climbing to different locations on the tower.,Transmission and Electrical Technicians,"The Transmission and Electrical Technicians Occupation Group includes occupations responsible for the installation, maintenance, and repair of electrical, transmission and telecommunication systems - Such as cable, satellite and broadband systems. The group also includes wind turbine technicians, utility line technicians and tower climbers.","Maintenance, Repair, and Installation","The Maintenance, Repair, and Installation Career Area includes occupations responsible for the installation and upkeep of mechanical systems, utilities, domestic appliances and systems, vehicles and buildings. It includes technicians, some engineers, and service managers.",2.0,Roles with formal training requirements of less than 2 years,False,False,False,,0.0
25121710,Wind Turbine Technician,A Wind Turbine Technician maintains and repairs wind turbines used to generate electricity.,Transmission and Electrical Technicians,"The Transmission and Electrical Technicians Occupation Group includes occupations responsible for the installation, maintenance, and repair of electrical, transmission and telecommunication systems - Such as cable, satellite and broadband systems. The group also includes wind turbine technicians, utility line technicians and tower climbers.","Maintenance, Repair, and Installation","The Maintenance, Repair, and Installation Career Area includes occupations responsible for the installation and upkeep of mechanical systems, utilities, domestic appliances and systems, vehicles and buildings. It includes technicians, some engineers, and service managers.",2.0,Roles with formal training requirements of less than 2 years,False,True,True,Complete Vocational or Associates degree program in wind turbine technology or related program in electrical or mechanical engineering technology.,12.0
25131310,Automotive Glass Installer,An Automotive Glass Installer repairs and replaces windshields and glass windows in motor vehicles.,Vehicle Mechanics and Technicians,"The Vehicle Mechanics and Technicians Occupation Group includes occupations specific to the servicing of vehicles to prevent failure - It includes mechanics who work on small engines, heavy equipment, and aircraft. It also includes tire changers, automotive glass installers and auto body technicians.","Maintenance, Repair, and Installation","The Maintenance, Repair, and Installation Career Area includes occupations responsible for the installation and upkeep of mechanical systems, utilities, domestic appliances and systems, vehicles and buildings. It includes technicians, some engineers, and service managers.",2.0,Roles with formal training requirements of less than 2 years,False,False,True,"Complete Vocational program in collision repair, auto body and/or auto glass repair.",6.0
25131410,Automotive Service Technician / Mechanic,An Automotive Service Technician or Mechanic repairs and performs maintenance on cars and smaller trucks; may conduct auto inspections.,Vehicle Mechanics and Technicians,"The Vehicle Mechanics and Technicians Occupation Group includes occupations specific to the servicing of vehicles to prevent failure - It includes mechanics who work on small engines, heavy equipment, and aircraft. It also includes tire changers, automotive glass installers and auto body technicians.","Maintenance, Repair, and Installation","The Maintenance, Repair, and Installation Career Area includes occupations responsible for the installation and upkeep of mechanical systems, utilities, domestic appliances and systems, vehicles and buildings. It includes technicians, some engineers, and service managers.",3.0,Roles with 2 year specialized degree requirement or a mix of sub-BA and BA requirements,False,True,True,"Complete Vocational or Associates degree program in automotive service technology, or gain entry to apprenticeship training sponsored by auto dealerships.",24.0
25131610,Bike Technician,"A Bike Technician repairs and upgrades bicycles, often at a bike shop or sporting goods store.",Vehicle Mechanics and Technicians,"The Vehicle Mechanics and Technicians Occupation Group includes occupations specific to the servicing of vehicles to prevent failure - It includes mechanics who work on small engines, heavy equipment, and aircraft. It also includes tire changers, automotive glass installers and auto body technicians.","Maintenance, Repair, and Installation","The Maintenance, Repair, and Installation Career Area includes occupations responsible for the installation and upkeep of mechanical systems, utilities, domestic appliances and systems, vehicles and buildings. It includes technicians, some engineers, and service managers.",1.0,Roles with minimal training requirements,False,False,False,,0.0
25131710,Diesel Mechanic,"A Diesel Mechanic repairs and rebuilds diesel engines for vehicles like trucks, ships, tractors, and buses.",Vehicle Mechanics and Technicians,"The Vehicle Mechanics and Technicians Occupation Group includes occupations specific to the servicing of vehicles to prevent failure - It includes mechanics who work on small engines, heavy equipment, and aircraft. It also includes tire changers, automotive glass installers and auto body technicians.","Maintenance, Repair, and Installation","The Maintenance, Repair, and Installation Career Area includes occupations responsible for the installation and upkeep of mechanical systems, utilities, domestic appliances and systems, vehicles and buildings. It includes technicians, some engineers, and service managers.",3.0,Roles with 2 year specialized degree requirement or a mix of sub-BA and BA requirements,False,True,True,"Complete Vocational or Associates degree program in Diesel Engine Repair, or gain entry into Apprenticeship training program sponsored by truck manufacturers.",24.0
25131810,Heavy Equipment Mechanic,A Heavy Equipment Mechanic maintains and repairs heavy equipment like construction vehicles and fire trucks.,Vehicle Mechanics and Technicians,"The Vehicle Mechanics and Technicians Occupation Group includes occupations specific to the servicing of vehicles to prevent failure - It includes mechanics who work on small engines, heavy equipment, and aircraft. It also includes tire changers, automotive glass installers and auto body technicians.","Maintenance, Repair, and Installation","The Maintenance, Repair, and Installation Career Area includes occupations responsible for the installation and upkeep of mechanical systems, utilities, domestic appliances and systems, vehicles and buildings. It includes technicians, some engineers, and service managers.",3.0,Roles with 2 year specialized degree requirement or a mix of sub-BA and BA requirements,False,False,True,Complete Vocational or Associates degree program in diesel technology or heavy equipment mechanics or gain entry to operating engineers apprenticeship training program .,24.0
25131910,Small Engine Mechanic,"A Small Engine Mechanic maintains and repairs small engines like those in water craft, motorcycles, motorized bicycles, lawnmowers, and golf carts.",Vehicle Mechanics and Technicians,"The Vehicle Mechanics and Technicians Occupation Group includes occupations specific to the servicing of vehicles to prevent failure - It includes mechanics who work on small engines, heavy equipment, and aircraft. It also includes tire changers, automotive glass installers and auto body technicians.","Maintenance, Repair, and Installation","The Maintenance, Repair, and Installation Career Area includes occupations responsible for the installation and upkeep of mechanical systems, utilities, domestic appliances and systems, vehicles and buildings. It includes technicians, some engineers, and service managers.",2.0,Roles with formal training requirements of less than 2 years,False,False,False,,0.0
26101110,Coating / Industrial Painter,A Coating or Industrial Painter paints a variety of finished manufactured products using paint and enamel spray guns.,Machine Operators,"The Machine Operators Occupation Group includes occupations in factories or production plants using heavy machinery to complete a variety of tasks such as manufacturing, assembly, and disassembly.",Manufacturing and Production,"The Manufacturing and Production Career Area includes occupations in manufacturing (the creation of components for a production part) and production (the combining all the finished parts to produce a finished project). It includes managerial, quality assurance, and operational roles.",2.0,Roles with formal training requirements of less than 2 years,False,False,False,,0.0
26101210,Etcher / Engraver,An Etcher or Engraver imprints illustrations or text on metal. Uses specialized engraving machinery or a manual process where acid creates imprints on a metal plate.,Machine Operators,"The Machine Operators Occupation Group includes occupations in factories or production plants using heavy machinery to complete a variety of tasks such as manufacturing, assembly, and disassembly.",Manufacturing and Production,"The Manufacturing and Production Career Area includes occupations in manufacturing (the creation of components for a production part) and production (the combining all the finished parts to produce a finished project). It includes managerial, quality assurance, and operational roles.",2.0,Roles with formal training requirements of less than 2 years,False,False,True,"Complete Vocational program in Engraving, or an Associates degree program in Jewelry/Gemology with curriculum that includes engraving.",6.0
26101514,Manufacturing Machine Operator,"A Manufacturing Machine Operator operates machinery used in a manufacturing facility, including a range of machines used for the production or transport of goods.",Machine Operators,"The Machine Operators Occupation Group includes occupations in factories or production plants using heavy machinery to complete a variety of tasks such as manufacturing, assembly, and disassembly.",Manufacturing and Production,"The Manufacturing and Production Career Area includes occupations in manufacturing (the creation of components for a production part) and production (the combining all the finished parts to produce a finished project). It includes managerial, quality assurance, and operational roles.",1.0,Roles with minimal training requirements,False,False,False,,0.0
26101517,Manufacturing Machine Operator,"A Manufacturing Machine Operator operates machinery used in a manufacturing facility, including a range of machines used for the production or transport of goods.",Machine Operators,"The Machine Operators Occupation Group includes occupations in factories or production plants using heavy machinery to complete a variety of tasks such as manufacturing, assembly, and disassembly.",Manufacturing and Production,"The Manufacturing and Production Career Area includes occupations in manufacturing (the creation of components for a production part) and production (the combining all the finished parts to produce a finished project). It includes managerial, quality assurance, and operational roles.",1.0,Roles with minimal training requirements,False,False,False,,0.0
26101519,Manufacturing Machine Operator,"A Manufacturing Machine Operator operates machinery used in a manufacturing facility, including a range of machines used for the production or transport of goods.",Machine Operators,"The Machine Operators Occupation Group includes occupations in factories or production plants using heavy machinery to complete a variety of tasks such as manufacturing, assembly, and disassembly.",Manufacturing and Production,"The Manufacturing and Production Career Area includes occupations in manufacturing (the creation of components for a production part) and production (the combining all the finished parts to produce a finished project). It includes managerial, quality assurance, and operational roles.",1.0,Roles with minimal training requirements,False,False,False,,0.0
26101610,Molding / Casting Worker,A Molding or Casting Worker sets up and operates machines that are used to mold and cast metal or plastic parts and products.,Machine Operators,"The Machine Operators Occupation Group includes occupations in factories or production plants using heavy machinery to complete a variety of tasks such as manufacturing, assembly, and disassembly.",Manufacturing and Production,"The Manufacturing and Production Career Area includes occupations in manufacturing (the creation of components for a production part) and production (the combining all the finished parts to produce a finished project). It includes managerial, quality assurance, and operational roles.",2.0,Roles with formal training requirements of less than 2 years,False,False,False,,0.0
26102010,Sewing Machine Operator,A Sewing Machine Operator operates a sewing machine in a factory or facility that produces clothing or other products made with fabric.,Machine Operators,"The Machine Operators Occupation Group includes occupations in factories or production plants using heavy machinery to complete a variety of tasks such as manufacturing, assembly, and disassembly.",Manufacturing and Production,"The Manufacturing and Production Career Area includes occupations in manufacturing (the creation of components for a production part) and production (the combining all the finished parts to produce a finished project). It includes managerial, quality assurance, and operational roles.",1.0,Roles with minimal training requirements,False,False,False,,0.0
26102110,Welder / Solderer,A Welder or Solderer uses welding equipment to solder or heat and bind pieces of metal together.,Machine Operators,"The Machine Operators Occupation Group includes occupations in factories or production plants using heavy machinery to complete a variety of tasks such as manufacturing, assembly, and disassembly.",Manufacturing and Production,"The Manufacturing and Production Career Area includes occupations in manufacturing (the creation of components for a production part) and production (the combining all the finished parts to produce a finished project). It includes managerial, quality assurance, and operational roles.",2.0,Roles with formal training requirements of less than 2 years,True,False,True,"Complete Vocational or Associates degree program in Welding, or gain admission to Apprenticeship training program.",12.0
26111010,CNC Operator,"A CNC Operator programs and operates a computer controlled lathe used to cut wood, plastic, metal with extreme precision.",Machinists and CNC Specialists,"The Machinists and CNC Specialists Occupation Group includes occupations involved in producing precision machined parts by programming, setting up and operating a computer numerical control (CNC) machine. Roles also include maintaining equipment, adhering to quality and safety standards, and keeping detailed part records.",Manufacturing and Production,"The Manufacturing and Production Career Area includes occupations in manufacturing (the creation of components for a production part) and production (the combining all the finished parts to produce a finished project). It includes managerial, quality assurance, and operational roles.",2.0,Roles with formal training requirements of less than 2 years,False,False,True,Complete short-term vocational training program in computer numerically controlled (CNC) machine operation or machining technology.,3.0
26111110,CNC Programmer,"A CNC Programmer programs computer-controlled equipment used to cut wood, plastic, or metal according to precise measurements, or equipment used for different manufacturing processes.",Machinists and CNC Specialists,"The Machinists and CNC Specialists Occupation Group includes occupations involved in producing precision machined parts by programming, setting up and operating a computer numerical control (CNC) machine. Roles also include maintaining equipment, adhering to quality and safety standards, and keeping detailed part records.",Manufacturing and Production,"The Manufacturing and Production Career Area includes occupations in manufacturing (the creation of components for a production part) and production (the combining all the finished parts to produce a finished project). It includes managerial, quality assurance, and operational roles.",3.0,Roles with 2 year specialized degree requirement or a mix of sub-BA and BA requirements,False,False,True,"Complete Associate degree program for Machine Tool and CNC Technology, or gain entry to Machinist Apprenticeship training program. Complete specific courses in CNC programming.",24.0
26111210,Machinist,A Machinist builds and repairs precisely detailed and sized metal parts used in a variety of tools and appliances. Builds parts following a blueprint or creates original designs.,Machinists and CNC Specialists,"The Machinists and CNC Specialists Occupation Group includes occupations involved in producing precision machined parts by programming, setting up and operating a computer numerical control (CNC) machine. Roles also include maintaining equipment, adhering to quality and safety standards, and keeping detailed part records.",Manufacturing and Production,"The Manufacturing and Production Career Area includes occupations in manufacturing (the creation of components for a production part) and production (the combining all the finished parts to produce a finished project). It includes managerial, quality assurance, and operational roles.",2.0,Roles with formal training requirements of less than 2 years,False,False,True,"Complete Vocational or Associates degree program for Machine Tool Technology, or gain entry to Machinist Apprenticeship training program.",12.0
26111310,Tool and Die Maker,A Tool and Die Maker builds the tools and dies used to make a variety of products and appliances. Works with mechanical engineers to build and assemble parts according to blueprints.,Machinists and CNC Specialists,"The Machinists and CNC Specialists Occupation Group includes occupations involved in producing precision machined parts by programming, setting up and operating a computer numerical control (CNC) machine. Roles also include maintaining equipment, adhering to quality and safety standards, and keeping detailed part records.",Manufacturing and Production,"The Manufacturing and Production Career Area includes occupations in manufacturing (the creation of components for a production part) and production (the combining all the finished parts to produce a finished project). It includes managerial, quality assurance, and operational roles.",3.0,Roles with 2 year specialized degree requirement or a mix of sub-BA and BA requirements,False,False,True,"Complete Vocational or Associates degree program training for Machine Tool Technology, or gain entry to Tool and Die Maker Apprenticeship training program.",36.0
26121010,Operations and Maintenance Specialist,"An Operations and Maintenance Specialist works for a production plant or manufacturer. They may direct and coordinate the daily operations and maintenance of a facility in collaboration with leadership. May assist in establishing new system processes, such as improving production cost, product quality, policy and procedure implementation, material and inventory utilization, and operation efficiency.",Plant and System Operation,"The Plant and System Operation Occupation Group includes occupations specific to the operation of an industrial plant. The roles include working in a variety of settings, including utilities, wastewater treatment plants, or power plants.",Manufacturing and Production,"The Manufacturing and Production Career Area includes occupations in manufacturing (the creation of components for a production part) and production (the combining all the finished parts to produce a finished project). It includes managerial, quality assurance, and operational roles.",2.0,Roles with formal training requirements of less than 2 years,False,False,False,,0.0
26121210,Stationary Engineer / Boiler Operator,A Stationary Engineer or Boiler Operator operates and repairs stationary mechanical equipment such as engines or boilers for buildings and industrial use.,Plant and System Operation,"The Plant and System Operation Occupation Group includes occupations specific to the operation of an industrial plant. The roles include working in a variety of settings, including utilities, wastewater treatment plants, or power plants.",Manufacturing and Production,"The Manufacturing and Production Career Area includes occupations in manufacturing (the creation of components for a production part) and production (the combining all the finished parts to produce a finished project). It includes managerial, quality assurance, and operational roles.",2.0,Roles with formal training requirements of less than 2 years,True,True,True,"Gain entry to Apprenticeship training program for stationary engineer / boiler operator, or complete Vocational or Associates degree program training.",24.0
26121310,Water Treatment Specialist / Waste Water Operator,A Water Treatment Specialist or Waste Water Operator operates and monitors equipment in facilities that treat wastewater. Monitors treatment processes so that water is cleaned to meet public health and environmental standards and is safe for drinking or releasing into the environment.,Plant and System Operation,"The Plant and System Operation Occupation Group includes occupations specific to the operation of an industrial plant. The roles include working in a variety of settings, including utilities, wastewater treatment plants, or power plants.",Manufacturing and Production,"The Manufacturing and Production Career Area includes occupations in manufacturing (the creation of components for a production part) and production (the combining all the finished parts to produce a finished project). It includes managerial, quality assurance, and operational roles.",2.0,Roles with formal training requirements of less than 2 years,False,False,False,,0.0
26131011,Production Plant Manager,"A Production Plant Manager directs work and resources needed for a manufacturing production process. Plans and manages production work that meets cost, quality and quantity specifications for a company or project.",Production Managers,"The Production Managers Occupation Group includes managerial occupations involved in the planning, coordination and control of manufacturing processes, so that products are delivered on time and within budget.",Manufacturing and Production,"The Manufacturing and Production Career Area includes occupations in manufacturing (the creation of components for a production part) and production (the combining all the finished parts to produce a finished project). It includes managerial, quality assurance, and operational roles.",5.0,Advanced BA roles,False,False,False,,0.0
26131012,Production Plant Manager,"A Production Plant Manager directs work and resources needed for a manufacturing production process. Plans and manages production work that meets cost, quality and quantity specifications for a company or project.",Production Managers,"The Production Managers Occupation Group includes managerial occupations involved in the planning, coordination and control of manufacturing processes, so that products are delivered on time and within budget.",Manufacturing and Production,"The Manufacturing and Production Career Area includes occupations in manufacturing (the creation of components for a production part) and production (the combining all the finished parts to produce a finished project). It includes managerial, quality assurance, and operational roles.",5.0,Advanced BA roles,False,False,False,,0.0
26131014,Production Plant Manager,"A Production Plant Manager directs work and resources needed for a manufacturing production process. Plans and manages production work that meets cost, quality and quantity specifications for a company or project.",Production Managers,"The Production Managers Occupation Group includes managerial occupations involved in the planning, coordination and control of manufacturing processes, so that products are delivered on time and within budget.",Manufacturing and Production,"The Manufacturing and Production Career Area includes occupations in manufacturing (the creation of components for a production part) and production (the combining all the finished parts to produce a finished project). It includes managerial, quality assurance, and operational roles.",5.0,Advanced BA roles,False,False,False,,0.0
26131111,Production Supervisor,"A Production Supervisor supervises workers and production schedules, monitors supplies, and oversees quality assurance at a production facility.",Production Managers,"The Production Managers Occupation Group includes managerial occupations involved in the planning, coordination and control of manufacturing processes, so that products are delivered on time and within budget.",Manufacturing and Production,"The Manufacturing and Production Career Area includes occupations in manufacturing (the creation of components for a production part) and production (the combining all the finished parts to produce a finished project). It includes managerial, quality assurance, and operational roles.",3.0,Roles with 2 year specialized degree requirement or a mix of sub-BA and BA requirements,False,False,False,,0.0
26131112,Production Supervisor,"A Production Supervisor supervises workers and production schedules, monitors supplies, and oversees quality assurance at a production facility.",Production Managers,"The Production Managers Occupation Group includes managerial occupations involved in the planning, coordination and control of manufacturing processes, so that products are delivered on time and within budget.",Manufacturing and Production,"The Manufacturing and Production Career Area includes occupations in manufacturing (the creation of components for a production part) and production (the combining all the finished parts to produce a finished project). It includes managerial, quality assurance, and operational roles.",3.0,Roles with 2 year specialized degree requirement or a mix of sub-BA and BA requirements,False,False,False,,0.0
26131114,Production Supervisor,"A Production Supervisor supervises workers and production schedules, monitors supplies, and oversees quality assurance at a production facility.",Production Managers,"The Production Managers Occupation Group includes managerial occupations involved in the planning, coordination and control of manufacturing processes, so that products are delivered on time and within budget.",Manufacturing and Production,"The Manufacturing and Production Career Area includes occupations in manufacturing (the creation of components for a production part) and production (the combining all the finished parts to produce a finished project). It includes managerial, quality assurance, and operational roles.",3.0,Roles with 2 year specialized degree requirement or a mix of sub-BA and BA requirements,False,False,False,,0.0
26131115,Production Supervisor,"A Production Supervisor supervises workers and production schedules, monitors supplies, and oversees quality assurance at a production facility.",Production Managers,"The Production Managers Occupation Group includes managerial occupations involved in the planning, coordination and control of manufacturing processes, so that products are delivered on time and within budget.",Manufacturing and Production,"The Manufacturing and Production Career Area includes occupations in manufacturing (the creation of components for a production part) and production (the combining all the finished parts to produce a finished project). It includes managerial, quality assurance, and operational roles.",3.0,Roles with 2 year specialized degree requirement or a mix of sub-BA and BA requirements,False,False,False,,0.0
26141110,Controls / Valve Technician,"A Controls or Valve Technician monitors and repairs gas gauges, pressure valves, and thermostats on manufacturing equipment or machinery.",Production Technicians and Assistants,"The Production Technicians and Assistants Occupation Group includes operational occupations responsible for maintaining production flow in a factory or production plant. Roles may include operating factory equipment, work on an assembly line, and cleaning equipment.",Manufacturing and Production,"The Manufacturing and Production Career Area includes occupations in manufacturing (the creation of components for a production part) and production (the combining all the finished parts to produce a finished project). It includes managerial, quality assurance, and operational roles.",2.0,Roles with formal training requirements of less than 2 years,False,False,True,"Complete technical or Associates degree program that includes valve technician training, or gain entry to Apprenticeship training.",6.0
26141210,Electronic / Electrical Assembler,An Electronic or Electrical Assembler assembles electrical or electronic equipment at a manufacturing facility.,Production Technicians and Assistants,"The Production Technicians and Assistants Occupation Group includes operational occupations responsible for maintaining production flow in a factory or production plant. Roles may include operating factory equipment, work on an assembly line, and cleaning equipment.",Manufacturing and Production,"The Manufacturing and Production Career Area includes occupations in manufacturing (the creation of components for a production part) and production (the combining all the finished parts to produce a finished project). It includes managerial, quality assurance, and operational roles.",2.0,Roles with formal training requirements of less than 2 years,False,False,False,,0.0
26141410,Food / Agricultural Technician,"A Food or Agricultural Technician assists agricultural and food scientists with research and testing related to safety and quality control. May focus on testing and lab analysis for animal crops and animal feed, or focus on testing and lab analysis for food, food crops, processed food, food additives and food containers.",Production Technicians and Assistants,"The Production Technicians and Assistants Occupation Group includes operational occupations responsible for maintaining production flow in a factory or production plant. Roles may include operating factory equipment, work on an assembly line, and cleaning equipment.",Manufacturing and Production,"The Manufacturing and Production Career Area includes occupations in manufacturing (the creation of components for a production part) and production (the combining all the finished parts to produce a finished project). It includes managerial, quality assurance, and operational roles.",3.0,Roles with 2 year specialized degree requirement or a mix of sub-BA and BA requirements,False,False,False,,0.0
26141810,Pre-Press Technician,"A Pre-Press Technician operates machinery or equipment used in the first stage of a printing process; makes adjustments to layout, color, images, and text before a document is sent to the press.",Production Technicians and Assistants,"The Production Technicians and Assistants Occupation Group includes operational occupations responsible for maintaining production flow in a factory or production plant. Roles may include operating factory equipment, work on an assembly line, and cleaning equipment.",Manufacturing and Production,"The Manufacturing and Production Career Area includes occupations in manufacturing (the creation of components for a production part) and production (the combining all the finished parts to produce a finished project). It includes managerial, quality assurance, and operational roles.",2.0,Roles with formal training requirements of less than 2 years,False,False,False,,0.0
26141910,Production Fabricator / Assembler,"A Production Fabricator or Assembler constructs and assembles a wide range of products, such as engines, computers, aircraft, ships, boats, toys, electronic devices, and control panels, as well as the individual parts that make up these products.",Production Technicians and Assistants,"The Production Technicians and Assistants Occupation Group includes operational occupations responsible for maintaining production flow in a factory or production plant. Roles may include operating factory equipment, work on an assembly line, and cleaning equipment.",Manufacturing and Production,"The Manufacturing and Production Career Area includes occupations in manufacturing (the creation of components for a production part) and production (the combining all the finished parts to produce a finished project). It includes managerial, quality assurance, and operational roles.",1.0,Roles with minimal training requirements,False,False,False,,0.0
26142010,Production Worker,"A Production Worker performs a variety of duties in a factory. Operates machinery, manages distribution and provides quality control inspection.",Production Technicians and Assistants,"The Production Technicians and Assistants Occupation Group includes operational occupations responsible for maintaining production flow in a factory or production plant. Roles may include operating factory equipment, work on an assembly line, and cleaning equipment.",Manufacturing and Production,"The Manufacturing and Production Career Area includes occupations in manufacturing (the creation of components for a production part) and production (the combining all the finished parts to produce a finished project). It includes managerial, quality assurance, and operational roles.",1.0,Roles with minimal training requirements,False,False,False,,0.0
26151010,Quality Control Analyst,"A Quality Control Analyst, in the biotech and medical device industries, works in laboratories performing biological, microbiological, and chemical tests on products and materials. Responsible for calibrating equipment, inspecting products, processing and testing materials, and reporting results. May work in other production environments to monitor and improve quality and efficiency in production systems and products.",Quality Assurance,The Quality Assurance Occupation Group includes occupations specific to the prevention of mistakes and defects in manufactured products and avoiding problems when delivering products or services to customers.,Manufacturing and Production,"The Manufacturing and Production Career Area includes occupations in manufacturing (the creation of components for a production part) and production (the combining all the finished parts to produce a finished project). It includes managerial, quality assurance, and operational roles.",3.0,Roles with 2 year specialized degree requirement or a mix of sub-BA and BA requirements,False,False,False,,0.0
20221210,Clinical Quality Manager,A Clinical Quality Manager ensures that the quality of the work in a clinical environment is consistent and meets government and industry standards as well as customer expectations. Verifies compliance with health and safety regulations. Coordinates all activities related to quality assurance and monitoring and revises existing processes in order to increase efficiency.,Health IT Professionals,"The Health IT Professionals Occupation Group includes operational occupations specific to clinical data management, information systems, and analysis in a healthcare or clinical research setting.",Healthcare,"The Healthcare Career Area includes occupations specific to the maintenance or improvement of health via the prevention, diagnosis, treatment, amelioration, or cure of disease, illness, injury, and other physical and mental impairments in individuals or communities. It also includes veterinarians.",5.0,Advanced BA roles,False,False,False,,0.0
26151111,Quality Control Systems Manager,"A Quality Control Systems Manager manages quality control in an organization or for a project. Develops quality control policies and monitors quality in different settings such as manufacturing production, technology product development and research laboratories",Quality Assurance,The Quality Assurance Occupation Group includes occupations specific to the prevention of mistakes and defects in manufactured products and avoiding problems when delivering products or services to customers.,Manufacturing and Production,"The Manufacturing and Production Career Area includes occupations in manufacturing (the creation of components for a production part) and production (the combining all the finished parts to produce a finished project). It includes managerial, quality assurance, and operational roles.",5.0,Advanced BA roles,False,False,False,,0.0
26151114,Quality Control Systems Manager,"A Quality Control Systems Manager manages quality control in an organization or for a project. Develops quality control policies and monitors quality in different settings such as manufacturing production, technology product development and research laboratories",Quality Assurance,The Quality Assurance Occupation Group includes occupations specific to the prevention of mistakes and defects in manufactured products and avoiding problems when delivering products or services to customers.,Manufacturing and Production,"The Manufacturing and Production Career Area includes occupations in manufacturing (the creation of components for a production part) and production (the combining all the finished parts to produce a finished project). It includes managerial, quality assurance, and operational roles.",5.0,Advanced BA roles,False,False,False,,0.0
26151115,Quality Control Systems Manager,"A Quality Control Systems Manager manages quality control in an organization or for a project. Develops quality control policies and monitors quality in different settings such as manufacturing production, technology product development and research laboratories",Quality Assurance,The Quality Assurance Occupation Group includes occupations specific to the prevention of mistakes and defects in manufactured products and avoiding problems when delivering products or services to customers.,Manufacturing and Production,"The Manufacturing and Production Career Area includes occupations in manufacturing (the creation of components for a production part) and production (the combining all the finished parts to produce a finished project). It includes managerial, quality assurance, and operational roles.",5.0,Advanced BA roles,False,False,False,,0.0
26151116,Quality Control Systems Manager,"A Quality Control Systems Manager manages quality control in an organization or for a project. Develops quality control policies and monitors quality in different settings such as manufacturing production, technology product development and research laboratories",Quality Assurance,The Quality Assurance Occupation Group includes occupations specific to the prevention of mistakes and defects in manufactured products and avoiding problems when delivering products or services to customers.,Manufacturing and Production,"The Manufacturing and Production Career Area includes occupations in manufacturing (the creation of components for a production part) and production (the combining all the finished parts to produce a finished project). It includes managerial, quality assurance, and operational roles.",5.0,Advanced BA roles,False,False,False,,0.0
26151117,Quality Control Systems Manager,"A Quality Control Systems Manager manages quality control in an organization or for a project. Develops quality control policies and monitors quality in different settings such as manufacturing production, technology product development and research laboratories",Quality Assurance,The Quality Assurance Occupation Group includes occupations specific to the prevention of mistakes and defects in manufactured products and avoiding problems when delivering products or services to customers.,Manufacturing and Production,"The Manufacturing and Production Career Area includes occupations in manufacturing (the creation of components for a production part) and production (the combining all the finished parts to produce a finished project). It includes managerial, quality assurance, and operational roles.",5.0,Advanced BA roles,False,False,False,,0.0
26151210,Quality Inspector / Technician,A Quality Inspector or Technician inspects and evaluates products according to company quality control standards. Inspects goods or packaging in a production or manufacturing facility.,Quality Assurance,The Quality Assurance Occupation Group includes occupations specific to the prevention of mistakes and defects in manufactured products and avoiding problems when delivering products or services to customers.,Manufacturing and Production,"The Manufacturing and Production Career Area includes occupations in manufacturing (the creation of components for a production part) and production (the combining all the finished parts to produce a finished project). It includes managerial, quality assurance, and operational roles.",1.0,Roles with minimal training requirements,False,False,False,,0.0
26151212,Quality Inspector / Technician,A Quality Inspector or Technician inspects and evaluates products according to company quality control standards. Inspects goods or packaging in a production or manufacturing facility.,Quality Assurance,The Quality Assurance Occupation Group includes occupations specific to the prevention of mistakes and defects in manufactured products and avoiding problems when delivering products or services to customers.,Manufacturing and Production,"The Manufacturing and Production Career Area includes occupations in manufacturing (the creation of components for a production part) and production (the combining all the finished parts to produce a finished project). It includes managerial, quality assurance, and operational roles.",1.0,Roles with minimal training requirements,False,False,False,,0.0
26151213,Quality Inspector / Technician,A Quality Inspector or Technician inspects and evaluates products according to company quality control standards. Inspects goods or packaging in a production or manufacturing facility.,Quality Assurance,The Quality Assurance Occupation Group includes occupations specific to the prevention of mistakes and defects in manufactured products and avoiding problems when delivering products or services to customers.,Manufacturing and Production,"The Manufacturing and Production Career Area includes occupations in manufacturing (the creation of components for a production part) and production (the combining all the finished parts to produce a finished project). It includes managerial, quality assurance, and operational roles.",1.0,Roles with minimal training requirements,False,False,False,,0.0
26151214,Quality Inspector / Technician,A Quality Inspector or Technician inspects and evaluates products according to company quality control standards. Inspects goods or packaging in a production or manufacturing facility.,Quality Assurance,The Quality Assurance Occupation Group includes occupations specific to the prevention of mistakes and defects in manufactured products and avoiding problems when delivering products or services to customers.,Manufacturing and Production,"The Manufacturing and Production Career Area includes occupations in manufacturing (the creation of components for a production part) and production (the combining all the finished parts to produce a finished project). It includes managerial, quality assurance, and operational roles.",1.0,Roles with minimal training requirements,False,False,False,,0.0
26151215,Quality Inspector / Technician,A Quality Inspector or Technician inspects and evaluates products according to company quality control standards. Inspects goods or packaging in a production or manufacturing facility.,Quality Assurance,The Quality Assurance Occupation Group includes occupations specific to the prevention of mistakes and defects in manufactured products and avoiding problems when delivering products or services to customers.,Manufacturing and Production,"The Manufacturing and Production Career Area includes occupations in manufacturing (the creation of components for a production part) and production (the combining all the finished parts to produce a finished project). It includes managerial, quality assurance, and operational roles.",1.0,Roles with minimal training requirements,False,False,False,,0.0
26151216,Quality Inspector / Technician,A Quality Inspector or Technician inspects and evaluates products according to company quality control standards. Inspects goods or packaging in a production or manufacturing facility.,Quality Assurance,The Quality Assurance Occupation Group includes occupations specific to the prevention of mistakes and defects in manufactured products and avoiding problems when delivering products or services to customers.,Manufacturing and Production,"The Manufacturing and Production Career Area includes occupations in manufacturing (the creation of components for a production part) and production (the combining all the finished parts to produce a finished project). It includes managerial, quality assurance, and operational roles.",1.0,Roles with minimal training requirements,False,False,False,,0.0
26161110,Cabinetmaker / Installer,"A Cabinetmaker and Installer designs, builds and installs wood cabinets according to client specifications.",Skilled Crafts,"The Skilled Crafts Occupation Group includes occupation engaged in small scale production of goods, or their maintenance. It includes blacksmiths, cabinet makers, jewelers and fine artists.",Manufacturing and Production,"The Manufacturing and Production Career Area includes occupations in manufacturing (the creation of components for a production part) and production (the combining all the finished parts to produce a finished project). It includes managerial, quality assurance, and operational roles.",2.0,Roles with formal training requirements of less than 2 years,False,False,False,,0.0
26161210,Craft Artist,"A Craft Artist creates or reproduces handmade objects for sale and exhibition using a variety of techniques, such as welding, weaving, pottery, and needlecraft.",Skilled Crafts,"The Skilled Crafts Occupation Group includes occupation engaged in small scale production of goods, or their maintenance. It includes blacksmiths, cabinet makers, jewelers and fine artists.",Manufacturing and Production,"The Manufacturing and Production Career Area includes occupations in manufacturing (the creation of components for a production part) and production (the combining all the finished parts to produce a finished project). It includes managerial, quality assurance, and operational roles.",1.0,Roles with minimal training requirements,False,False,False,,0.0
27101010,Communications / Public Relations Manager,A Communications or Public Relations Manager plans and directs public relations programs that create a positive public image for an organization or business. Oversees press releases and communications with media; works with advertising and marketing staff to target advertising campaigns; manages internal communications such as newsletters or financial reports. May draft speeches or arrange interviews for company executives.,Communications and Public Relations,"The Communications and Public Relations Occupation Group includes occupations specific to the strategic management of relationships between an organization and the public, through the use of communication, to achieve mutual understanding, realize organizational goals, and serve the public interest.",Marketing and Public Relations,The Marketing and Public Relations Career Area includes occupations in marketing (which promote the transfer of goods and services from a producer or provider to a consumer) and public relations (which help an organization communicate with the public and adapt to public need).,5.0,Advanced BA roles,False,False,False,,0.0
27101011,Communications / Public Relations Manager,A Communications or Public Relations Manager plans and directs public relations programs that create a positive public image for an organization or business. Oversees press releases and communications with media; works with advertising and marketing staff to target advertising campaigns; manages internal communications such as newsletters or financial reports. May draft speeches or arrange interviews for company executives.,Communications and Public Relations,"The Communications and Public Relations Occupation Group includes occupations specific to the strategic management of relationships between an organization and the public, through the use of communication, to achieve mutual understanding, realize organizational goals, and serve the public interest.",Marketing and Public Relations,The Marketing and Public Relations Career Area includes occupations in marketing (which promote the transfer of goods and services from a producer or provider to a consumer) and public relations (which help an organization communicate with the public and adapt to public need).,5.0,Advanced BA roles,False,False,False,,0.0
27101012,Communications / Public Relations Manager,A Communications or Public Relations Manager plans and directs public relations programs that create a positive public image for an organization or business. Oversees press releases and communications with media; works with advertising and marketing staff to target advertising campaigns; manages internal communications such as newsletters or financial reports. May draft speeches or arrange interviews for company executives.,Communications and Public Relations,"The Communications and Public Relations Occupation Group includes occupations specific to the strategic management of relationships between an organization and the public, through the use of communication, to achieve mutual understanding, realize organizational goals, and serve the public interest.",Marketing and Public Relations,The Marketing and Public Relations Career Area includes occupations in marketing (which promote the transfer of goods and services from a producer or provider to a consumer) and public relations (which help an organization communicate with the public and adapt to public need).,5.0,Advanced BA roles,False,False,False,,0.0
27101014,Communications / Public Relations Manager,A Communications or Public Relations Manager plans and directs public relations programs that create a positive public image for an organization or business. Oversees press releases and communications with media; works with advertising and marketing staff to target advertising campaigns; manages internal communications such as newsletters or financial reports. May draft speeches or arrange interviews for company executives.,Communications and Public Relations,"The Communications and Public Relations Occupation Group includes occupations specific to the strategic management of relationships between an organization and the public, through the use of communication, to achieve mutual understanding, realize organizational goals, and serve the public interest.",Marketing and Public Relations,The Marketing and Public Relations Career Area includes occupations in marketing (which promote the transfer of goods and services from a producer or provider to a consumer) and public relations (which help an organization communicate with the public and adapt to public need).,5.0,Advanced BA roles,False,False,False,,0.0
27101015,Communications / Public Relations Manager,A Communications or Public Relations Manager plans and directs public relations programs that create a positive public image for an organization or business. Oversees press releases and communications with media; works with advertising and marketing staff to target advertising campaigns; manages internal communications such as newsletters or financial reports. May draft speeches or arrange interviews for company executives.,Communications and Public Relations,"The Communications and Public Relations Occupation Group includes occupations specific to the strategic management of relationships between an organization and the public, through the use of communication, to achieve mutual understanding, realize organizational goals, and serve the public interest.",Marketing and Public Relations,The Marketing and Public Relations Career Area includes occupations in marketing (which promote the transfer of goods and services from a producer or provider to a consumer) and public relations (which help an organization communicate with the public and adapt to public need).,5.0,Advanced BA roles,False,False,False,,0.0
27101017,Communications / Public Relations Manager,A Communications or Public Relations Manager plans and directs public relations programs that create a positive public image for an organization or business. Oversees press releases and communications with media; works with advertising and marketing staff to target advertising campaigns; manages internal communications such as newsletters or financial reports. May draft speeches or arrange interviews for company executives.,Communications and Public Relations,"The Communications and Public Relations Occupation Group includes occupations specific to the strategic management of relationships between an organization and the public, through the use of communication, to achieve mutual understanding, realize organizational goals, and serve the public interest.",Marketing and Public Relations,The Marketing and Public Relations Career Area includes occupations in marketing (which promote the transfer of goods and services from a producer or provider to a consumer) and public relations (which help an organization communicate with the public and adapt to public need).,5.0,Advanced BA roles,False,False,False,,0.0
27101018,Communications / Public Relations Manager,A Communications or Public Relations Manager plans and directs public relations programs that create a positive public image for an organization or business. Oversees press releases and communications with media; works with advertising and marketing staff to target advertising campaigns; manages internal communications such as newsletters or financial reports. May draft speeches or arrange interviews for company executives.,Communications and Public Relations,"The Communications and Public Relations Occupation Group includes occupations specific to the strategic management of relationships between an organization and the public, through the use of communication, to achieve mutual understanding, realize organizational goals, and serve the public interest.",Marketing and Public Relations,The Marketing and Public Relations Career Area includes occupations in marketing (which promote the transfer of goods and services from a producer or provider to a consumer) and public relations (which help an organization communicate with the public and adapt to public need).,5.0,Advanced BA roles,False,False,False,,0.0
27101019,Communications / Public Relations Manager,A Communications or Public Relations Manager plans and directs public relations programs that create a positive public image for an organization or business. Oversees press releases and communications with media; works with advertising and marketing staff to target advertising campaigns; manages internal communications such as newsletters or financial reports. May draft speeches or arrange interviews for company executives.,Communications and Public Relations,"The Communications and Public Relations Occupation Group includes occupations specific to the strategic management of relationships between an organization and the public, through the use of communication, to achieve mutual understanding, realize organizational goals, and serve the public interest.",Marketing and Public Relations,The Marketing and Public Relations Career Area includes occupations in marketing (which promote the transfer of goods and services from a producer or provider to a consumer) and public relations (which help an organization communicate with the public and adapt to public need).,5.0,Advanced BA roles,False,False,False,,0.0
27101020,Communications / Public Relations Manager,A Communications or Public Relations Manager plans and directs public relations programs that create a positive public image for an organization or business. Oversees press releases and communications with media; works with advertising and marketing staff to target advertising campaigns; manages internal communications such as newsletters or financial reports. May draft speeches or arrange interviews for company executives.,Communications and Public Relations,"The Communications and Public Relations Occupation Group includes occupations specific to the strategic management of relationships between an organization and the public, through the use of communication, to achieve mutual understanding, realize organizational goals, and serve the public interest.",Marketing and Public Relations,The Marketing and Public Relations Career Area includes occupations in marketing (which promote the transfer of goods and services from a producer or provider to a consumer) and public relations (which help an organization communicate with the public and adapt to public need).,5.0,Advanced BA roles,False,False,False,,0.0
27101022,Communications / Public Relations Manager,A Communications or Public Relations Manager plans and directs public relations programs that create a positive public image for an organization or business. Oversees press releases and communications with media; works with advertising and marketing staff to target advertising campaigns; manages internal communications such as newsletters or financial reports. May draft speeches or arrange interviews for company executives.,Communications and Public Relations,"The Communications and Public Relations Occupation Group includes occupations specific to the strategic management of relationships between an organization and the public, through the use of communication, to achieve mutual understanding, realize organizational goals, and serve the public interest.",Marketing and Public Relations,The Marketing and Public Relations Career Area includes occupations in marketing (which promote the transfer of goods and services from a producer or provider to a consumer) and public relations (which help an organization communicate with the public and adapt to public need).,5.0,Advanced BA roles,False,False,False,,0.0
27101024,Communications / Public Relations Manager,A Communications or Public Relations Manager plans and directs public relations programs that create a positive public image for an organization or business. Oversees press releases and communications with media; works with advertising and marketing staff to target advertising campaigns; manages internal communications such as newsletters or financial reports. May draft speeches or arrange interviews for company executives.,Communications and Public Relations,"The Communications and Public Relations Occupation Group includes occupations specific to the strategic management of relationships between an organization and the public, through the use of communication, to achieve mutual understanding, realize organizational goals, and serve the public interest.",Marketing and Public Relations,The Marketing and Public Relations Career Area includes occupations in marketing (which promote the transfer of goods and services from a producer or provider to a consumer) and public relations (which help an organization communicate with the public and adapt to public need).,5.0,Advanced BA roles,False,False,False,,0.0
27101025,Communications / Public Relations Manager,A Communications or Public Relations Manager plans and directs public relations programs that create a positive public image for an organization or business. Oversees press releases and communications with media; works with advertising and marketing staff to target advertising campaigns; manages internal communications such as newsletters or financial reports. May draft speeches or arrange interviews for company executives.,Communications and Public Relations,"The Communications and Public Relations Occupation Group includes occupations specific to the strategic management of relationships between an organization and the public, through the use of communication, to achieve mutual understanding, realize organizational goals, and serve the public interest.",Marketing and Public Relations,The Marketing and Public Relations Career Area includes occupations in marketing (which promote the transfer of goods and services from a producer or provider to a consumer) and public relations (which help an organization communicate with the public and adapt to public need).,5.0,Advanced BA roles,False,False,False,,0.0
27101026,Communications / Public Relations Manager,A Communications or Public Relations Manager plans and directs public relations programs that create a positive public image for an organization or business. Oversees press releases and communications with media; works with advertising and marketing staff to target advertising campaigns; manages internal communications such as newsletters or financial reports. May draft speeches or arrange interviews for company executives.,Communications and Public Relations,"The Communications and Public Relations Occupation Group includes occupations specific to the strategic management of relationships between an organization and the public, through the use of communication, to achieve mutual understanding, realize organizational goals, and serve the public interest.",Marketing and Public Relations,The Marketing and Public Relations Career Area includes occupations in marketing (which promote the transfer of goods and services from a producer or provider to a consumer) and public relations (which help an organization communicate with the public and adapt to public need).,5.0,Advanced BA roles,False,False,False,,0.0
27101110,Communications / Public Relations Specialist,"A Communications or Public Relations Specialist coordinates internal and external communications for a company or organization. Provides information to employees on company activities, such as the launch of a new product or a community service initiative. Writes and edits public communications; develops media contacts and prepares material for press and media distribution; monitors media coverage. May assist with events planning.",Communications and Public Relations,"The Communications and Public Relations Occupation Group includes occupations specific to the strategic management of relationships between an organization and the public, through the use of communication, to achieve mutual understanding, realize organizational goals, and serve the public interest.",Marketing and Public Relations,The Marketing and Public Relations Career Area includes occupations in marketing (which promote the transfer of goods and services from a producer or provider to a consumer) and public relations (which help an organization communicate with the public and adapt to public need).,4.0,Entry level BA roles,False,False,False,,0.0
27101210,Digital Content Producer / Manager,A Digital Content Manager oversees the content that appears on a website or social media channels. Manages a team of content producers and assign projects and tasks related to production of digital content. May also work to produce content alongside their team.,Communications and Public Relations,"The Communications and Public Relations Occupation Group includes occupations specific to the strategic management of relationships between an organization and the public, through the use of communication, to achieve mutual understanding, realize organizational goals, and serve the public interest.",Marketing and Public Relations,The Marketing and Public Relations Career Area includes occupations in marketing (which promote the transfer of goods and services from a producer or provider to a consumer) and public relations (which help an organization communicate with the public and adapt to public need).,3.0,Roles with 2 year specialized degree requirement or a mix of sub-BA and BA requirements,False,False,False,,0.0
27101212,Digital Content Producer / Manager,A Digital Content Manager oversees the content that appears on a website or social media channels. Manages a team of content producers and assign projects and tasks related to production of digital content. May also work to produce content alongside their team.,Communications and Public Relations,"The Communications and Public Relations Occupation Group includes occupations specific to the strategic management of relationships between an organization and the public, through the use of communication, to achieve mutual understanding, realize organizational goals, and serve the public interest.",Marketing and Public Relations,The Marketing and Public Relations Career Area includes occupations in marketing (which promote the transfer of goods and services from a producer or provider to a consumer) and public relations (which help an organization communicate with the public and adapt to public need).,3.0,Roles with 2 year specialized degree requirement or a mix of sub-BA and BA requirements,False,False,False,,0.0
27101310,Media Planner / Buyer,"A Media Planner or Buyer advises companies and clients on using media effectively for advertising and marketing. Identifies target audience for advertising, researches customer demographics and cost options for different advertising outlets; reviews media programming and recommends a strategy for ad placements.",Communications and Public Relations,"The Communications and Public Relations Occupation Group includes occupations specific to the strategic management of relationships between an organization and the public, through the use of communication, to achieve mutual understanding, realize organizational goals, and serve the public interest.",Marketing and Public Relations,The Marketing and Public Relations Career Area includes occupations in marketing (which promote the transfer of goods and services from a producer or provider to a consumer) and public relations (which help an organization communicate with the public and adapt to public need).,4.0,Entry level BA roles,False,False,False,,0.0
27111110,Chief Marketing Officer,"A Chief Marketing Officer (CMO) is a corporate executive responsible for overseeing that marketing activities in an organization. The CMO leads brand management, marketing communications (including advertising, promotions and public relations), market research, product marketing, distribution channel management, pricing, and customer service.",Marketing Managers,"The Marketing Managers Occupation Group includes managerial occupations specific to promoting and selling products or services, including market research and advertising.",Marketing and Public Relations,The Marketing and Public Relations Career Area includes occupations in marketing (which promote the transfer of goods and services from a producer or provider to a consumer) and public relations (which help an organization communicate with the public and adapt to public need).,6.0,Graduate and professional roles,False,False,False,,0.0
27111210,Marketing Manager,"A Marketing Manager manages and coordinates marketing activities for a company. Oversees marketing and advertising staff. Monitors demand for company products or services, business and industry competition, and prices. Identifies potential new customers; develops strategies for increasing sales or market share.",Marketing Managers,"The Marketing Managers Occupation Group includes managerial occupations specific to promoting and selling products or services, including market research and advertising.",Marketing and Public Relations,The Marketing and Public Relations Career Area includes occupations in marketing (which promote the transfer of goods and services from a producer or provider to a consumer) and public relations (which help an organization communicate with the public and adapt to public need).,5.0,Advanced BA roles,False,False,False,,0.0
27111211,Marketing Manager,"A Marketing Manager manages and coordinates marketing activities for a company. Oversees marketing and advertising staff. Monitors demand for company products or services, business and industry competition, and prices. Identifies potential new customers; develops strategies for increasing sales or market share.",Marketing Managers,"The Marketing Managers Occupation Group includes managerial occupations specific to promoting and selling products or services, including market research and advertising.",Marketing and Public Relations,The Marketing and Public Relations Career Area includes occupations in marketing (which promote the transfer of goods and services from a producer or provider to a consumer) and public relations (which help an organization communicate with the public and adapt to public need).,5.0,Advanced BA roles,False,False,False,,0.0
27111213,Marketing Manager,"A Marketing Manager manages and coordinates marketing activities for a company. Oversees marketing and advertising staff. Monitors demand for company products or services, business and industry competition, and prices. Identifies potential new customers; develops strategies for increasing sales or market share.",Marketing Managers,"The Marketing Managers Occupation Group includes managerial occupations specific to promoting and selling products or services, including market research and advertising.",Marketing and Public Relations,The Marketing and Public Relations Career Area includes occupations in marketing (which promote the transfer of goods and services from a producer or provider to a consumer) and public relations (which help an organization communicate with the public and adapt to public need).,5.0,Advanced BA roles,False,False,False,,0.0
27111214,Marketing Manager,"A Marketing Manager manages and coordinates marketing activities for a company. Oversees marketing and advertising staff. Monitors demand for company products or services, business and industry competition, and prices. Identifies potential new customers; develops strategies for increasing sales or market share.",Marketing Managers,"The Marketing Managers Occupation Group includes managerial occupations specific to promoting and selling products or services, including market research and advertising.",Marketing and Public Relations,The Marketing and Public Relations Career Area includes occupations in marketing (which promote the transfer of goods and services from a producer or provider to a consumer) and public relations (which help an organization communicate with the public and adapt to public need).,5.0,Advanced BA roles,False,False,False,,0.0
27111216,Marketing Manager,"A Marketing Manager manages and coordinates marketing activities for a company. Oversees marketing and advertising staff. Monitors demand for company products or services, business and industry competition, and prices. Identifies potential new customers; develops strategies for increasing sales or market share.",Marketing Managers,"The Marketing Managers Occupation Group includes managerial occupations specific to promoting and selling products or services, including market research and advertising.",Marketing and Public Relations,The Marketing and Public Relations Career Area includes occupations in marketing (which promote the transfer of goods and services from a producer or provider to a consumer) and public relations (which help an organization communicate with the public and adapt to public need).,5.0,Advanced BA roles,False,False,False,,0.0
27111221,Marketing Manager,"A Marketing Manager manages and coordinates marketing activities for a company. Oversees marketing and advertising staff. Monitors demand for company products or services, business and industry competition, and prices. Identifies potential new customers; develops strategies for increasing sales or market share.",Marketing Managers,"The Marketing Managers Occupation Group includes managerial occupations specific to promoting and selling products or services, including market research and advertising.",Marketing and Public Relations,The Marketing and Public Relations Career Area includes occupations in marketing (which promote the transfer of goods and services from a producer or provider to a consumer) and public relations (which help an organization communicate with the public and adapt to public need).,5.0,Advanced BA roles,False,False,False,,0.0
27111222,Marketing Manager,"A Marketing Manager manages and coordinates marketing activities for a company. Oversees marketing and advertising staff. Monitors demand for company products or services, business and industry competition, and prices. Identifies potential new customers; develops strategies for increasing sales or market share.",Marketing Managers,"The Marketing Managers Occupation Group includes managerial occupations specific to promoting and selling products or services, including market research and advertising.",Marketing and Public Relations,The Marketing and Public Relations Career Area includes occupations in marketing (which promote the transfer of goods and services from a producer or provider to a consumer) and public relations (which help an organization communicate with the public and adapt to public need).,5.0,Advanced BA roles,False,False,False,,0.0
27111223,Marketing Manager,"A Marketing Manager manages and coordinates marketing activities for a company. Oversees marketing and advertising staff. Monitors demand for company products or services, business and industry competition, and prices. Identifies potential new customers; develops strategies for increasing sales or market share.",Marketing Managers,"The Marketing Managers Occupation Group includes managerial occupations specific to promoting and selling products or services, including market research and advertising.",Marketing and Public Relations,The Marketing and Public Relations Career Area includes occupations in marketing (which promote the transfer of goods and services from a producer or provider to a consumer) and public relations (which help an organization communicate with the public and adapt to public need).,5.0,Advanced BA roles,False,False,False,,0.0
27111225,Marketing Manager,"A Marketing Manager manages and coordinates marketing activities for a company. Oversees marketing and advertising staff. Monitors demand for company products or services, business and industry competition, and prices. Identifies potential new customers; develops strategies for increasing sales or market share.",Marketing Managers,"The Marketing Managers Occupation Group includes managerial occupations specific to promoting and selling products or services, including market research and advertising.",Marketing and Public Relations,The Marketing and Public Relations Career Area includes occupations in marketing (which promote the transfer of goods and services from a producer or provider to a consumer) and public relations (which help an organization communicate with the public and adapt to public need).,5.0,Advanced BA roles,False,False,False,,0.0
27111313,Product Manager,"A Product Manager manages and coordinates all the processes involved in creating a product. Oversees work involved with product design, production, distribution, marketing and sales.",Marketing Managers,"The Marketing Managers Occupation Group includes managerial occupations specific to promoting and selling products or services, including market research and advertising.",Marketing and Public Relations,The Marketing and Public Relations Career Area includes occupations in marketing (which promote the transfer of goods and services from a producer or provider to a consumer) and public relations (which help an organization communicate with the public and adapt to public need).,6.0,Graduate and professional roles,False,False,False,,0.0
27111314,Product Manager,"A Product Manager manages and coordinates all the processes involved in creating a product. Oversees work involved with product design, production, distribution, marketing and sales.",Marketing Managers,"The Marketing Managers Occupation Group includes managerial occupations specific to promoting and selling products or services, including market research and advertising.",Marketing and Public Relations,The Marketing and Public Relations Career Area includes occupations in marketing (which promote the transfer of goods and services from a producer or provider to a consumer) and public relations (which help an organization communicate with the public and adapt to public need).,6.0,Graduate and professional roles,False,False,False,,0.0
27111318,Product Manager,"A Product Manager manages and coordinates all the processes involved in creating a product. Oversees work involved with product design, production, distribution, marketing and sales.",Marketing Managers,"The Marketing Managers Occupation Group includes managerial occupations specific to promoting and selling products or services, including market research and advertising.",Marketing and Public Relations,The Marketing and Public Relations Career Area includes occupations in marketing (which promote the transfer of goods and services from a producer or provider to a consumer) and public relations (which help an organization communicate with the public and adapt to public need).,6.0,Graduate and professional roles,False,False,False,,0.0
27111319,Product Manager,"A Product Manager manages and coordinates all the processes involved in creating a product. Oversees work involved with product design, production, distribution, marketing and sales.",Marketing Managers,"The Marketing Managers Occupation Group includes managerial occupations specific to promoting and selling products or services, including market research and advertising.",Marketing and Public Relations,The Marketing and Public Relations Career Area includes occupations in marketing (which promote the transfer of goods and services from a producer or provider to a consumer) and public relations (which help an organization communicate with the public and adapt to public need).,6.0,Graduate and professional roles,False,False,False,,0.0
27111320,Product Manager,"A Product Manager manages and coordinates all the processes involved in creating a product. Oversees work involved with product design, production, distribution, marketing and sales.",Marketing Managers,"The Marketing Managers Occupation Group includes managerial occupations specific to promoting and selling products or services, including market research and advertising.",Marketing and Public Relations,The Marketing and Public Relations Career Area includes occupations in marketing (which promote the transfer of goods and services from a producer or provider to a consumer) and public relations (which help an organization communicate with the public and adapt to public need).,6.0,Graduate and professional roles,False,False,False,,0.0
27111321,Product Manager,"A Product Manager manages and coordinates all the processes involved in creating a product. Oversees work involved with product design, production, distribution, marketing and sales.",Marketing Managers,"The Marketing Managers Occupation Group includes managerial occupations specific to promoting and selling products or services, including market research and advertising.",Marketing and Public Relations,The Marketing and Public Relations Career Area includes occupations in marketing (which promote the transfer of goods and services from a producer or provider to a consumer) and public relations (which help an organization communicate with the public and adapt to public need).,6.0,Graduate and professional roles,False,False,False,,0.0
27111322,Product Manager,"A Product Manager manages and coordinates all the processes involved in creating a product. Oversees work involved with product design, production, distribution, marketing and sales.",Marketing Managers,"The Marketing Managers Occupation Group includes managerial occupations specific to promoting and selling products or services, including market research and advertising.",Marketing and Public Relations,The Marketing and Public Relations Career Area includes occupations in marketing (which promote the transfer of goods and services from a producer or provider to a consumer) and public relations (which help an organization communicate with the public and adapt to public need).,6.0,Graduate and professional roles,False,False,False,,0.0
27121011,E-Commerce Analyst,"An E-Commerce Analyst assists business clients with the process of moving to online business practices. Analyzes businesses, design electronic commerce marketing plans; provides expertise with search engine optimization, social media marketing, branding and product promotion.",Marketing Specialists,"The Marketing Specialists Occupation Group includes operational occupations specific to promoting and selling products or services, including market research and advertising.",Marketing and Public Relations,The Marketing and Public Relations Career Area includes occupations in marketing (which promote the transfer of goods and services from a producer or provider to a consumer) and public relations (which help an organization communicate with the public and adapt to public need).,4.0,Entry level BA roles,False,False,False,,0.0
27121012,E-Commerce Analyst,"An E-Commerce Analyst assists business clients with the process of moving to online business practices. Analyzes businesses, design electronic commerce marketing plans; provides expertise with search engine optimization, social media marketing, branding and product promotion.",Marketing Specialists,"The Marketing Specialists Occupation Group includes operational occupations specific to promoting and selling products or services, including market research and advertising.",Marketing and Public Relations,The Marketing and Public Relations Career Area includes occupations in marketing (which promote the transfer of goods and services from a producer or provider to a consumer) and public relations (which help an organization communicate with the public and adapt to public need).,4.0,Entry level BA roles,False,False,False,,0.0
27121013,E-Commerce Analyst,"An E-Commerce Analyst assists business clients with the process of moving to online business practices. Analyzes businesses, design electronic commerce marketing plans; provides expertise with search engine optimization, social media marketing, branding and product promotion.",Marketing Specialists,"The Marketing Specialists Occupation Group includes operational occupations specific to promoting and selling products or services, including market research and advertising.",Marketing and Public Relations,The Marketing and Public Relations Career Area includes occupations in marketing (which promote the transfer of goods and services from a producer or provider to a consumer) and public relations (which help an organization communicate with the public and adapt to public need).,4.0,Entry level BA roles,False,False,False,,0.0
27121014,E-Commerce Analyst,"An E-Commerce Analyst assists business clients with the process of moving to online business practices. Analyzes businesses, design electronic commerce marketing plans; provides expertise with search engine optimization, social media marketing, branding and product promotion.",Marketing Specialists,"The Marketing Specialists Occupation Group includes operational occupations specific to promoting and selling products or services, including market research and advertising.",Marketing and Public Relations,The Marketing and Public Relations Career Area includes occupations in marketing (which promote the transfer of goods and services from a producer or provider to a consumer) and public relations (which help an organization communicate with the public and adapt to public need).,4.0,Entry level BA roles,False,False,False,,0.0
27121110,Marketing Analyst,"A Marketing Analyst researches and develops targeted marketing strategies for a company. Gathers customer feedback, analyzes industry and market data, monitors marketing trends; advises on marketing and advertising plans.",Marketing Specialists,"The Marketing Specialists Occupation Group includes operational occupations specific to promoting and selling products or services, including market research and advertising.",Marketing and Public Relations,The Marketing and Public Relations Career Area includes occupations in marketing (which promote the transfer of goods and services from a producer or provider to a consumer) and public relations (which help an organization communicate with the public and adapt to public need).,4.0,Entry level BA roles,False,False,False,,0.0
27121112,Marketing Analyst,"A Marketing Analyst researches and develops targeted marketing strategies for a company. Gathers customer feedback, analyzes industry and market data, monitors marketing trends; advises on marketing and advertising plans.",Marketing Specialists,"The Marketing Specialists Occupation Group includes operational occupations specific to promoting and selling products or services, including market research and advertising.",Marketing and Public Relations,The Marketing and Public Relations Career Area includes occupations in marketing (which promote the transfer of goods and services from a producer or provider to a consumer) and public relations (which help an organization communicate with the public and adapt to public need).,4.0,Entry level BA roles,False,False,False,,0.0
27121117,Marketing Analyst,"A Marketing Analyst researches and develops targeted marketing strategies for a company. Gathers customer feedback, analyzes industry and market data, monitors marketing trends; advises on marketing and advertising plans.",Marketing Specialists,"The Marketing Specialists Occupation Group includes operational occupations specific to promoting and selling products or services, including market research and advertising.",Marketing and Public Relations,The Marketing and Public Relations Career Area includes occupations in marketing (which promote the transfer of goods and services from a producer or provider to a consumer) and public relations (which help an organization communicate with the public and adapt to public need).,4.0,Entry level BA roles,False,False,False,,0.0
27121210,Marketing Assistant / Associate,"A Marketing Assistant or Associate coordinates marketing and advertising activities for a company. Works to promote a company image and assists with developing and implementing marketing strategies. Interacts with customers and vendors, selects advertising outlets, organizes materials and logistics for trade events or conferences.",Marketing Specialists,"The Marketing Specialists Occupation Group includes operational occupations specific to promoting and selling products or services, including market research and advertising.",Marketing and Public Relations,The Marketing and Public Relations Career Area includes occupations in marketing (which promote the transfer of goods and services from a producer or provider to a consumer) and public relations (which help an organization communicate with the public and adapt to public need).,4.0,Entry level BA roles,False,False,False,,0.0
27121310,Marketing Specialist,"A Marketing Specialist develops marketing plans and strategies for businesses. Researches consumer demand and industry market data, provides specialized information on advertising and promotional resources.",Marketing Specialists,"The Marketing Specialists Occupation Group includes operational occupations specific to promoting and selling products or services, including market research and advertising.",Marketing and Public Relations,The Marketing and Public Relations Career Area includes occupations in marketing (which promote the transfer of goods and services from a producer or provider to a consumer) and public relations (which help an organization communicate with the public and adapt to public need).,4.0,Entry level BA roles,False,False,False,,0.0
27121312,Marketing Specialist,"A Marketing Specialist develops marketing plans and strategies for businesses. Researches consumer demand and industry market data, provides specialized information on advertising and promotional resources.",Marketing Specialists,"The Marketing Specialists Occupation Group includes operational occupations specific to promoting and selling products or services, including market research and advertising.",Marketing and Public Relations,The Marketing and Public Relations Career Area includes occupations in marketing (which promote the transfer of goods and services from a producer or provider to a consumer) and public relations (which help an organization communicate with the public and adapt to public need).,4.0,Entry level BA roles,False,False,False,,0.0
27121313,Marketing Specialist,"A Marketing Specialist develops marketing plans and strategies for businesses. Researches consumer demand and industry market data, provides specialized information on advertising and promotional resources.",Marketing Specialists,"The Marketing Specialists Occupation Group includes operational occupations specific to promoting and selling products or services, including market research and advertising.",Marketing and Public Relations,The Marketing and Public Relations Career Area includes occupations in marketing (which promote the transfer of goods and services from a producer or provider to a consumer) and public relations (which help an organization communicate with the public and adapt to public need).,4.0,Entry level BA roles,False,False,False,,0.0
27121315,Marketing Specialist,"A Marketing Specialist develops marketing plans and strategies for businesses. Researches consumer demand and industry market data, provides specialized information on advertising and promotional resources.",Marketing Specialists,"The Marketing Specialists Occupation Group includes operational occupations specific to promoting and selling products or services, including market research and advertising.",Marketing and Public Relations,The Marketing and Public Relations Career Area includes occupations in marketing (which promote the transfer of goods and services from a producer or provider to a consumer) and public relations (which help an organization communicate with the public and adapt to public need).,4.0,Entry level BA roles,False,False,False,,0.0
27121316,Marketing Specialist,"A Marketing Specialist develops marketing plans and strategies for businesses. Researches consumer demand and industry market data, provides specialized information on advertising and promotional resources.",Marketing Specialists,"The Marketing Specialists Occupation Group includes operational occupations specific to promoting and selling products or services, including market research and advertising.",Marketing and Public Relations,The Marketing and Public Relations Career Area includes occupations in marketing (which promote the transfer of goods and services from a producer or provider to a consumer) and public relations (which help an organization communicate with the public and adapt to public need).,4.0,Entry level BA roles,False,False,False,,0.0
27121321,Marketing Specialist,"A Marketing Specialist develops marketing plans and strategies for businesses. Researches consumer demand and industry market data, provides specialized information on advertising and promotional resources.",Marketing Specialists,"The Marketing Specialists Occupation Group includes operational occupations specific to promoting and selling products or services, including market research and advertising.",Marketing and Public Relations,The Marketing and Public Relations Career Area includes occupations in marketing (which promote the transfer of goods and services from a producer or provider to a consumer) and public relations (which help an organization communicate with the public and adapt to public need).,4.0,Entry level BA roles,False,False,False,,0.0
27121322,Marketing Specialist,"A Marketing Specialist develops marketing plans and strategies for businesses. Researches consumer demand and industry market data, provides specialized information on advertising and promotional resources.",Marketing Specialists,"The Marketing Specialists Occupation Group includes operational occupations specific to promoting and selling products or services, including market research and advertising.",Marketing and Public Relations,The Marketing and Public Relations Career Area includes occupations in marketing (which promote the transfer of goods and services from a producer or provider to a consumer) and public relations (which help an organization communicate with the public and adapt to public need).,4.0,Entry level BA roles,False,False,False,,0.0
27121325,Marketing Specialist,"A Marketing Specialist develops marketing plans and strategies for businesses. Researches consumer demand and industry market data, provides specialized information on advertising and promotional resources.",Marketing Specialists,"The Marketing Specialists Occupation Group includes operational occupations specific to promoting and selling products or services, including market research and advertising.",Marketing and Public Relations,The Marketing and Public Relations Career Area includes occupations in marketing (which promote the transfer of goods and services from a producer or provider to a consumer) and public relations (which help an organization communicate with the public and adapt to public need).,4.0,Entry level BA roles,False,False,False,,0.0
27121410,Search Engine Optimization Specialist,A Search Engine Optimization Specialist develops and edits websites to make them more attractive to search engines and improve the rank of the website in search engine results lists. Writes and edits text and other site content. Analyzes marketing data related to search query results.,Marketing Specialists,"The Marketing Specialists Occupation Group includes operational occupations specific to promoting and selling products or services, including market research and advertising.",Marketing and Public Relations,The Marketing and Public Relations Career Area includes occupations in marketing (which promote the transfer of goods and services from a producer or provider to a consumer) and public relations (which help an organization communicate with the public and adapt to public need).,4.0,Entry level BA roles,False,False,False,,0.0
27121413,Search Engine Optimization Specialist,A Search Engine Optimization Specialist develops and edits websites to make them more attractive to search engines and improve the rank of the website in search engine results lists. Writes and edits text and other site content. Analyzes marketing data related to search query results.,Marketing Specialists,"The Marketing Specialists Occupation Group includes operational occupations specific to promoting and selling products or services, including market research and advertising.",Marketing and Public Relations,The Marketing and Public Relations Career Area includes occupations in marketing (which promote the transfer of goods and services from a producer or provider to a consumer) and public relations (which help an organization communicate with the public and adapt to public need).,4.0,Entry level BA roles,False,False,False,,0.0
27121414,Search Engine Optimization Specialist,A Search Engine Optimization Specialist develops and edits websites to make them more attractive to search engines and improve the rank of the website in search engine results lists. Writes and edits text and other site content. Analyzes marketing data related to search query results.,Marketing Specialists,"The Marketing Specialists Occupation Group includes operational occupations specific to promoting and selling products or services, including market research and advertising.",Marketing and Public Relations,The Marketing and Public Relations Career Area includes occupations in marketing (which promote the transfer of goods and services from a producer or provider to a consumer) and public relations (which help an organization communicate with the public and adapt to public need).,4.0,Entry level BA roles,False,False,False,,0.0
27121510,Social Media Strategist / Specialist,A Social Media Strategist or Specialist develops strategies for using social media and networking sites in company marketing and advertising.,Marketing Specialists,"The Marketing Specialists Occupation Group includes operational occupations specific to promoting and selling products or services, including market research and advertising.",Marketing and Public Relations,The Marketing and Public Relations Career Area includes occupations in marketing (which promote the transfer of goods and services from a producer or provider to a consumer) and public relations (which help an organization communicate with the public and adapt to public need).,4.0,Entry level BA roles,False,False,False,,0.0
31121010,Laundry Worker,"A Laundry Worker washes, dries, and folds clothes for customers at a laundromat. Works in a commercial laundry or for a company that provides laundry services for businesses, including hospitals, hotels and other businesses that use large quantities of linens.",Clothing and Fabric Workers,"The Clothing and Fabric Workers Occupation Group includes occupations specific to the creation and maintenance of clothing and soft furnishings. It includes laundry staff, tailors, dressmakers and upholsterers.",Personal Services,"The Personal Services Career Area includes a wide range of occupations in the provision of services to the public. It encompasses funeral, hair and beauty, laundrette, and animal care services",1.0,Roles with minimal training requirements,False,False,False,,0.0
31121110,Tailor / Seamstress,"A Tailor or Seamstress designs and sews clothing and garments, and makes clothing repairs or alterations for customers. Creates and alters tailored business clothes for men, or gowns and other clothing for women, or creates costumes for a theater or dance company.",Clothing and Fabric Workers,"The Clothing and Fabric Workers Occupation Group includes occupations specific to the creation and maintenance of clothing and soft furnishings. It includes laundry staff, tailors, dressmakers and upholsterers.",Personal Services,"The Personal Services Career Area includes a wide range of occupations in the provision of services to the public. It encompasses funeral, hair and beauty, laundrette, and animal care services",2.0,Roles with formal training requirements of less than 2 years,False,False,False,,0.0
31121210,Upholsterer,"An Upholsterer designs and sews fabric and materials and applies upholstery to furniture or to seats in automobiles, planes, or trains.",Clothing and Fabric Workers,"The Clothing and Fabric Workers Occupation Group includes occupations specific to the creation and maintenance of clothing and soft furnishings. It includes laundry staff, tailors, dressmakers and upholsterers.",Personal Services,"The Personal Services Career Area includes a wide range of occupations in the provision of services to the public. It encompasses funeral, hair and beauty, laundrette, and animal care services",1.0,Roles with minimal training requirements,False,False,False,,0.0
31141010,Animal Care Worker / Manager,An Animal Care Worker or Manager may manage animal care and grooming for a retail store or pet grooming business. May also provide animal care and grooming at a kennel or stable. Works with animals in shelters or rescue organizations. Assists veterinarians with vaccinations or other procedures; screens people who want to adopt an animal from a shelter and provides information about caring for animals.,Pet and Animal Care,"The Pet and Animal Care Occupation Group includes occupations involved in the care, training and treatment of pets, animals and working animals.",Personal Services,"The Personal Services Career Area includes a wide range of occupations in the provision of services to the public. It encompasses funeral, hair and beauty, laundrette, and animal care services",1.0,Roles with minimal training requirements,False,False,False,,0.0
31141110,Animal Trainer,"An Animal Trainer trains animals to become familiar with human voices and contact, and to respond to commands. Trains dogs to assist people with disabilities. May train animals for a health, competition, or show. May train other animals such as horses, dolphins, and apes.",Pet and Animal Care,"The Pet and Animal Care Occupation Group includes occupations involved in the care, training and treatment of pets, animals and working animals.",Personal Services,"The Personal Services Career Area includes a wide range of occupations in the provision of services to the public. It encompasses funeral, hair and beauty, laundrette, and animal care services",3.0,Roles with 2 year specialized degree requirement or a mix of sub-BA and BA requirements,False,False,False,,0.0
31141210,Veterinary Assistant,"A Veterinary Assistant assists with animals under veterinary care or in laboratories. Feeds animals, cleans cages, and administers medical treatment under the supervision of a veterinarian or veterinary technician. Works in a veterinary clinic, animal hospital, or laboratory.",Pet and Animal Care,"The Pet and Animal Care Occupation Group includes occupations involved in the care, training and treatment of pets, animals and working animals.",Personal Services,"The Personal Services Career Area includes a wide range of occupations in the provision of services to the public. It encompasses funeral, hair and beauty, laundrette, and animal care services",1.0,Roles with minimal training requirements,False,False,False,,0.0
31151010,Barber / Hair Stylist / Cosmetologist,"A Barber, Hair Stylist, or Cosmetologist provides haircuts, shampoos, hair styling and other beauty services to customers. Works in a salon business or independent shops, including barber shops that serve primarily male customers. May sell hair or skin products.",Stylists and Cosmetologists,"The Stylists and Cosmetologists Occupation Group includes occupations involved in the application of beauty treatment. Roles may include hairstyling, skin care, cosmetics, manicures/pedicures, non-permanent and permanent hair removal.",Personal Services,"The Personal Services Career Area includes a wide range of occupations in the provision of services to the public. It encompasses funeral, hair and beauty, laundrette, and animal care services",2.0,Roles with formal training requirements of less than 2 years,True,False,True,Complete Vocational program in Cosmetology.,12.0
31151710,Esthetician,"An Esthetician specializes in skin care and provides treatments to clients to improve the look and health of facial skin. Provides facial massages, applies special skin care products and attends to facial hair or eyebrows, and provides skin care consultations. Works in salons or spas or for personal clients.",Stylists and Cosmetologists,"The Stylists and Cosmetologists Occupation Group includes occupations involved in the application of beauty treatment. Roles may include hairstyling, skin care, cosmetics, manicures/pedicures, non-permanent and permanent hair removal.",Personal Services,"The Personal Services Career Area includes a wide range of occupations in the provision of services to the public. It encompasses funeral, hair and beauty, laundrette, and animal care services",2.0,Roles with formal training requirements of less than 2 years,True,False,True,Complete an accredited Esthetician vocational training program.,6.0
31151210,Costume / Wardrobe Attendant,"A Costume or Wardrobe Attendant assists with costumes used in musical or theatre performances. Assists with fitting costumes, and assists performers with costume changes during a show. Maintains costume collections for a theatre or show.",Stylists and Cosmetologists,"The Stylists and Cosmetologists Occupation Group includes occupations involved in the application of beauty treatment. Roles may include hairstyling, skin care, cosmetics, manicures/pedicures, non-permanent and permanent hair removal.",Personal Services,"The Personal Services Career Area includes a wide range of occupations in the provision of services to the public. It encompasses funeral, hair and beauty, laundrette, and animal care services",1.0,Roles with minimal training requirements,False,False,False,,0.0
31151310,Makeup Artist,"A Makeup Artist specializes in using cosmetics and applying makeup. Works in a salon and provides customized makeup for clients, or creates makeup for professional models, or works in a studio or theater to create makeup for actors and performance artists. May also advise on product development and participate in marketing for cosmetics companies.",Stylists and Cosmetologists,"The Stylists and Cosmetologists Occupation Group includes occupations involved in the application of beauty treatment. Roles may include hairstyling, skin care, cosmetics, manicures/pedicures, non-permanent and permanent hair removal.",Personal Services,"The Personal Services Career Area includes a wide range of occupations in the provision of services to the public. It encompasses funeral, hair and beauty, laundrette, and animal care services",1.0,Roles with minimal training requirements,False,False,False,,0.0
31151410,Manicurist / Pedicurist,"A Manicurist or Pedicurist provides grooming services for client's hands, fingernails, feet and toenails. Cleans, trims, polishes and decorates nails. Works in an independent salon or in a health spa or hair salon.",Stylists and Cosmetologists,"The Stylists and Cosmetologists Occupation Group includes occupations involved in the application of beauty treatment. Roles may include hairstyling, skin care, cosmetics, manicures/pedicures, non-permanent and permanent hair removal.",Personal Services,"The Personal Services Career Area includes a wide range of occupations in the provision of services to the public. It encompasses funeral, hair and beauty, laundrette, and animal care services",2.0,Roles with formal training requirements of less than 2 years,True,False,True,Complete training at state approved il Technician Vocational program.,3.0
31151510,Salon / Spa Manager,"A Salon or Spa Manager manages a hair or beauty salon or a spa providing specialized personal care services. Hires and manages hair stylists, or attendants that provide massages or other treatments at a spa, and oversees customer service. Develops marketing and advertising strategies; develops a consistent style for decor, products and treatments offered. Manages finances, building expenses and equipment maintenance.",Stylists and Cosmetologists,"The Stylists and Cosmetologists Occupation Group includes occupations involved in the application of beauty treatment. Roles may include hairstyling, skin care, cosmetics, manicures/pedicures, non-permanent and permanent hair removal.",Personal Services,"The Personal Services Career Area includes a wide range of occupations in the provision of services to the public. It encompasses funeral, hair and beauty, laundrette, and animal care services",3.0,Roles with 2 year specialized degree requirement or a mix of sub-BA and BA requirements,False,False,False,,0.0
32101010,Account Executive,"An Account Executive manages communications with business clients that buy services from a company, such as advertising or banking services, or manages sales accounts. Works with a set of clients over time, and recruits new clients. Promotes products developed specifically for a client, such as an advertising campaign, or matches clients with available services or products.",Account Managers and Executives,"The Client Support and Sales Occupation Group includes account representative, executive, and manager occupations which liaison between companies and their customers. Roles are responsible for addressing customers' needs and concerns as quickly and effectively as possible to develop and maintain strong relationships and product implementation.",Sales,The Sales Career Area includes occupations specific to any transactions where money or value is exchanged for the ownership of a good or entitlement to a service.,4.0,Entry level BA roles,False,False,False,,0.0
32101011,Account Executive,"An Account Executive manages communications with business clients that buy services from a company, such as advertising or banking services, or manages sales accounts. Works with a set of clients over time, and recruits new clients. Promotes products developed specifically for a client, such as an advertising campaign, or matches clients with available services or products.",Account Managers and Executives,"The Client Support and Sales Occupation Group includes account representative, executive, and manager occupations which liaison between companies and their customers. Roles are responsible for addressing customers' needs and concerns as quickly and effectively as possible to develop and maintain strong relationships and product implementation.",Sales,The Sales Career Area includes occupations specific to any transactions where money or value is exchanged for the ownership of a good or entitlement to a service.,4.0,Entry level BA roles,False,False,False,,0.0
32101013,Account Executive,"An Account Executive manages communications with business clients that buy services from a company, such as advertising or banking services, or manages sales accounts. Works with a set of clients over time, and recruits new clients. Promotes products developed specifically for a client, such as an advertising campaign, or matches clients with available services or products.",Account Managers and Executives,"The Client Support and Sales Occupation Group includes account representative, executive, and manager occupations which liaison between companies and their customers. Roles are responsible for addressing customers' needs and concerns as quickly and effectively as possible to develop and maintain strong relationships and product implementation.",Sales,The Sales Career Area includes occupations specific to any transactions where money or value is exchanged for the ownership of a good or entitlement to a service.,4.0,Entry level BA roles,False,False,False,,0.0
32101110,Account Manager / Representative,"An Account Manager or Representative manages client accounts for a company. Develops and maintains communication with company clients, promotes sales and services, and works to resolve problems Accounts may be for product sales, advertising or marketing services or financial services such as banking.",Account Managers and Executives,"The Client Support and Sales Occupation Group includes account representative, executive, and manager occupations which liaison between companies and their customers. Roles are responsible for addressing customers' needs and concerns as quickly and effectively as possible to develop and maintain strong relationships and product implementation.",Sales,The Sales Career Area includes occupations specific to any transactions where money or value is exchanged for the ownership of a good or entitlement to a service.,3.0,Roles with 2 year specialized degree requirement or a mix of sub-BA and BA requirements,False,False,False,,0.0
32101112,Account Manager / Representative,"An Account Manager or Representative manages client accounts for a company. Develops and maintains communication with company clients, promotes sales and services, and works to resolve problems Accounts may be for product sales, advertising or marketing services or financial services such as banking.",Account Managers and Executives,"The Client Support and Sales Occupation Group includes account representative, executive, and manager occupations which liaison between companies and their customers. Roles are responsible for addressing customers' needs and concerns as quickly and effectively as possible to develop and maintain strong relationships and product implementation.",Sales,The Sales Career Area includes occupations specific to any transactions where money or value is exchanged for the ownership of a good or entitlement to a service.,3.0,Roles with 2 year specialized degree requirement or a mix of sub-BA and BA requirements,False,False,False,,0.0
32101113,Account Manager / Representative,"An Account Manager or Representative manages client accounts for a company. Develops and maintains communication with company clients, promotes sales and services, and works to resolve problems Accounts may be for product sales, advertising or marketing services or financial services such as banking.",Account Managers and Executives,"The Client Support and Sales Occupation Group includes account representative, executive, and manager occupations which liaison between companies and their customers. Roles are responsible for addressing customers' needs and concerns as quickly and effectively as possible to develop and maintain strong relationships and product implementation.",Sales,The Sales Career Area includes occupations specific to any transactions where money or value is exchanged for the ownership of a good or entitlement to a service.,3.0,Roles with 2 year specialized degree requirement or a mix of sub-BA and BA requirements,False,False,False,,0.0
32101114,Account Manager / Representative,"An Account Manager or Representative manages client accounts for a company. Develops and maintains communication with company clients, promotes sales and services, and works to resolve problems Accounts may be for product sales, advertising or marketing services or financial services such as banking.",Account Managers and Executives,"The Client Support and Sales Occupation Group includes account representative, executive, and manager occupations which liaison between companies and their customers. Roles are responsible for addressing customers' needs and concerns as quickly and effectively as possible to develop and maintain strong relationships and product implementation.",Sales,The Sales Career Area includes occupations specific to any transactions where money or value is exchanged for the ownership of a good or entitlement to a service.,3.0,Roles with 2 year specialized degree requirement or a mix of sub-BA and BA requirements,False,False,False,,0.0
32101115,Account Manager / Representative,"An Account Manager or Representative manages client accounts for a company. Develops and maintains communication with company clients, promotes sales and services, and works to resolve problems Accounts may be for product sales, advertising or marketing services or financial services such as banking.",Account Managers and Executives,"The Client Support and Sales Occupation Group includes account representative, executive, and manager occupations which liaison between companies and their customers. Roles are responsible for addressing customers' needs and concerns as quickly and effectively as possible to develop and maintain strong relationships and product implementation.",Sales,The Sales Career Area includes occupations specific to any transactions where money or value is exchanged for the ownership of a good or entitlement to a service.,3.0,Roles with 2 year specialized degree requirement or a mix of sub-BA and BA requirements,False,False,False,,0.0
32101117,Account Manager / Representative,"An Account Manager or Representative manages client accounts for a company. Develops and maintains communication with company clients, promotes sales and services, and works to resolve problems Accounts may be for product sales, advertising or marketing services or financial services such as banking.",Account Managers and Executives,"The Client Support and Sales Occupation Group includes account representative, executive, and manager occupations which liaison between companies and their customers. Roles are responsible for addressing customers' needs and concerns as quickly and effectively as possible to develop and maintain strong relationships and product implementation.",Sales,The Sales Career Area includes occupations specific to any transactions where money or value is exchanged for the ownership of a good or entitlement to a service.,3.0,Roles with 2 year specialized degree requirement or a mix of sub-BA and BA requirements,False,False,False,,0.0
32101120,Account Manager / Representative,"An Account Manager or Representative manages client accounts for a company. Develops and maintains communication with company clients, promotes sales and services, and works to resolve problems Accounts may be for product sales, advertising or marketing services or financial services such as banking.",Account Managers and Executives,"The Client Support and Sales Occupation Group includes account representative, executive, and manager occupations which liaison between companies and their customers. Roles are responsible for addressing customers' needs and concerns as quickly and effectively as possible to develop and maintain strong relationships and product implementation.",Sales,The Sales Career Area includes occupations specific to any transactions where money or value is exchanged for the ownership of a good or entitlement to a service.,3.0,Roles with 2 year specialized degree requirement or a mix of sub-BA and BA requirements,False,False,False,,0.0
32101121,Account Manager / Representative,"An Account Manager or Representative manages client accounts for a company. Develops and maintains communication with company clients, promotes sales and services, and works to resolve problems Accounts may be for product sales, advertising or marketing services or financial services such as banking.",Account Managers and Executives,"The Client Support and Sales Occupation Group includes account representative, executive, and manager occupations which liaison between companies and their customers. Roles are responsible for addressing customers' needs and concerns as quickly and effectively as possible to develop and maintain strong relationships and product implementation.",Sales,The Sales Career Area includes occupations specific to any transactions where money or value is exchanged for the ownership of a good or entitlement to a service.,3.0,Roles with 2 year specialized degree requirement or a mix of sub-BA and BA requirements,False,False,False,,0.0
32101125,Account Manager / Representative,"An Account Manager or Representative manages client accounts for a company. Develops and maintains communication with company clients, promotes sales and services, and works to resolve problems Accounts may be for product sales, advertising or marketing services or financial services such as banking.",Account Managers and Executives,"The Client Support and Sales Occupation Group includes account representative, executive, and manager occupations which liaison between companies and their customers. Roles are responsible for addressing customers' needs and concerns as quickly and effectively as possible to develop and maintain strong relationships and product implementation.",Sales,The Sales Career Area includes occupations specific to any transactions where money or value is exchanged for the ownership of a good or entitlement to a service.,3.0,Roles with 2 year specialized degree requirement or a mix of sub-BA and BA requirements,False,False,False,,0.0
32101127,Account Manager / Representative,"An Account Manager or Representative manages client accounts for a company. Develops and maintains communication with company clients, promotes sales and services, and works to resolve problems Accounts may be for product sales, advertising or marketing services or financial services such as banking.",Account Managers and Executives,"The Client Support and Sales Occupation Group includes account representative, executive, and manager occupations which liaison between companies and their customers. Roles are responsible for addressing customers' needs and concerns as quickly and effectively as possible to develop and maintain strong relationships and product implementation.",Sales,The Sales Career Area includes occupations specific to any transactions where money or value is exchanged for the ownership of a good or entitlement to a service.,3.0,Roles with 2 year specialized degree requirement or a mix of sub-BA and BA requirements,False,False,False,,0.0
32101211,Membership Sales Representative,"A Membership Sales Representative recruits and sells new memberships for organizations that rely on membership fees as a primary source of income, including industry and trade associations, service organizations, non-profit organizations and private clubs. May work within a specific territory for recruiting memberships.",Account Managers and Executives,"The Client Support and Sales Occupation Group includes account representative, executive, and manager occupations which liaison between companies and their customers. Roles are responsible for addressing customers' needs and concerns as quickly and effectively as possible to develop and maintain strong relationships and product implementation.",Sales,The Sales Career Area includes occupations specific to any transactions where money or value is exchanged for the ownership of a good or entitlement to a service.,1.0,Roles with minimal training requirements,False,False,False,,0.0
32111010,Energy Broker,"An Energy Broker sells energy services and products. Advises companies and identifies the best contract options and rates for the energy needed to run a business, such as electricity, oil or gas.",Energy Sales,"The Energy Sales Occupation Group includes occupations specific to the sale of fuel or energy through a variety of methods including target marketing, competitive analysis, and providing value-added energy products, services, and recommendations.",Sales,The Sales Career Area includes occupations specific to any transactions where money or value is exchanged for the ownership of a good or entitlement to a service.,3.0,Roles with 2 year specialized degree requirement or a mix of sub-BA and BA requirements,False,False,False,,0.0
32111110,Solar Sales Representative,"A Solar Sales Representative sells solar energy equipment or systems to residential or business customers. Works for a company that manufactures solar systems, or for an independent alternative energy company; may promote long term lease agreements for solar equipment. Analyzes customer electricity usage, evaluates structures and building orientation, and provides information on pay back for solar investments.",Energy Sales,"The Energy Sales Occupation Group includes occupations specific to the sale of fuel or energy through a variety of methods including target marketing, competitive analysis, and providing value-added energy products, services, and recommendations.",Sales,The Sales Career Area includes occupations specific to any transactions where money or value is exchanged for the ownership of a good or entitlement to a service.,3.0,Roles with 2 year specialized degree requirement or a mix of sub-BA and BA requirements,False,False,False,,0.0
32121010,Merchandiser,"A Merchandiser assists with marketing or promoting merchandise in a retail store. Advises on trends and styles; designs and creates merchandise displays in a store, to generate or improve customer sales. Works with sales associates, merchandise managers and product vendors. Monitors customer preferences and sales data.",Merchandising,"The Merchandising Occupation Group includes occupations specific to the promotion of goods or services for retail sale, including marketing strategies, display design, and discount offers.",Sales,The Sales Career Area includes occupations specific to any transactions where money or value is exchanged for the ownership of a good or entitlement to a service.,1.0,Roles with minimal training requirements,False,False,False,,0.0
32121011,Merchandiser,"A Merchandiser assists with marketing or promoting merchandise in a retail store. Advises on trends and styles; designs and creates merchandise displays in a store, to generate or improve customer sales. Works with sales associates, merchandise managers and product vendors. Monitors customer preferences and sales data.",Merchandising,"The Merchandising Occupation Group includes occupations specific to the promotion of goods or services for retail sale, including marketing strategies, display design, and discount offers.",Sales,The Sales Career Area includes occupations specific to any transactions where money or value is exchanged for the ownership of a good or entitlement to a service.,1.0,Roles with minimal training requirements,False,False,False,,0.0
32121110,Merchandising Manager,"A Merchandising Manager manages the buying and stocking of goods to be re-sold to customers in a retail store, including clothing and other consumer products. Follows trends, anticipates consumer demand, directs buying and manages inventory; displays merchandise that will sell well at retail. Produces or monitors sales reports. May supervise a staff of buyers, in a larger retail store or department, or train and supervise retail sales staff.",Merchandising,"The Merchandising Occupation Group includes occupations specific to the promotion of goods or services for retail sale, including marketing strategies, display design, and discount offers.",Sales,The Sales Career Area includes occupations specific to any transactions where money or value is exchanged for the ownership of a good or entitlement to a service.,3.0,Roles with 2 year specialized degree requirement or a mix of sub-BA and BA requirements,False,False,False,,0.0
32121310,Stocking Clerk,"A Stocking Clerk replenishes and organizes shelves in a retail store. Unpacks and checks inventory received in a warehouse or stockroom, moves products to fill shelves and retrieves orders for customers or sales associates; may add labels or prices to products.",Merchandising,"The Merchandising Occupation Group includes occupations specific to the promotion of goods or services for retail sale, including marketing strategies, display design, and discount offers.",Sales,The Sales Career Area includes occupations specific to any transactions where money or value is exchanged for the ownership of a good or entitlement to a service.,1.0,Roles with minimal training requirements,False,False,False,,0.0
32121312,Stocking Clerk,"A Stocking Clerk replenishes and organizes shelves in a retail store. Unpacks and checks inventory received in a warehouse or stockroom, moves products to fill shelves and retrieves orders for customers or sales associates; may add labels or prices to products.",Merchandising,"The Merchandising Occupation Group includes occupations specific to the promotion of goods or services for retail sale, including marketing strategies, display design, and discount offers.",Sales,The Sales Career Area includes occupations specific to any transactions where money or value is exchanged for the ownership of a good or entitlement to a service.,1.0,Roles with minimal training requirements,False,False,False,,0.0
32131011,Advertising Sales Representative,"An Advertising Sales Representative sells advertising and works with business clients and customers to generate advertising sales. May specialize in one form of advertising, such as print or television, or develop and manage sales that incorporate different media including electronic advertising.",Non-Technical Sales,"The Non-Technical Sales Occupation Group includes occupations specific to the sale of non-technical goods and services to retail, wholesale, commercial, industrial, professional, and other clients domestically and internationally.",Sales,The Sales Career Area includes occupations specific to any transactions where money or value is exchanged for the ownership of a good or entitlement to a service.,3.0,Roles with 2 year specialized degree requirement or a mix of sub-BA and BA requirements,False,False,False,,0.0
32131111,Door-to-Door Sales Representative,"A Door-to-Door Sales Representative sells merchandise, products or services by visiting people in their homes. Travels door to door within a neighborhood or sales territory. Provides product demonstrations and advertises promotions and discounts to promote sales.",Non-Technical Sales,"The Non-Technical Sales Occupation Group includes occupations specific to the sale of non-technical goods and services to retail, wholesale, commercial, industrial, professional, and other clients domestically and internationally.",Sales,The Sales Career Area includes occupations specific to any transactions where money or value is exchanged for the ownership of a good or entitlement to a service.,1.0,Roles with minimal training requirements,False,False,False,,0.0
32131210,Product Demonstrator / Promoter,A Product Demonstrator or Promoter demonstrates products to develop customer interest and generate sales. Sets up product demonstration stations in a store or at a trade show or outdoor event. May be featured in a product demonstration video played in a store.,Non-Technical Sales,"The Non-Technical Sales Occupation Group includes occupations specific to the sale of non-technical goods and services to retail, wholesale, commercial, industrial, professional, and other clients domestically and internationally.",Sales,The Sales Career Area includes occupations specific to any transactions where money or value is exchanged for the ownership of a good or entitlement to a service.,1.0,Roles with minimal training requirements,False,False,False,,0.0
32131211,Product Demonstrator / Promoter,A Product Demonstrator or Promoter demonstrates products to develop customer interest and generate sales. Sets up product demonstration stations in a store or at a trade show or outdoor event. May be featured in a product demonstration video played in a store.,Non-Technical Sales,"The Non-Technical Sales Occupation Group includes occupations specific to the sale of non-technical goods and services to retail, wholesale, commercial, industrial, professional, and other clients domestically and internationally.",Sales,The Sales Career Area includes occupations specific to any transactions where money or value is exchanged for the ownership of a good or entitlement to a service.,1.0,Roles with minimal training requirements,False,False,False,,0.0
32131213,Product Demonstrator / Promoter,A Product Demonstrator or Promoter demonstrates products to develop customer interest and generate sales. Sets up product demonstration stations in a store or at a trade show or outdoor event. May be featured in a product demonstration video played in a store.,Non-Technical Sales,"The Non-Technical Sales Occupation Group includes occupations specific to the sale of non-technical goods and services to retail, wholesale, commercial, industrial, professional, and other clients domestically and internationally.",Sales,The Sales Career Area includes occupations specific to any transactions where money or value is exchanged for the ownership of a good or entitlement to a service.,1.0,Roles with minimal training requirements,False,False,False,,0.0
32131311,Real Estate Agent / Broker,"A Real Estate Agent or Broker works with clients to help them buy, sell or rent property. Works with and represents either a buyer or a seller in real estate transactions, and specializes in residential, commercial or other types of property. Offers clients up to date knowledge of local communities, real estate markets and prices. May be licensed to operate a real estate business.",Non-Technical Sales,"The Non-Technical Sales Occupation Group includes occupations specific to the sale of non-technical goods and services to retail, wholesale, commercial, industrial, professional, and other clients domestically and internationally.",Sales,The Sales Career Area includes occupations specific to any transactions where money or value is exchanged for the ownership of a good or entitlement to a service.,3.0,Roles with 2 year specialized degree requirement or a mix of sub-BA and BA requirements,False,False,False,,0.0
32131312,Real Estate Agent / Broker,"A Real Estate Agent or Broker works with clients to help them buy, sell or rent property. Works with and represents either a buyer or a seller in real estate transactions, and specializes in residential, commercial or other types of property. Offers clients up to date knowledge of local communities, real estate markets and prices. May be licensed to operate a real estate business.",Non-Technical Sales,"The Non-Technical Sales Occupation Group includes occupations specific to the sale of non-technical goods and services to retail, wholesale, commercial, industrial, professional, and other clients domestically and internationally.",Sales,The Sales Career Area includes occupations specific to any transactions where money or value is exchanged for the ownership of a good or entitlement to a service.,3.0,Roles with 2 year specialized degree requirement or a mix of sub-BA and BA requirements,False,False,False,,0.0
32131313,Real Estate Agent / Broker,"A Real Estate Agent or Broker works with clients to help them buy, sell or rent property. Works with and represents either a buyer or a seller in real estate transactions, and specializes in residential, commercial or other types of property. Offers clients up to date knowledge of local communities, real estate markets and prices. May be licensed to operate a real estate business.",Non-Technical Sales,"The Non-Technical Sales Occupation Group includes occupations specific to the sale of non-technical goods and services to retail, wholesale, commercial, industrial, professional, and other clients domestically and internationally.",Sales,The Sales Career Area includes occupations specific to any transactions where money or value is exchanged for the ownership of a good or entitlement to a service.,3.0,Roles with 2 year specialized degree requirement or a mix of sub-BA and BA requirements,False,False,False,,0.0
32131411,Sales Assistant,"A Sales Assistant provides administrative assistance to sales representatives or teams. Provides follow up on sales leads or assists with marketing or recruiting new leads, and compiles sales reports. Works in an office or in a remote location and provides assistance by phone, email or the internet.",Non-Technical Sales,"The Non-Technical Sales Occupation Group includes occupations specific to the sale of non-technical goods and services to retail, wholesale, commercial, industrial, professional, and other clients domestically and internationally.",Sales,The Sales Career Area includes occupations specific to any transactions where money or value is exchanged for the ownership of a good or entitlement to a service.,3.0,Roles with 2 year specialized degree requirement or a mix of sub-BA and BA requirements,False,False,False,,0.0
32131412,Sales Assistant,"A Sales Assistant provides administrative assistance to sales representatives or teams. Provides follow up on sales leads or assists with marketing or recruiting new leads, and compiles sales reports. Works in an office or in a remote location and provides assistance by phone, email or the internet.",Non-Technical Sales,"The Non-Technical Sales Occupation Group includes occupations specific to the sale of non-technical goods and services to retail, wholesale, commercial, industrial, professional, and other clients domestically and internationally.",Sales,The Sales Career Area includes occupations specific to any transactions where money or value is exchanged for the ownership of a good or entitlement to a service.,3.0,Roles with 2 year specialized degree requirement or a mix of sub-BA and BA requirements,False,False,False,,0.0
32131510,Sales Representative,A Sales Representative works as a sales associate in a variety of retail settings or businesses. Provides information to customers and sells merchandise or products. Provides analysis of sales activity to businesses and advises on ways to increase sales.,Non-Technical Sales,"The Non-Technical Sales Occupation Group includes occupations specific to the sale of non-technical goods and services to retail, wholesale, commercial, industrial, professional, and other clients domestically and internationally.",Sales,The Sales Career Area includes occupations specific to any transactions where money or value is exchanged for the ownership of a good or entitlement to a service.,3.0,Roles with 2 year specialized degree requirement or a mix of sub-BA and BA requirements,False,False,False,,0.0
32131511,Sales Representative,A Sales Representative works as a sales associate in a variety of retail settings or businesses. Provides information to customers and sells merchandise or products. Provides analysis of sales activity to businesses and advises on ways to increase sales.,Non-Technical Sales,"The Non-Technical Sales Occupation Group includes occupations specific to the sale of non-technical goods and services to retail, wholesale, commercial, industrial, professional, and other clients domestically and internationally.",Sales,The Sales Career Area includes occupations specific to any transactions where money or value is exchanged for the ownership of a good or entitlement to a service.,3.0,Roles with 2 year specialized degree requirement or a mix of sub-BA and BA requirements,False,False,False,,0.0
32131512,Sales Representative,A Sales Representative works as a sales associate in a variety of retail settings or businesses. Provides information to customers and sells merchandise or products. Provides analysis of sales activity to businesses and advises on ways to increase sales.,Non-Technical Sales,"The Non-Technical Sales Occupation Group includes occupations specific to the sale of non-technical goods and services to retail, wholesale, commercial, industrial, professional, and other clients domestically and internationally.",Sales,The Sales Career Area includes occupations specific to any transactions where money or value is exchanged for the ownership of a good or entitlement to a service.,3.0,Roles with 2 year specialized degree requirement or a mix of sub-BA and BA requirements,False,False,False,,0.0
32131513,Sales Representative,A Sales Representative works as a sales associate in a variety of retail settings or businesses. Provides information to customers and sells merchandise or products. Provides analysis of sales activity to businesses and advises on ways to increase sales.,Non-Technical Sales,"The Non-Technical Sales Occupation Group includes occupations specific to the sale of non-technical goods and services to retail, wholesale, commercial, industrial, professional, and other clients domestically and internationally.",Sales,The Sales Career Area includes occupations specific to any transactions where money or value is exchanged for the ownership of a good or entitlement to a service.,3.0,Roles with 2 year specialized degree requirement or a mix of sub-BA and BA requirements,False,False,False,,0.0
32131515,Sales Representative,A Sales Representative works as a sales associate in a variety of retail settings or businesses. Provides information to customers and sells merchandise or products. Provides analysis of sales activity to businesses and advises on ways to increase sales.,Non-Technical Sales,"The Non-Technical Sales Occupation Group includes occupations specific to the sale of non-technical goods and services to retail, wholesale, commercial, industrial, professional, and other clients domestically and internationally.",Sales,The Sales Career Area includes occupations specific to any transactions where money or value is exchanged for the ownership of a good or entitlement to a service.,3.0,Roles with 2 year specialized degree requirement or a mix of sub-BA and BA requirements,False,False,False,,0.0
32131516,Sales Representative,A Sales Representative works as a sales associate in a variety of retail settings or businesses. Provides information to customers and sells merchandise or products. Provides analysis of sales activity to businesses and advises on ways to increase sales.,Non-Technical Sales,"The Non-Technical Sales Occupation Group includes occupations specific to the sale of non-technical goods and services to retail, wholesale, commercial, industrial, professional, and other clients domestically and internationally.",Sales,The Sales Career Area includes occupations specific to any transactions where money or value is exchanged for the ownership of a good or entitlement to a service.,3.0,Roles with 2 year specialized degree requirement or a mix of sub-BA and BA requirements,False,False,False,,0.0
32131517,Sales Representative,A Sales Representative works as a sales associate in a variety of retail settings or businesses. Provides information to customers and sells merchandise or products. Provides analysis of sales activity to businesses and advises on ways to increase sales.,Non-Technical Sales,"The Non-Technical Sales Occupation Group includes occupations specific to the sale of non-technical goods and services to retail, wholesale, commercial, industrial, professional, and other clients domestically and internationally.",Sales,The Sales Career Area includes occupations specific to any transactions where money or value is exchanged for the ownership of a good or entitlement to a service.,3.0,Roles with 2 year specialized degree requirement or a mix of sub-BA and BA requirements,False,False,False,,0.0
32131518,Sales Representative,A Sales Representative works as a sales associate in a variety of retail settings or businesses. Provides information to customers and sells merchandise or products. Provides analysis of sales activity to businesses and advises on ways to increase sales.,Non-Technical Sales,"The Non-Technical Sales Occupation Group includes occupations specific to the sale of non-technical goods and services to retail, wholesale, commercial, industrial, professional, and other clients domestically and internationally.",Sales,The Sales Career Area includes occupations specific to any transactions where money or value is exchanged for the ownership of a good or entitlement to a service.,3.0,Roles with 2 year specialized degree requirement or a mix of sub-BA and BA requirements,False,False,False,,0.0
32131520,Sales Representative,A Sales Representative works as a sales associate in a variety of retail settings or businesses. Provides information to customers and sells merchandise or products. Provides analysis of sales activity to businesses and advises on ways to increase sales.,Non-Technical Sales,"The Non-Technical Sales Occupation Group includes occupations specific to the sale of non-technical goods and services to retail, wholesale, commercial, industrial, professional, and other clients domestically and internationally.",Sales,The Sales Career Area includes occupations specific to any transactions where money or value is exchanged for the ownership of a good or entitlement to a service.,3.0,Roles with 2 year specialized degree requirement or a mix of sub-BA and BA requirements,False,False,False,,0.0
32131522,Sales Representative,A Sales Representative works as a sales associate in a variety of retail settings or businesses. Provides information to customers and sells merchandise or products. Provides analysis of sales activity to businesses and advises on ways to increase sales.,Non-Technical Sales,"The Non-Technical Sales Occupation Group includes occupations specific to the sale of non-technical goods and services to retail, wholesale, commercial, industrial, professional, and other clients domestically and internationally.",Sales,The Sales Career Area includes occupations specific to any transactions where money or value is exchanged for the ownership of a good or entitlement to a service.,3.0,Roles with 2 year specialized degree requirement or a mix of sub-BA and BA requirements,False,False,False,,0.0
32131523,Sales Representative,A Sales Representative works as a sales associate in a variety of retail settings or businesses. Provides information to customers and sells merchandise or products. Provides analysis of sales activity to businesses and advises on ways to increase sales.,Non-Technical Sales,"The Non-Technical Sales Occupation Group includes occupations specific to the sale of non-technical goods and services to retail, wholesale, commercial, industrial, professional, and other clients domestically and internationally.",Sales,The Sales Career Area includes occupations specific to any transactions where money or value is exchanged for the ownership of a good or entitlement to a service.,3.0,Roles with 2 year specialized degree requirement or a mix of sub-BA and BA requirements,False,False,False,,0.0
32131525,Sales Representative,A Sales Representative works as a sales associate in a variety of retail settings or businesses. Provides information to customers and sells merchandise or products. Provides analysis of sales activity to businesses and advises on ways to increase sales.,Non-Technical Sales,"The Non-Technical Sales Occupation Group includes occupations specific to the sale of non-technical goods and services to retail, wholesale, commercial, industrial, professional, and other clients domestically and internationally.",Sales,The Sales Career Area includes occupations specific to any transactions where money or value is exchanged for the ownership of a good or entitlement to a service.,3.0,Roles with 2 year specialized degree requirement or a mix of sub-BA and BA requirements,False,False,False,,0.0
32131526,Sales Representative,A Sales Representative works as a sales associate in a variety of retail settings or businesses. Provides information to customers and sells merchandise or products. Provides analysis of sales activity to businesses and advises on ways to increase sales.,Non-Technical Sales,"The Non-Technical Sales Occupation Group includes occupations specific to the sale of non-technical goods and services to retail, wholesale, commercial, industrial, professional, and other clients domestically and internationally.",Sales,The Sales Career Area includes occupations specific to any transactions where money or value is exchanged for the ownership of a good or entitlement to a service.,3.0,Roles with 2 year specialized degree requirement or a mix of sub-BA and BA requirements,False,False,False,,0.0
32131527,Sales Representative,A Sales Representative works as a sales associate in a variety of retail settings or businesses. Provides information to customers and sells merchandise or products. Provides analysis of sales activity to businesses and advises on ways to increase sales.,Non-Technical Sales,"The Non-Technical Sales Occupation Group includes occupations specific to the sale of non-technical goods and services to retail, wholesale, commercial, industrial, professional, and other clients domestically and internationally.",Sales,The Sales Career Area includes occupations specific to any transactions where money or value is exchanged for the ownership of a good or entitlement to a service.,3.0,Roles with 2 year specialized degree requirement or a mix of sub-BA and BA requirements,False,False,False,,0.0
32131528,Sales Representative,A Sales Representative works as a sales associate in a variety of retail settings or businesses. Provides information to customers and sells merchandise or products. Provides analysis of sales activity to businesses and advises on ways to increase sales.,Non-Technical Sales,"The Non-Technical Sales Occupation Group includes occupations specific to the sale of non-technical goods and services to retail, wholesale, commercial, industrial, professional, and other clients domestically and internationally.",Sales,The Sales Career Area includes occupations specific to any transactions where money or value is exchanged for the ownership of a good or entitlement to a service.,3.0,Roles with 2 year specialized degree requirement or a mix of sub-BA and BA requirements,False,False,False,,0.0
32131610,Telemarketer,"A Telemarketer makes phone calls to solicit donations, sales or orders for goods or services. May work for a business that provides telemarketing services to other companies or organizations.",Non-Technical Sales,"The Non-Technical Sales Occupation Group includes occupations specific to the sale of non-technical goods and services to retail, wholesale, commercial, industrial, professional, and other clients domestically and internationally.",Sales,The Sales Career Area includes occupations specific to any transactions where money or value is exchanged for the ownership of a good or entitlement to a service.,3.0,Roles with 2 year specialized degree requirement or a mix of sub-BA and BA requirements,False,False,False,,0.0
32131611,Telemarketer,"A Telemarketer makes phone calls to solicit donations, sales or orders for goods or services. May work for a business that provides telemarketing services to other companies or organizations.",Non-Technical Sales,"The Non-Technical Sales Occupation Group includes occupations specific to the sale of non-technical goods and services to retail, wholesale, commercial, industrial, professional, and other clients domestically and internationally.",Sales,The Sales Career Area includes occupations specific to any transactions where money or value is exchanged for the ownership of a good or entitlement to a service.,3.0,Roles with 2 year specialized degree requirement or a mix of sub-BA and BA requirements,False,False,False,,0.0
32131612,Telemarketer,"A Telemarketer makes phone calls to solicit donations, sales or orders for goods or services. May work for a business that provides telemarketing services to other companies or organizations.",Non-Technical Sales,"The Non-Technical Sales Occupation Group includes occupations specific to the sale of non-technical goods and services to retail, wholesale, commercial, industrial, professional, and other clients domestically and internationally.",Sales,The Sales Career Area includes occupations specific to any transactions where money or value is exchanged for the ownership of a good or entitlement to a service.,3.0,Roles with 2 year specialized degree requirement or a mix of sub-BA and BA requirements,False,False,False,,0.0
32151010,Retail Store Manager / Supervisor,"A Retail Store Manager or Supervisor manages a retail store, either an independent business or a store that is part of a large retail chain. Reviews and monitors merchandise sales, inventory and prices, and directs advertising and promotions. Supervises sales, warehouse, cleaning, maintenance and security staff and prepares work schedules. Responsible for resolving customer complaints.",Retail Managers,"The Retail Managers Occupation Group includes managerial occupations specific to the day-to-day operations of a retail store. It includes shop floor supervisors, shift managers and department managers.",Sales,The Sales Career Area includes occupations specific to any transactions where money or value is exchanged for the ownership of a good or entitlement to a service.,2.0,Roles with formal training requirements of less than 2 years,False,False,False,,0.0
32151011,Retail Store Manager / Supervisor,"A Retail Store Manager or Supervisor manages a retail store, either an independent business or a store that is part of a large retail chain. Reviews and monitors merchandise sales, inventory and prices, and directs advertising and promotions. Supervises sales, warehouse, cleaning, maintenance and security staff and prepares work schedules. Responsible for resolving customer complaints.",Retail Managers,"The Retail Managers Occupation Group includes managerial occupations specific to the day-to-day operations of a retail store. It includes shop floor supervisors, shift managers and department managers.",Sales,The Sales Career Area includes occupations specific to any transactions where money or value is exchanged for the ownership of a good or entitlement to a service.,2.0,Roles with formal training requirements of less than 2 years,False,False,False,,0.0
32151012,Retail Store Manager / Supervisor,"A Retail Store Manager or Supervisor manages a retail store, either an independent business or a store that is part of a large retail chain. Reviews and monitors merchandise sales, inventory and prices, and directs advertising and promotions. Supervises sales, warehouse, cleaning, maintenance and security staff and prepares work schedules. Responsible for resolving customer complaints.",Retail Managers,"The Retail Managers Occupation Group includes managerial occupations specific to the day-to-day operations of a retail store. It includes shop floor supervisors, shift managers and department managers.",Sales,The Sales Career Area includes occupations specific to any transactions where money or value is exchanged for the ownership of a good or entitlement to a service.,2.0,Roles with formal training requirements of less than 2 years,False,False,False,,0.0
32151013,Retail Store Manager / Supervisor,"A Retail Store Manager or Supervisor manages a retail store, either an independent business or a store that is part of a large retail chain. Reviews and monitors merchandise sales, inventory and prices, and directs advertising and promotions. Supervises sales, warehouse, cleaning, maintenance and security staff and prepares work schedules. Responsible for resolving customer complaints.",Retail Managers,"The Retail Managers Occupation Group includes managerial occupations specific to the day-to-day operations of a retail store. It includes shop floor supervisors, shift managers and department managers.",Sales,The Sales Career Area includes occupations specific to any transactions where money or value is exchanged for the ownership of a good or entitlement to a service.,2.0,Roles with formal training requirements of less than 2 years,False,False,False,,0.0
32151014,Retail Store Manager / Supervisor,"A Retail Store Manager or Supervisor manages a retail store, either an independent business or a store that is part of a large retail chain. Reviews and monitors merchandise sales, inventory and prices, and directs advertising and promotions. Supervises sales, warehouse, cleaning, maintenance and security staff and prepares work schedules. Responsible for resolving customer complaints.",Retail Managers,"The Retail Managers Occupation Group includes managerial occupations specific to the day-to-day operations of a retail store. It includes shop floor supervisors, shift managers and department managers.",Sales,The Sales Career Area includes occupations specific to any transactions where money or value is exchanged for the ownership of a good or entitlement to a service.,2.0,Roles with formal training requirements of less than 2 years,False,False,False,,0.0
32151015,Retail Store Manager / Supervisor,"A Retail Store Manager or Supervisor manages a retail store, either an independent business or a store that is part of a large retail chain. Reviews and monitors merchandise sales, inventory and prices, and directs advertising and promotions. Supervises sales, warehouse, cleaning, maintenance and security staff and prepares work schedules. Responsible for resolving customer complaints.",Retail Managers,"The Retail Managers Occupation Group includes managerial occupations specific to the day-to-day operations of a retail store. It includes shop floor supervisors, shift managers and department managers.",Sales,The Sales Career Area includes occupations specific to any transactions where money or value is exchanged for the ownership of a good or entitlement to a service.,2.0,Roles with formal training requirements of less than 2 years,False,False,False,,0.0
32151016,Retail Store Manager / Supervisor,"A Retail Store Manager or Supervisor manages a retail store, either an independent business or a store that is part of a large retail chain. Reviews and monitors merchandise sales, inventory and prices, and directs advertising and promotions. Supervises sales, warehouse, cleaning, maintenance and security staff and prepares work schedules. Responsible for resolving customer complaints.",Retail Managers,"The Retail Managers Occupation Group includes managerial occupations specific to the day-to-day operations of a retail store. It includes shop floor supervisors, shift managers and department managers.",Sales,The Sales Career Area includes occupations specific to any transactions where money or value is exchanged for the ownership of a good or entitlement to a service.,2.0,Roles with formal training requirements of less than 2 years,False,False,False,,0.0
32151017,Retail Store Manager / Supervisor,"A Retail Store Manager or Supervisor manages a retail store, either an independent business or a store that is part of a large retail chain. Reviews and monitors merchandise sales, inventory and prices, and directs advertising and promotions. Supervises sales, warehouse, cleaning, maintenance and security staff and prepares work schedules. Responsible for resolving customer complaints.",Retail Managers,"The Retail Managers Occupation Group includes managerial occupations specific to the day-to-day operations of a retail store. It includes shop floor supervisors, shift managers and department managers.",Sales,The Sales Career Area includes occupations specific to any transactions where money or value is exchanged for the ownership of a good or entitlement to a service.,2.0,Roles with formal training requirements of less than 2 years,False,False,False,,0.0
32151018,Retail Store Manager / Supervisor,"A Retail Store Manager or Supervisor manages a retail store, either an independent business or a store that is part of a large retail chain. Reviews and monitors merchandise sales, inventory and prices, and directs advertising and promotions. Supervises sales, warehouse, cleaning, maintenance and security staff and prepares work schedules. Responsible for resolving customer complaints.",Retail Managers,"The Retail Managers Occupation Group includes managerial occupations specific to the day-to-day operations of a retail store. It includes shop floor supervisors, shift managers and department managers.",Sales,The Sales Career Area includes occupations specific to any transactions where money or value is exchanged for the ownership of a good or entitlement to a service.,2.0,Roles with formal training requirements of less than 2 years,False,False,False,,0.0
32151019,Retail Store Manager / Supervisor,"A Retail Store Manager or Supervisor manages a retail store, either an independent business or a store that is part of a large retail chain. Reviews and monitors merchandise sales, inventory and prices, and directs advertising and promotions. Supervises sales, warehouse, cleaning, maintenance and security staff and prepares work schedules. Responsible for resolving customer complaints.",Retail Managers,"The Retail Managers Occupation Group includes managerial occupations specific to the day-to-day operations of a retail store. It includes shop floor supervisors, shift managers and department managers.",Sales,The Sales Career Area includes occupations specific to any transactions where money or value is exchanged for the ownership of a good or entitlement to a service.,2.0,Roles with formal training requirements of less than 2 years,False,False,False,,0.0
32151020,Retail Store Manager / Supervisor,"A Retail Store Manager or Supervisor manages a retail store, either an independent business or a store that is part of a large retail chain. Reviews and monitors merchandise sales, inventory and prices, and directs advertising and promotions. Supervises sales, warehouse, cleaning, maintenance and security staff and prepares work schedules. Responsible for resolving customer complaints.",Retail Managers,"The Retail Managers Occupation Group includes managerial occupations specific to the day-to-day operations of a retail store. It includes shop floor supervisors, shift managers and department managers.",Sales,The Sales Career Area includes occupations specific to any transactions where money or value is exchanged for the ownership of a good or entitlement to a service.,2.0,Roles with formal training requirements of less than 2 years,False,False,False,,0.0
32151021,Retail Store Manager / Supervisor,"A Retail Store Manager or Supervisor manages a retail store, either an independent business or a store that is part of a large retail chain. Reviews and monitors merchandise sales, inventory and prices, and directs advertising and promotions. Supervises sales, warehouse, cleaning, maintenance and security staff and prepares work schedules. Responsible for resolving customer complaints.",Retail Managers,"The Retail Managers Occupation Group includes managerial occupations specific to the day-to-day operations of a retail store. It includes shop floor supervisors, shift managers and department managers.",Sales,The Sales Career Area includes occupations specific to any transactions where money or value is exchanged for the ownership of a good or entitlement to a service.,2.0,Roles with formal training requirements of less than 2 years,False,False,False,,0.0
32161010,Cashier,"A Cashier handles monetary transactions with customers. Takes customer payment for a product or service, provides change as needed and receipts for transactions. Provides accurate accounting of cash register funds, and provides customer service.",Retail Sales and Service,"The Retail Sales and Service Occupation Group includes operational occupations that are responsible for the day-to-day workings of a retail outlet or store. It includes greeters, fuel pump attendants and store clerks.",Sales,The Sales Career Area includes occupations specific to any transactions where money or value is exchanged for the ownership of a good or entitlement to a service.,1.0,Roles with minimal training requirements,False,False,False,,0.0
32161421,Retail Sales Associate,"A Retail Sales Associate sells merchandise or products in a retail store. Provides information about store merchandise, assists customers with finding items and encourages sales.",Retail Sales and Service,"The Retail Sales and Service Occupation Group includes operational occupations that are responsible for the day-to-day workings of a retail outlet or store. It includes greeters, fuel pump attendants and store clerks.",Sales,The Sales Career Area includes occupations specific to any transactions where money or value is exchanged for the ownership of a good or entitlement to a service.,1.0,Roles with minimal training requirements,False,False,False,,0.0
32161012,Cashier,"A Cashier handles monetary transactions with customers. Takes customer payment for a product or service, provides change as needed and receipts for transactions. Provides accurate accounting of cash register funds, and provides customer service.",Retail Sales and Service,"The Retail Sales and Service Occupation Group includes operational occupations that are responsible for the day-to-day workings of a retail outlet or store. It includes greeters, fuel pump attendants and store clerks.",Sales,The Sales Career Area includes occupations specific to any transactions where money or value is exchanged for the ownership of a good or entitlement to a service.,1.0,Roles with minimal training requirements,False,False,False,,0.0
32161111,Rental Clerk,"A Rental Clerk staffs the counter at a business and handles requests for rentals, repairs or services. Assists customers with rental equipment, manages payments and paperwork for transactions and provides customer service.",Retail Sales and Service,"The Retail Sales and Service Occupation Group includes operational occupations that are responsible for the day-to-day workings of a retail outlet or store. It includes greeters, fuel pump attendants and store clerks.",Sales,The Sales Career Area includes occupations specific to any transactions where money or value is exchanged for the ownership of a good or entitlement to a service.,1.0,Roles with minimal training requirements,False,False,False,,0.0
36151511,Fuel Service Attendant,A Fuel Service Attendant operates machinery to control fuel lines at sites such as power plants and factories. Refuels motor vehicles at a gas station.,Transportation Operations,"The Transportation Operations Occupation Group includes occupations in operational transportation roles, such as air and marine traffic controllers, technicians, and support staff.",Transportation,"The Transportation Career Area includes occupations specific to transport of passengers or goods, via road, railway, air or marine/water transport.",1.0,Roles with minimal training requirements,False,False,False,,0.0
32161310,Parts Specialist / Salesperson,A Parts Specialist or Salesperson provides specialized assistance with parts for specific equipment or machinery. Assists customers with locating and buying parts needed to keep equipment or machines running properly.,Retail Sales and Service,"The Retail Sales and Service Occupation Group includes operational occupations that are responsible for the day-to-day workings of a retail outlet or store. It includes greeters, fuel pump attendants and store clerks.",Sales,The Sales Career Area includes occupations specific to any transactions where money or value is exchanged for the ownership of a good or entitlement to a service.,1.0,Roles with minimal training requirements,False,False,False,,0.0
32161311,Parts Specialist / Salesperson,A Parts Specialist or Salesperson provides specialized assistance with parts for specific equipment or machinery. Assists customers with locating and buying parts needed to keep equipment or machines running properly.,Retail Sales and Service,"The Retail Sales and Service Occupation Group includes operational occupations that are responsible for the day-to-day workings of a retail outlet or store. It includes greeters, fuel pump attendants and store clerks.",Sales,The Sales Career Area includes occupations specific to any transactions where money or value is exchanged for the ownership of a good or entitlement to a service.,1.0,Roles with minimal training requirements,False,False,False,,0.0
32161312,Parts Specialist / Salesperson,A Parts Specialist or Salesperson provides specialized assistance with parts for specific equipment or machinery. Assists customers with locating and buying parts needed to keep equipment or machines running properly.,Retail Sales and Service,"The Retail Sales and Service Occupation Group includes operational occupations that are responsible for the day-to-day workings of a retail outlet or store. It includes greeters, fuel pump attendants and store clerks.",Sales,The Sales Career Area includes occupations specific to any transactions where money or value is exchanged for the ownership of a good or entitlement to a service.,1.0,Roles with minimal training requirements,False,False,False,,0.0
32161313,Parts Specialist / Salesperson,A Parts Specialist or Salesperson provides specialized assistance with parts for specific equipment or machinery. Assists customers with locating and buying parts needed to keep equipment or machines running properly.,Retail Sales and Service,"The Retail Sales and Service Occupation Group includes operational occupations that are responsible for the day-to-day workings of a retail outlet or store. It includes greeters, fuel pump attendants and store clerks.",Sales,The Sales Career Area includes occupations specific to any transactions where money or value is exchanged for the ownership of a good or entitlement to a service.,1.0,Roles with minimal training requirements,False,False,False,,0.0
32161412,Retail Sales Associate,"A Retail Sales Associate sells merchandise or products in a retail store. Provides information about store merchandise, assists customers with finding items and encourages sales.",Retail Sales and Service,"The Retail Sales and Service Occupation Group includes operational occupations that are responsible for the day-to-day workings of a retail outlet or store. It includes greeters, fuel pump attendants and store clerks.",Sales,The Sales Career Area includes occupations specific to any transactions where money or value is exchanged for the ownership of a good or entitlement to a service.,1.0,Roles with minimal training requirements,False,False,False,,0.0
32161414,Retail Sales Associate,"A Retail Sales Associate sells merchandise or products in a retail store. Provides information about store merchandise, assists customers with finding items and encourages sales.",Retail Sales and Service,"The Retail Sales and Service Occupation Group includes operational occupations that are responsible for the day-to-day workings of a retail outlet or store. It includes greeters, fuel pump attendants and store clerks.",Sales,The Sales Career Area includes occupations specific to any transactions where money or value is exchanged for the ownership of a good or entitlement to a service.,1.0,Roles with minimal training requirements,False,False,False,,0.0
32161415,Retail Sales Associate,"A Retail Sales Associate sells merchandise or products in a retail store. Provides information about store merchandise, assists customers with finding items and encourages sales.",Retail Sales and Service,"The Retail Sales and Service Occupation Group includes operational occupations that are responsible for the day-to-day workings of a retail outlet or store. It includes greeters, fuel pump attendants and store clerks.",Sales,The Sales Career Area includes occupations specific to any transactions where money or value is exchanged for the ownership of a good or entitlement to a service.,1.0,Roles with minimal training requirements,False,False,False,,0.0
32161416,Retail Sales Associate,"A Retail Sales Associate sells merchandise or products in a retail store. Provides information about store merchandise, assists customers with finding items and encourages sales.",Retail Sales and Service,"The Retail Sales and Service Occupation Group includes operational occupations that are responsible for the day-to-day workings of a retail outlet or store. It includes greeters, fuel pump attendants and store clerks.",Sales,The Sales Career Area includes occupations specific to any transactions where money or value is exchanged for the ownership of a good or entitlement to a service.,1.0,Roles with minimal training requirements,False,False,False,,0.0
32161417,Retail Sales Associate,"A Retail Sales Associate sells merchandise or products in a retail store. Provides information about store merchandise, assists customers with finding items and encourages sales.",Retail Sales and Service,"The Retail Sales and Service Occupation Group includes operational occupations that are responsible for the day-to-day workings of a retail outlet or store. It includes greeters, fuel pump attendants and store clerks.",Sales,The Sales Career Area includes occupations specific to any transactions where money or value is exchanged for the ownership of a good or entitlement to a service.,1.0,Roles with minimal training requirements,False,False,False,,0.0
32161418,Retail Sales Associate,"A Retail Sales Associate sells merchandise or products in a retail store. Provides information about store merchandise, assists customers with finding items and encourages sales.",Retail Sales and Service,"The Retail Sales and Service Occupation Group includes operational occupations that are responsible for the day-to-day workings of a retail outlet or store. It includes greeters, fuel pump attendants and store clerks.",Sales,The Sales Career Area includes occupations specific to any transactions where money or value is exchanged for the ownership of a good or entitlement to a service.,1.0,Roles with minimal training requirements,False,False,False,,0.0
32161419,Retail Sales Associate,"A Retail Sales Associate sells merchandise or products in a retail store. Provides information about store merchandise, assists customers with finding items and encourages sales.",Retail Sales and Service,"The Retail Sales and Service Occupation Group includes operational occupations that are responsible for the day-to-day workings of a retail outlet or store. It includes greeters, fuel pump attendants and store clerks.",Sales,The Sales Career Area includes occupations specific to any transactions where money or value is exchanged for the ownership of a good or entitlement to a service.,1.0,Roles with minimal training requirements,False,False,False,,0.0
32161420,Retail Sales Associate,"A Retail Sales Associate sells merchandise or products in a retail store. Provides information about store merchandise, assists customers with finding items and encourages sales.",Retail Sales and Service,"The Retail Sales and Service Occupation Group includes operational occupations that are responsible for the day-to-day workings of a retail outlet or store. It includes greeters, fuel pump attendants and store clerks.",Sales,The Sales Career Area includes occupations specific to any transactions where money or value is exchanged for the ownership of a good or entitlement to a service.,1.0,Roles with minimal training requirements,False,False,False,,0.0
32171011,Business Development / Sales Manager,"A Business Development or Sales Manager plans and directs sale of products or services to customers. Coordinates sales distribution. Establishes sales territories, quotas and/or goals for staff, and provides training for sales representatives. Analyzes sales data to monitor customer preferences and develops strategies for increasing sales.",Sales Managers,The Sales Managers Occupation Group includes managerial occupations specific to sales. Roles include managers overseeing any transactions where money or value is exchanged for the ownership of a good or entitlement to a service.,Sales,The Sales Career Area includes occupations specific to any transactions where money or value is exchanged for the ownership of a good or entitlement to a service.,5.0,Advanced BA roles,False,False,False,,0.0
32171012,Business Development / Sales Manager,"A Business Development or Sales Manager plans and directs sale of products or services to customers. Coordinates sales distribution. Establishes sales territories, quotas and/or goals for staff, and provides training for sales representatives. Analyzes sales data to monitor customer preferences and develops strategies for increasing sales.",Sales Managers,The Sales Managers Occupation Group includes managerial occupations specific to sales. Roles include managers overseeing any transactions where money or value is exchanged for the ownership of a good or entitlement to a service.,Sales,The Sales Career Area includes occupations specific to any transactions where money or value is exchanged for the ownership of a good or entitlement to a service.,5.0,Advanced BA roles,False,False,False,,0.0
32171013,Business Development / Sales Manager,"A Business Development or Sales Manager plans and directs sale of products or services to customers. Coordinates sales distribution. Establishes sales territories, quotas and/or goals for staff, and provides training for sales representatives. Analyzes sales data to monitor customer preferences and develops strategies for increasing sales.",Sales Managers,The Sales Managers Occupation Group includes managerial occupations specific to sales. Roles include managers overseeing any transactions where money or value is exchanged for the ownership of a good or entitlement to a service.,Sales,The Sales Career Area includes occupations specific to any transactions where money or value is exchanged for the ownership of a good or entitlement to a service.,5.0,Advanced BA roles,False,False,False,,0.0
32171017,Business Development / Sales Manager,"A Business Development or Sales Manager plans and directs sale of products or services to customers. Coordinates sales distribution. Establishes sales territories, quotas and/or goals for staff, and provides training for sales representatives. Analyzes sales data to monitor customer preferences and develops strategies for increasing sales.",Sales Managers,The Sales Managers Occupation Group includes managerial occupations specific to sales. Roles include managers overseeing any transactions where money or value is exchanged for the ownership of a good or entitlement to a service.,Sales,The Sales Career Area includes occupations specific to any transactions where money or value is exchanged for the ownership of a good or entitlement to a service.,5.0,Advanced BA roles,False,False,False,,0.0
32171018,Business Development / Sales Manager,"A Business Development or Sales Manager plans and directs sale of products or services to customers. Coordinates sales distribution. Establishes sales territories, quotas and/or goals for staff, and provides training for sales representatives. Analyzes sales data to monitor customer preferences and develops strategies for increasing sales.",Sales Managers,The Sales Managers Occupation Group includes managerial occupations specific to sales. Roles include managers overseeing any transactions where money or value is exchanged for the ownership of a good or entitlement to a service.,Sales,The Sales Career Area includes occupations specific to any transactions where money or value is exchanged for the ownership of a good or entitlement to a service.,5.0,Advanced BA roles,False,False,False,,0.0
32171022,Business Development / Sales Manager,"A Business Development or Sales Manager plans and directs sale of products or services to customers. Coordinates sales distribution. Establishes sales territories, quotas and/or goals for staff, and provides training for sales representatives. Analyzes sales data to monitor customer preferences and develops strategies for increasing sales.",Sales Managers,The Sales Managers Occupation Group includes managerial occupations specific to sales. Roles include managers overseeing any transactions where money or value is exchanged for the ownership of a good or entitlement to a service.,Sales,The Sales Career Area includes occupations specific to any transactions where money or value is exchanged for the ownership of a good or entitlement to a service.,5.0,Advanced BA roles,False,False,False,,0.0
32171024,Business Development / Sales Manager,"A Business Development or Sales Manager plans and directs sale of products or services to customers. Coordinates sales distribution. Establishes sales territories, quotas and/or goals for staff, and provides training for sales representatives. Analyzes sales data to monitor customer preferences and develops strategies for increasing sales.",Sales Managers,The Sales Managers Occupation Group includes managerial occupations specific to sales. Roles include managers overseeing any transactions where money or value is exchanged for the ownership of a good or entitlement to a service.,Sales,The Sales Career Area includes occupations specific to any transactions where money or value is exchanged for the ownership of a good or entitlement to a service.,5.0,Advanced BA roles,False,False,False,,0.0
32171211,Sales Supervisor,"A Sales Supervisor supervises sales staff or the work of sales staff teams. Oversees sales employees in retail stores, call centers, businesses such as auto dealers, insurance, financial services or software companies. May travel to supervise sales teams working in different markets. Reviews sales reports and provides coaching on sales techniques.",Sales Managers,The Sales Managers Occupation Group includes managerial occupations specific to sales. Roles include managers overseeing any transactions where money or value is exchanged for the ownership of a good or entitlement to a service.,Sales,The Sales Career Area includes occupations specific to any transactions where money or value is exchanged for the ownership of a good or entitlement to a service.,3.0,Roles with 2 year specialized degree requirement or a mix of sub-BA and BA requirements,False,False,False,,0.0
32171213,Sales Supervisor,"A Sales Supervisor supervises sales staff or the work of sales staff teams. Oversees sales employees in retail stores, call centers, businesses such as auto dealers, insurance, financial services or software companies. May travel to supervise sales teams working in different markets. Reviews sales reports and provides coaching on sales techniques.",Sales Managers,The Sales Managers Occupation Group includes managerial occupations specific to sales. Roles include managers overseeing any transactions where money or value is exchanged for the ownership of a good or entitlement to a service.,Sales,The Sales Career Area includes occupations specific to any transactions where money or value is exchanged for the ownership of a good or entitlement to a service.,3.0,Roles with 2 year specialized degree requirement or a mix of sub-BA and BA requirements,False,False,False,,0.0
32181010,Medical / Pharmaceutical Sales Representative,"A Medical or Pharmaceutical Sales Representative sells medical products, medical equipment or pharmaceuticals to medical professionals, such as doctors and pharmacists or scientists, or to hospitals and clinics. Uses medical or scientific knowledge and terminology in sales work. Specializes in inside sales and contact customers primarily by phone, or travels to meet with customers, offer product demonstrations or present information sessions.",Technical Sales,"The Technical Sales Occupation Group includes occupations specific to selling technical or scientific products for an organization. It includes medical, pharmaceutical, software sales and sales engineering roles.",Sales,The Sales Career Area includes occupations specific to any transactions where money or value is exchanged for the ownership of a good or entitlement to a service.,4.0,Entry level BA roles,False,False,False,,0.0
32181013,Medical / Pharmaceutical Sales Representative,"A Medical or Pharmaceutical Sales Representative sells medical products, medical equipment or pharmaceuticals to medical professionals, such as doctors and pharmacists or scientists, or to hospitals and clinics. Uses medical or scientific knowledge and terminology in sales work. Specializes in inside sales and contact customers primarily by phone, or travels to meet with customers, offer product demonstrations or present information sessions.",Technical Sales,"The Technical Sales Occupation Group includes occupations specific to selling technical or scientific products for an organization. It includes medical, pharmaceutical, software sales and sales engineering roles.",Sales,The Sales Career Area includes occupations specific to any transactions where money or value is exchanged for the ownership of a good or entitlement to a service.,4.0,Entry level BA roles,False,False,False,,0.0
32181015,Medical / Pharmaceutical Sales Representative,"A Medical or Pharmaceutical Sales Representative sells medical products, medical equipment or pharmaceuticals to medical professionals, such as doctors and pharmacists or scientists, or to hospitals and clinics. Uses medical or scientific knowledge and terminology in sales work. Specializes in inside sales and contact customers primarily by phone, or travels to meet with customers, offer product demonstrations or present information sessions.",Technical Sales,"The Technical Sales Occupation Group includes occupations specific to selling technical or scientific products for an organization. It includes medical, pharmaceutical, software sales and sales engineering roles.",Sales,The Sales Career Area includes occupations specific to any transactions where money or value is exchanged for the ownership of a good or entitlement to a service.,4.0,Entry level BA roles,False,False,False,,0.0
32181124,Sales Engineer,"A Sales Engineer specializes in selling scientific or advanced technology products or services. Provides engineering expertise as part of a sales team. Offers technical demonstrations, identifies or modifies products to meet specific customer requirements and assists with solving technical problems after products are installed.",Technical Sales,"The Technical Sales Occupation Group includes occupations specific to selling technical or scientific products for an organization. It includes medical, pharmaceutical, software sales and sales engineering roles.",Sales,The Sales Career Area includes occupations specific to any transactions where money or value is exchanged for the ownership of a good or entitlement to a service.,5.0,Advanced BA roles,False,False,False,,0.0
32181212,Technical Sales Representative,"A Technical Sales Representative sells equipment for a company and provides specialized technical assistance for customers, including installation, training for users, maintenance and repairs. Travels within a sales district or region to meet with customers and maintain equipment.",Technical Sales,"The Technical Sales Occupation Group includes occupations specific to selling technical or scientific products for an organization. It includes medical, pharmaceutical, software sales and sales engineering roles.",Sales,The Sales Career Area includes occupations specific to any transactions where money or value is exchanged for the ownership of a good or entitlement to a service.,3.0,Roles with 2 year specialized degree requirement or a mix of sub-BA and BA requirements,False,False,False,,0.0
33101010,Biochemist / Biophysicist,"A Biochemist or Biophysicist studies the physical and chemical composition of cells and organisms and conducts research using advanced technologies. Studies the chemical interactions involved in biologic processes such as metabolism, reproduction, and growth, or the effect of drugs or hormones on cells, or conducts research to isolate, analyze or synthesize proteins, enzymes and other molecules.",Biological Science,"The Biological Science Occupation Group includes occupations in science or research with a particular focus on biology. This involves the study of life on Earth, whether it is an individual cell, a multicellular organism, or a community of interacting populations. It includes specific areas of focus, such as biochemistry, biophysics, and computational biology, as well as disciplines such as zoology, botany, or genetics.",Science and Research,"The Science and Research Career Area includes occupations specific to scientific research, in fields such as biology, chemistry, physical sciences and environmental science. It also includes health and medical research roles.",6.0,Graduate and professional roles,False,False,False,,0.0
33111111,Chemist,"A Chemist studies the chemical and physical properties of substances or materials, focusing in one of many specialized areas. May work to develop new products or chemical processes.",Chemical and Physical Science,"The Chemical and Physical Science Occupation Group includes occupations in science or research with a particular focus on chemistry or physics. It includes many specific chemist roles, as well as physicists, geophysicists, and astronomers.",Science and Research,"The Science and Research Career Area includes occupations specific to scientific research, in fields such as biology, chemistry, physical sciences and environmental science. It also includes health and medical research roles.",4.0,Entry level BA roles,False,False,False,,0.0
33121010,Environmental Planner / Scientist,"An Environmental Planner or Scientist uses training and background in natural sciences to study the environment and threats to the environment. Investigates environmental problems and advises on solutions. May focus on potential environmental health risks to people, such as unsafe drinking water, or on protecting the environment and ecosystems from human activity such as development and industrial pollution.",Environmental and Climate Science,The Environmental and Climate Science Occupation Group includes occupations in science or research with a particular focus on environmental science and the study of the weather and climate. It also includes geologists and hydrologists.,Science and Research,"The Science and Research Career Area includes occupations specific to scientific research, in fields such as biology, chemistry, physical sciences and environmental science. It also includes health and medical research roles.",4.0,Entry level BA roles,False,False,False,,0.0
33111510,Geologist,"A Geologist studies the materials and physical structure of the earth. Specializes in studying rocks, minerals and gems, or natural resources beneath the surface of the earth such as oil and gas. Collects field samples, studies areas for potential building or mining projects, and analyzes history of rock and fossil layers.",Chemical and Physical Science,"The Chemical and Physical Science Occupation Group includes occupations in science or research with a particular focus on chemistry or physics. It includes many specific chemist roles, as well as physicists, geophysicists, and astronomers.",Science and Research,"The Science and Research Career Area includes occupations specific to scientific research, in fields such as biology, chemistry, physical sciences and environmental science. It also includes health and medical research roles.",4.0,Entry level BA roles,False,False,False,,0.0
33131010,Archeologist,"An Archeologist finds and analyzes artifacts, such as tools, the remains of buildings or ships, or human skeletons, to learn about past human cultures and civilizations. Supervises careful excavation of artifacts at field sites, records and analyzes evidence. May manage or protect archeological sites, or assess building sites prior to the start of construction",General Research,"The General Research Occupation Group includes research occupations with non-specific focus, or multidisciplinary focus. It also includes social science researchers, historians, and archeologists.",Science and Research,"The Science and Research Career Area includes occupations specific to scientific research, in fields such as biology, chemistry, physical sciences and environmental science. It also includes health and medical research roles.",6.0,Graduate and professional roles,False,False,True,Gain admission to Masters or PhD degree program in Archeology or Anthropology. Must have Bachelors degree and field work experience to qualify.,72.0
33131113,Research and Development Manager,"A Research and Development Manager supervises research activities related to product development for a company. Supervises field research, surveys or clinical trials; may also supervise lab research. Coordinates and prioritizes research and data collection; organizes reports with findings.",General Research,"The General Research Occupation Group includes research occupations with non-specific focus, or multidisciplinary focus. It also includes social science researchers, historians, and archeologists.",Science and Research,"The Science and Research Career Area includes occupations specific to scientific research, in fields such as biology, chemistry, physical sciences and environmental science. It also includes health and medical research roles.",6.0,Graduate and professional roles,False,False,False,,0.0
33131114,Research and Development Manager,"A Research and Development Manager supervises research activities related to product development for a company. Supervises field research, surveys or clinical trials; may also supervise lab research. Coordinates and prioritizes research and data collection; organizes reports with findings.",General Research,"The General Research Occupation Group includes research occupations with non-specific focus, or multidisciplinary focus. It also includes social science researchers, historians, and archeologists.",Science and Research,"The Science and Research Career Area includes occupations specific to scientific research, in fields such as biology, chemistry, physical sciences and environmental science. It also includes health and medical research roles.",6.0,Graduate and professional roles,False,False,False,,0.0
33131211,Researcher / Research Associate,"A Researcher or Research Associate assists with a research program or project. Works in a variety of fields within science or the social sciences, in programs based at a university or research institution, or works on government or industry sponsored research projects. Conducts field or library research or recruits participants for a study; may also assist with legal research.",General Research,"The General Research Occupation Group includes research occupations with non-specific focus, or multidisciplinary focus. It also includes social science researchers, historians, and archeologists.",Science and Research,"The Science and Research Career Area includes occupations specific to scientific research, in fields such as biology, chemistry, physical sciences and environmental science. It also includes health and medical research roles.",6.0,Graduate and professional roles,False,False,False,,0.0
33131213,Researcher / Research Associate,"A Researcher or Research Associate assists with a research program or project. Works in a variety of fields within science or the social sciences, in programs based at a university or research institution, or works on government or industry sponsored research projects. Conducts field or library research or recruits participants for a study; may also assist with legal research.",General Research,"The General Research Occupation Group includes research occupations with non-specific focus, or multidisciplinary focus. It also includes social science researchers, historians, and archeologists.",Science and Research,"The Science and Research Career Area includes occupations specific to scientific research, in fields such as biology, chemistry, physical sciences and environmental science. It also includes health and medical research roles.",6.0,Graduate and professional roles,False,False,False,,0.0
33131214,Researcher / Research Associate,"A Researcher or Research Associate assists with a research program or project. Works in a variety of fields within science or the social sciences, in programs based at a university or research institution, or works on government or industry sponsored research projects. Conducts field or library research or recruits participants for a study; may also assist with legal research.",General Research,"The General Research Occupation Group includes research occupations with non-specific focus, or multidisciplinary focus. It also includes social science researchers, historians, and archeologists.",Science and Research,"The Science and Research Career Area includes occupations specific to scientific research, in fields such as biology, chemistry, physical sciences and environmental science. It also includes health and medical research roles.",6.0,Graduate and professional roles,False,False,False,,0.0
33131310,Social Science Researcher,"A Social Science Researcher carries out and facilitates social science research to better understand human behavior. Involves activities such as analysis of laboratory results, quality control, data management, and presentations of findings. May utilize statistic or other data analysis software such as SPSS, STATA or SAS.",General Research,"The General Research Occupation Group includes research occupations with non-specific focus, or multidisciplinary focus. It also includes social science researchers, historians, and archeologists.",Science and Research,"The Science and Research Career Area includes occupations specific to scientific research, in fields such as biology, chemistry, physical sciences and environmental science. It also includes health and medical research roles.",6.0,Graduate and professional roles,False,False,False,,0.0
33131311,Social Science Researcher,"A Social Science Researcher carries out and facilitates social science research to better understand human behavior. Involves activities such as analysis of laboratory results, quality control, data management, and presentations of findings. May utilize statistic or other data analysis software such as SPSS, STATA or SAS.",General Research,"The General Research Occupation Group includes research occupations with non-specific focus, or multidisciplinary focus. It also includes social science researchers, historians, and archeologists.",Science and Research,"The Science and Research Career Area includes occupations specific to scientific research, in fields such as biology, chemistry, physical sciences and environmental science. It also includes health and medical research roles.",6.0,Graduate and professional roles,False,False,False,,0.0
33141012,Clinical Research Coordinator,"A Clinical Research Coordinator directs clinical research and development projects for companies, and coordinates testing and quality control.",Health and Medical Research,"The Health and Medical Research Occupation Group includes occupations in medical science or clinical research. It includes epidemiologists, toxicologists, pharmacology researchers, along with drug formulation and drug safety roles.",Science and Research,"The Science and Research Career Area includes occupations specific to scientific research, in fields such as biology, chemistry, physical sciences and environmental science. It also includes health and medical research roles.",5.0,Advanced BA roles,False,False,False,,0.0
33141013,Clinical Research Coordinator,"A Clinical Research Coordinator directs clinical research and development projects for companies, and coordinates testing and quality control.",Health and Medical Research,"The Health and Medical Research Occupation Group includes occupations in medical science or clinical research. It includes epidemiologists, toxicologists, pharmacology researchers, along with drug formulation and drug safety roles.",Science and Research,"The Science and Research Career Area includes occupations specific to scientific research, in fields such as biology, chemistry, physical sciences and environmental science. It also includes health and medical research roles.",5.0,Advanced BA roles,False,False,False,,0.0
33141410,Clinical Research Manager,"A Clinical Research Manager is responsible for managing the day-to-day research operations of an organization undertaking clinical trials, usually pharmacological drug testing.",Health and Medical Research,"The Health and Medical Research Occupation Group includes occupations in medical science or clinical research. It includes epidemiologists, toxicologists, pharmacology researchers, along with drug formulation and drug safety roles.",Science and Research,"The Science and Research Career Area includes occupations specific to scientific research, in fields such as biology, chemistry, physical sciences and environmental science. It also includes health and medical research roles.",5.0,Advanced BA roles,False,False,False,,0.0
33141110,Epidemiologist,"An Epidemiologist collects information and investigates diseases, infections or other health problems that appear in a community. Analyzes data gathered from surveys, interviews, observations or samples, and reports findings. May direct studies of public health problems and advise on ways to prevent or treat problems or reduce risks.",Health and Medical Research,"The Health and Medical Research Occupation Group includes occupations in medical science or clinical research. It includes epidemiologists, toxicologists, pharmacology researchers, along with drug formulation and drug safety roles.",Science and Research,"The Science and Research Career Area includes occupations specific to scientific research, in fields such as biology, chemistry, physical sciences and environmental science. It also includes health and medical research roles.",6.0,Graduate and professional roles,False,False,False,,0.0
33141214,Medical Scientist,"A Medical Scientist conducts research with the goal of understanding diseases and improving human health. May study biology and causes of health problems, assess effectiveness of treatments or develop new pharmaceutical products. May direct clinical trials to gather data.",Health and Medical Research,"The Health and Medical Research Occupation Group includes occupations in medical science or clinical research. It includes epidemiologists, toxicologists, pharmacology researchers, along with drug formulation and drug safety roles.",Science and Research,"The Science and Research Career Area includes occupations specific to scientific research, in fields such as biology, chemistry, physical sciences and environmental science. It also includes health and medical research roles.",6.0,Graduate and professional roles,False,False,False,,0.0
33141215,Medical Scientist,"A Medical Scientist conducts research with the goal of understanding diseases and improving human health. May study biology and causes of health problems, assess effectiveness of treatments or develop new pharmaceutical products. May direct clinical trials to gather data.",Health and Medical Research,"The Health and Medical Research Occupation Group includes occupations in medical science or clinical research. It includes epidemiologists, toxicologists, pharmacology researchers, along with drug formulation and drug safety roles.",Science and Research,"The Science and Research Career Area includes occupations specific to scientific research, in fields such as biology, chemistry, physical sciences and environmental science. It also includes health and medical research roles.",6.0,Graduate and professional roles,False,False,False,,0.0
33141216,Medical Scientist,"A Medical Scientist conducts research with the goal of understanding diseases and improving human health. May study biology and causes of health problems, assess effectiveness of treatments or develop new pharmaceutical products. May direct clinical trials to gather data.",Health and Medical Research,"The Health and Medical Research Occupation Group includes occupations in medical science or clinical research. It includes epidemiologists, toxicologists, pharmacology researchers, along with drug formulation and drug safety roles.",Science and Research,"The Science and Research Career Area includes occupations specific to scientific research, in fields such as biology, chemistry, physical sciences and environmental science. It also includes health and medical research roles.",6.0,Graduate and professional roles,False,False,False,,0.0
33151210,Environmental Technician,"An Environmental Technician assists with testing and sampling or monitoring needed for environmental clean-up efforts or projects to mitigate environmental pollution. Assists environmental engineers or environmental scientists. Collects air, water or soil samples, operates field test equipment and conducts laboratory research. Coordinates work at sites with contaminated soil or water, or hazardous waste clean-up sites.",Scientific Technicians,The Scientific Technicians Occupation Group includes occupations involving working as a member of support staff in any science discipline.,Science and Research,"The Science and Research Career Area includes occupations specific to scientific research, in fields such as biology, chemistry, physical sciences and environmental science. It also includes health and medical research roles.",3.0,Roles with 2 year specialized degree requirement or a mix of sub-BA and BA requirements,False,False,False,,0.0
34131110,Policy Analyst,"A Policy Analyst provides expertise on government policy in a particular area. Gathers background information on issues and tracks legislative initiatives. Works with or advises elected officials, non-profit organizations on interest groups involved with the legislative process.",Policy Analysis,"The Policy Analysis Occupation Group includes occupations specific to the examination and evaluation of available options to implement a set of goals - Goals that include improvement in a public setting, such as health or education, but also fiscal goals or enactment of legislation. The process is also used in the administration of large organizations with complex policies.",Social Analysis and Planning,"The Social Analysis and Planning Career Area includes occupations in social analysis and research, policy analysis and urban/transportation planning.",6.0,Graduate and professional roles,False,False,False,,0.0
34131116,Policy Analyst,"A Policy Analyst provides expertise on government policy in a particular area. Gathers background information on issues and tracks legislative initiatives. Works with or advises elected officials, non-profit organizations on interest groups involved with the legislative process.",Policy Analysis,"The Policy Analysis Occupation Group includes occupations specific to the examination and evaluation of available options to implement a set of goals - Goals that include improvement in a public setting, such as health or education, but also fiscal goals or enactment of legislation. The process is also used in the administration of large organizations with complex policies.",Social Analysis and Planning,"The Social Analysis and Planning Career Area includes occupations in social analysis and research, policy analysis and urban/transportation planning.",6.0,Graduate and professional roles,False,False,False,,0.0
34141010,Economist,"An Economist studies the economy, develops theories and predictions about economic trends, and uses economic analysis to address issues affecting people, businesses and society. Follows a specific economic sector, industry or market, or studies monetary and fiscal policy, government policy or international economics.",Social Analysis,"The Social Analysis Occupation Group includes occupations in research with a particular focus on social sciences and economics. It includes security analysts, survey researchers and industrial organizational psychologists.",Social Analysis and Planning,"The Social Analysis and Planning Career Area includes occupations in social analysis and research, policy analysis and urban/transportation planning.",6.0,Graduate and professional roles,False,False,False,,0.0
34151010,Urban / Transportation Planner,"An Urban or Transportation Planner plans and designs projects that maintain or improve the quality of life in urban areas or regions. Addresses specific transportation, economic development, housing and environmental issues. Develops plans that address aesthetic as well as technical concerns. Identifies community goals and anticipates the future impact of development plans.",Urban / Transportation Planning,"The Urban / Transportation Planning Occupation Group includes occupations focused on the development and design of land use in the built environment, including air, water, and the infrastructure passing into and out of urban areas, such as transportation, communications, and distribution networks and their accessibility.",Social Analysis and Planning,"The Social Analysis and Planning Career Area includes occupations in social analysis and research, policy analysis and urban/transportation planning.",5.0,Advanced BA roles,False,False,False,,0.0
34151110,Director of Urban / Transportation Planning,"A Director of Urban / Transportation Planning is a senior-level position that oversees and directs all urban planning and transportation planning activities within a specified area. Responsibilities of this role can include policy development, public engagement, land use planning, budgeting and resource management, coordination of planning initiatives, and enhancing resident quality of life.",Urban / Transportation Planning,"The Urban / Transportation Planning Occupation Group includes occupations focused on the development and design of land use in the built environment, including air, water, and the infrastructure passing into and out of urban areas, such as transportation, communications, and distribution networks and their accessibility.",Social Analysis and Planning,"The Social Analysis and Planning Career Area includes occupations in social analysis and research, policy analysis and urban/transportation planning.",5.0,Advanced BA roles,False,True,False,,0.0
34151013,Urban / Transportation Planner,"An Urban or Transportation Planner plans and designs projects that maintain or improve the quality of life in urban areas or regions. Addresses specific transportation, economic development, housing and environmental issues. Develops plans that address aesthetic as well as technical concerns. Identifies community goals and anticipates the future impact of development plans.",Urban / Transportation Planning,"The Urban / Transportation Planning Occupation Group includes occupations focused on the development and design of land use in the built environment, including air, water, and the infrastructure passing into and out of urban areas, such as transportation, communications, and distribution networks and their accessibility.",Social Analysis and Planning,"The Social Analysis and Planning Career Area includes occupations in social analysis and research, policy analysis and urban/transportation planning.",5.0,Advanced BA roles,False,False,False,,0.0
34151014,Urban / Transportation Planner,"An Urban or Transportation Planner plans and designs projects that maintain or improve the quality of life in urban areas or regions. Addresses specific transportation, economic development, housing and environmental issues. Develops plans that address aesthetic as well as technical concerns. Identifies community goals and anticipates the future impact of development plans.",Urban / Transportation Planning,"The Urban / Transportation Planning Occupation Group includes occupations focused on the development and design of land use in the built environment, including air, water, and the infrastructure passing into and out of urban areas, such as transportation, communications, and distribution networks and their accessibility.",Social Analysis and Planning,"The Social Analysis and Planning Career Area includes occupations in social analysis and research, policy analysis and urban/transportation planning.",5.0,Advanced BA roles,False,False,False,,0.0
34151018,Urban / Transportation Planner,"An Urban or Transportation Planner plans and designs projects that maintain or improve the quality of life in urban areas or regions. Addresses specific transportation, economic development, housing and environmental issues. Develops plans that address aesthetic as well as technical concerns. Identifies community goals and anticipates the future impact of development plans.",Urban / Transportation Planning,"The Urban / Transportation Planning Occupation Group includes occupations focused on the development and design of land use in the built environment, including air, water, and the infrastructure passing into and out of urban areas, such as transportation, communications, and distribution networks and their accessibility.",Social Analysis and Planning,"The Social Analysis and Planning Career Area includes occupations in social analysis and research, policy analysis and urban/transportation planning.",5.0,Advanced BA roles,False,False,False,,0.0
36101110,Pilot,"A Pilot operates and navigates a commercial, private, or military aircraft or helicopter",Air Transportation,The Air Transportation Occupation Group includes all occupations specific to flying and inspecting aircraft.,Transportation,"The Transportation Career Area includes occupations specific to transport of passengers or goods, via road, railway, air or marine/water transport.",3.0,Roles with 2 year specialized degree requirement or a mix of sub-BA and BA requirements,True,True,True,"Complete an FAA approved flight training or military training, gain an FAA commercial pilot's license.",36.0
36111010,Courier / Messenger,"A Courier or Messenger provides fast delivery of documents and packages to locations within a city, or provides customized long distance or international deliveries. Makes deliveries traveling by bicycle, van, truck, or plane.",Delivery Drivers and Messengers,"The Delivery Drivers and Messengers Occupation Group includes all occupations specific to delivering messages, goods and food. It includes motorized and non-motorized drivers (i.e. cycle couriers). It includes light truck and van drivers.",Transportation,"The Transportation Career Area includes occupations specific to transport of passengers or goods, via road, railway, air or marine/water transport.",1.0,Roles with minimal training requirements,False,False,False,,0.0
36111110,Delivery Person,"A Delivery Person operates a food or goods delivery service using their own vehicle. They are self-employed as part of the ""gig economy"".",Delivery Drivers and Messengers,"The Delivery Drivers and Messengers Occupation Group includes all occupations specific to delivering messages, goods and food. It includes motorized and non-motorized drivers (i.e. cycle couriers). It includes light truck and van drivers.",Transportation,"The Transportation Career Area includes occupations specific to transport of passengers or goods, via road, railway, air or marine/water transport.",1.0,Roles with minimal training requirements,False,False,False,,0.0
36111210,Light Truck Delivery Driver,A Light Truck Delivery Driver drives a car or truck to make local customer deliveries for a business.,Delivery Drivers and Messengers,"The Delivery Drivers and Messengers Occupation Group includes all occupations specific to delivering messages, goods and food. It includes motorized and non-motorized drivers (i.e. cycle couriers). It includes light truck and van drivers.",Transportation,"The Transportation Career Area includes occupations specific to transport of passengers or goods, via road, railway, air or marine/water transport.",1.0,Roles with minimal training requirements,False,False,False,,0.0
36111318,Sales Delivery Driver,"A Sales Delivery Driver drives a truck or other vehicle over established routes or within an established territory and sells or delivers goods, such as food products, including restaurant take-out items, or picks up or delivers items such as commercial laundry. May also take orders, collect payment, or stock merchandise at point of delivery. Includes newspaper delivery drivers.",Delivery Drivers and Messengers,"The Delivery Drivers and Messengers Occupation Group includes all occupations specific to delivering messages, goods and food. It includes motorized and non-motorized drivers (i.e. cycle couriers). It includes light truck and van drivers.",Transportation,"The Transportation Career Area includes occupations specific to transport of passengers or goods, via road, railway, air or marine/water transport.",1.0,Roles with minimal training requirements,False,False,False,,0.0
36141310,Van / Taxi / Shuttle Driver,"A Van, Taxi, Shuttle Driver drives vehicles to transport small groups of passengers, or provides paying customers with transportation to a specific location. May transport passengers between a small number of predetermined locations, such as a hotel shuttle that provides patrons with rides to the airport.",Taxi Drivers and Valet Workers,The Taxi Drivers and Valet Workers Occupation Group includes occupations specific to motorized passenger transport in cars or shuttles. It also includes chauffeurs and parking valets.,Transportation,"The Transportation Career Area includes occupations specific to transport of passengers or goods, via road, railway, air or marine/water transport.",1.0,Roles with minimal training requirements,False,False,False,,0.0
36151210,Traffic Technician,"A Traffic Technician conducts field studies to determine traffic volume, speed, effectiveness of signals, adequacy of lighting, and other factors influencing traffic conditions, under direction of traffic engineer.",Transportation Operations,"The Transportation Operations Occupation Group includes occupations in operational transportation roles, such as air and marine traffic controllers, technicians, and support staff.",Transportation,"The Transportation Career Area includes occupations specific to transport of passengers or goods, via road, railway, air or marine/water transport.",2.0,Roles with formal training requirements of less than 2 years,False,False,True,Complete Associates degree program in Engineering Technology,24.0
36161110,Tractor-Trailer Truck Driver,"A Tractor-Trailer Truck Driver drives large trucks used to transport cargo, often across long distances.",Truck and Bus Drivers,"The Truck and Bus Drivers Occupation Group includes drivers of large or heavy trucks, tankers, dump trucks and flatbed trucks. It also includes bus and coach drivers.",Transportation,"The Transportation Career Area includes occupations specific to transport of passengers or goods, via road, railway, air or marine/water transport.",2.0,Roles with formal training requirements of less than 2 years,True,False,True,Complete truck driving training program and obtain Commercial Drivers License (CDL).,3.0
36161112,Tractor-Trailer Truck Driver,"A Tractor-Trailer Truck Driver drives large trucks used to transport cargo, often across long distances.",Truck and Bus Drivers,"The Truck and Bus Drivers Occupation Group includes drivers of large or heavy trucks, tankers, dump trucks and flatbed trucks. It also includes bus and coach drivers.",Transportation,"The Transportation Career Area includes occupations specific to transport of passengers or goods, via road, railway, air or marine/water transport.",2.0,Roles with formal training requirements of less than 2 years,True,False,True,Complete truck driving training program and obtain Commercial Drivers License (CDL).,3.0
36161117,Tractor-Trailer Truck Driver,"A Tractor-Trailer Truck Driver drives large trucks used to transport cargo, often across long distances.",Truck and Bus Drivers,"The Truck and Bus Drivers Occupation Group includes drivers of large or heavy trucks, tankers, dump trucks and flatbed trucks. It also includes bus and coach drivers.",Transportation,"The Transportation Career Area includes occupations specific to transport of passengers or goods, via road, railway, air or marine/water transport.",2.0,Roles with formal training requirements of less than 2 years,True,False,True,Complete truck driving training program and obtain Commercial Drivers License (CDL).,3.0
36161120,Tractor-Trailer Truck Driver,"A Tractor-Trailer Truck Driver drives large trucks used to transport cargo, often across long distances.",Truck and Bus Drivers,"The Truck and Bus Drivers Occupation Group includes drivers of large or heavy trucks, tankers, dump trucks and flatbed trucks. It also includes bus and coach drivers.",Transportation,"The Transportation Career Area includes occupations specific to transport of passengers or goods, via road, railway, air or marine/water transport.",2.0,Roles with formal training requirements of less than 2 years,True,False,True,Complete truck driving training program and obtain Commercial Drivers License (CDL).,3.0
36161124,Tractor-Trailer Truck Driver,"A Tractor-Trailer Truck Driver drives large trucks used to transport cargo, often across long distances.",Truck and Bus Drivers,"The Truck and Bus Drivers Occupation Group includes drivers of large or heavy trucks, tankers, dump trucks and flatbed trucks. It also includes bus and coach drivers.",Transportation,"The Transportation Career Area includes occupations specific to transport of passengers or goods, via road, railway, air or marine/water transport.",2.0,Roles with formal training requirements of less than 2 years,True,False,True,Complete truck driving training program and obtain Commercial Drivers License (CDL).,3.0
36161126,Tractor-Trailer Truck Driver,"A Tractor-Trailer Truck Driver drives large trucks used to transport cargo, often across long distances.",Truck and Bus Drivers,"The Truck and Bus Drivers Occupation Group includes drivers of large or heavy trucks, tankers, dump trucks and flatbed trucks. It also includes bus and coach drivers.",Transportation,"The Transportation Career Area includes occupations specific to transport of passengers or goods, via road, railway, air or marine/water transport.",2.0,Roles with formal training requirements of less than 2 years,True,False,True,Complete truck driving training program and obtain Commercial Drivers License (CDL).,3.0
22101312,Talent Acquisition / Recruiting Manager,A Talent Acquisition or Recruiting Manager manages human resources work for a business or organization and specializes in implementing recruiting and hiring strategies. Develops plans for internal recruiting and works with managers to identify hiring needs and internal referrals. Develops comprehensive external recruiting strategies that market employment opportunities at a company. Develops new strategies to retain qualified staff.,Human Resources Managers,The Human Resources Managers Occupation Group includes managerial occupations specific to the effective and efficient recruitment and management of people in a company or organization such that employee performance is maximized in service of an employer's strategic objectives.,Human Resources,The Human Resources Career Area includes occupations specific to the effective and efficient recruitment and management of people in a company or organization such that employee performance is maximized in service of an employer's strategic objectives. It includes payroll and benefits roles.,5.0,Advanced BA roles,False,False,False,,
11151410,Laborer,"A laborer is a worker who performs physical tasks and manual labor as part of their job. They are employed in a variety of industries from Warehousing to Manufacturing. Responsibilities can include assisting with shipping and receiving operations, moving equipment, and organizing inventory.",Laborers and Warehouse Workers,"The Laborers and Warehouse Workers Occupation Group includes operational roles in material storage, moving, packaging and recycling or sanitation.",Business Management and Operations,"The Business Management and Operations Career Area includes occupations specific to the administration of an organization, such as a business, a non-profit organization, or a government body. It also includes roles responsible for managing resources of the business, along with planning and running the logistics required to run the organization.",1.0,Roles with minimal training requirements,False,False,False,,
11191710,Business Change Manager,"A Business Change Manager designs and implements strategies that facilitate smooth transition during organizational changes within workplaces. Responsibilities include identifying risks of change, developing training plans, monitoring progresses and implementing improvements to change plans.They may work with key stakeholders and project managers to ensure changes align with corporate strategic objectives.",Operations Managers,The Operations Managers Occupation Group includes roles specific to the planning and execution of the routine functions and activities of an organization.,Business Management and Operations,"The Business Management and Operations Career Area includes occupations specific to the administration of an organization, such as a business, a non-profit organization, or a government body. It also includes roles responsible for managing resources of the business, along with planning and running the logistics required to run the organization.",5.0,Advanced BA roles,False,False,False,,48.0
16101410,Drone Pilot,"A Drone Pilot operates and maintains a drone. They perform a variety of duties with drones including flying them, aerial photography, and aerial videography. May work with government organizations, real estate professionals, surveyors, environmental scientists, and media production companies.",Media Production Technicians,"The Media Production Technicians Occupation Group includes the technical occupations involved in lighting, cameras, sound, and other aspects of broadcasting.","Design, Media, and Writing","The Design, Media, and Writing Career Area includes occupations involved in the creative process of design in art, communication, and broadcasting. It includes visual art and design, product designers, writers and journalists.",2.0,Roles with minimal training requirements,True,False,False,,
23112010,Artificial Intelligence Engineer,"An Artificial Intelligence Engineer develops, tests, and deploys artificial intelligence models. May work closely with data software engineers and data professionals to train and implement AI models into existing systems or develop new applications.",Data Analysis and Mathematics,"The Data Analysis and Mathematics Occupation Group includes occupations centered on the disciplines of statistics and mathematics, such as actuaries, data scientists and biostatisticians.",Information Technology and Computer Science,"The Information Technology and Computer Science Career Area includes occupations involved with the development, implementation, support, and management of computers and information systems - Both hardware and software. It also includes roles specific to the development and testing of software and software systems, working with mathematical models, data analysis and security, algorithms, and computational theory.",5.0,Advanced BA roles,False,False,False,,
23112012,Artificial Intelligence Engineer,"An Artificial Intelligence Engineer develops, tests, and deploys artificial intelligence models. May work closely with data software engineers and data professionals to train and implement AI models into existing systems or develop new applications.",Data Analysis and Mathematics,"The Data Analysis and Mathematics Occupation Group includes occupations centered on the disciplines of statistics and mathematics, such as actuaries, data scientists and biostatisticians.",Information Technology and Computer Science,"The Information Technology and Computer Science Career Area includes occupations involved with the development, implementation, support, and management of computers and information systems - Both hardware and software. It also includes roles specific to the development and testing of software and software systems, working with mathematical models, data analysis and security, algorithms, and computational theory.",6.0,Graduate and professional roles,False,False,False,,
23112013,Artificial Intelligence Engineer,"An Artificial Intelligence Engineer develops, tests, and deploys artificial intelligence models. May work closely with data software engineers and data professionals to train and implement AI models into existing systems or develop new applications.",Data Analysis and Mathematics,"The Data Analysis and Mathematics Occupation Group includes occupations centered on the disciplines of statistics and mathematics, such as actuaries, data scientists and biostatisticians.",Information Technology and Computer Science,"The Information Technology and Computer Science Career Area includes occupations involved with the development, implementation, support, and management of computers and information systems - Both hardware and software. It also includes roles specific to the development and testing of software and software systems, working with mathematical models, data analysis and security, algorithms, and computational theory.",5.0,Advanced BA roles,False,False,False,,
23112014,Artificial Intelligence Engineer,"An Artificial Intelligence Engineer develops, tests, and deploys artificial intelligence models. May work closely with data software engineers and data professionals to train and implement AI models into existing systems or develop new applications.",Data Analysis and Mathematics,"The Data Analysis and Mathematics Occupation Group includes occupations centered on the disciplines of statistics and mathematics, such as actuaries, data scientists and biostatisticians.",Information Technology and Computer Science,"The Information Technology and Computer Science Career Area includes occupations involved with the development, implementation, support, and management of computers and information systems - Both hardware and software. It also includes roles specific to the development and testing of software and software systems, working with mathematical models, data analysis and security, algorithms, and computational theory.",6.0,Graduate and professional roles,False,False,False,,
31151111,Beautician,"A Beautician specializes in skin care and provides treatments to clients to improve the look and health of facial skin. Provides facial massages, applies special skin care products and attends to facial hair or eyebrows. Works in salons or spas or for personal clients.",Stylists and Cosmetologists,"The Stylists and Cosmetologists Occupation Group includes occupations involved in the application of beauty treatment. Roles may include hairstyling, skin care, cosmetics, manicures/pedicures, non-permanent and permanent hair removal.",Personal Services,"The Personal Services Career Area includes a wide range of occupations in the provision of services to the public. It encompasses funeral, hair and beauty, laundrette, and animal care services",2.0,Roles with formal training requirements of less than 2 years,True,False,True,Complete an accredited Esthetician vocational training program.,6.0
23151121,Cyber / Information Security Engineer / Analyst,"A Cyber or Information Security Engineer or Analyst designs systems that protect the security of large databases, including databases with customer information and patient files. Examines client computer systems, identifies weak points in security, develops and implements new systems, monitors and responds to security issues.",Network and Systems Engineering,"The Network and Systems Engineering Occupation Group includes occupations specific to the design, development and architecture of computer systems and networks, telecommunication systems and cyber security systems.",Information Technology and Computer Science,"The Information Technology and Computer Science Career Area includes occupations involved with the development, implementation, support, and management of computers and information systems - Both hardware and software. It also includes roles specific to the development and testing of software and software systems, working with mathematical models, data analysis and security, algorithms, and computational theory.",3.0,Entry level BA roles,False,True,True,,48.0
23151019,Computer Systems Engineer / Architect,"A Computer Systems Engineer or Architect creates computer and data communication networks for companies and organizations. Plans and designs layout for a network, determines the hardware needed and placement of computers, servers, cables and routers; determines data storage and system capacity, speed and software needed for a system.",Network and Systems Engineering,"The Network and Systems Engineering Occupation Group includes occupations specific to the design, development and architecture of computer systems and networks, telecommunication systems and cyber security systems.",Information Technology and Computer Science,"The Information Technology and Computer Science Career Area includes occupations involved with the development, implementation, support, and management of computers and information systems - Both hardware and software. It also includes roles specific to the development and testing of software and software systems, working with mathematical models, data analysis and security, algorithms, and computational theory.",5.0,Advanced BA roles,False,False,False,,
23151020,Computer Systems Engineer / Architect,"A Computer Systems Engineer or Architect creates computer and data communication networks for companies and organizations. Plans and designs layout for a network, determines the hardware needed and placement of computers, servers, cables and routers; determines data storage and system capacity, speed and software needed for a system.",Network and Systems Engineering,"The Network and Systems Engineering Occupation Group includes occupations specific to the design, development and architecture of computer systems and networks, telecommunication systems and cyber security systems.",Information Technology and Computer Science,"The Information Technology and Computer Science Career Area includes occupations involved with the development, implementation, support, and management of computers and information systems - Both hardware and software. It also includes roles specific to the development and testing of software and software systems, working with mathematical models, data analysis and security, algorithms, and computational theory.",5.0,Advanced BA roles,False,False,False,,
23151021,Computer Systems Engineer / Architect,"A Computer Systems Engineer or Architect creates computer and data communication networks for companies and organizations. Plans and designs layout for a network, determines the hardware needed and placement of computers, servers, cables and routers; determines data storage and system capacity, speed and software needed for a system.",Network and Systems Engineering,"The Network and Systems Engineering Occupation Group includes occupations specific to the design, development and architecture of computer systems and networks, telecommunication systems and cyber security systems.",Information Technology and Computer Science,"The Information Technology and Computer Science Career Area includes occupations involved with the development, implementation, support, and management of computers and information systems - Both hardware and software. It also includes roles specific to the development and testing of software and software systems, working with mathematical models, data analysis and security, algorithms, and computational theory.",5.0,Advanced BA roles,False,False,False,,
18151712,Power Systems Engineer,"A Power Systems Engineer specializes in the generation, transmission, and distribution of electrical power. They work in the field of electrical engineering but with a specific emphasis on large-scale power systems that provide electricity to homes, businesses, industries, and infrastructure.","Electrical, Electronic, and Related Engineering","The Electrical, Electronic, and Related Engineering Occupation Group includes engineering and technician occupations specific to electrical engineering (the production and distribution of electricity to people and places) and electronic engineering (working with circuitry in computers, mobile phones, and other modern technologies).",Engineering,"The Engineering Career Area includes occupations involved in the application of science and mathematics to the design, production and maintenance of complex products, including physical structures along with mechanical, chemical, electrical and electronic products.",5.0,Advanced BA roles,False,False,True,Gain admission to Bachelors degree program in Electrical Engineering.,48.0
19101710,Director of Accounting,"A Director of Accounting oversees all financial operations of a company or organization. They manage accounting staff, oversee financial reporting, and develop and implement accounting policies and ensure compliance with tax and accounting regulations.",Accounting Professionals,"The Accounting Professionals Occupation Group includes occupations specific to accounting functions such as account analysis, auditing, tax analysis or financial statement analysis.",Finance,"The Finance Career Area includes occupations involved in the management, creation, and study of money and investments. It also includes insurance and financial regulatory occupations.",5.0,Advanced BA roles,False,False,False,,
19131715,Risk Analyst,A Risk Analyst evaluates risk and recommends or implements strategies to mitigate or offset risks that could result in financial losses for a company or organization. Analyzes or manages risk in investments or business operations and finance; may analyze credit risks or regulatory risks.,Financial Analysis,"The Financial Analysis Occupation Group includes all occupations specific to analysis of investments, budgets, credit, pricing and risk - It also includes insurance underwriters.",Finance,"The Finance Career Area includes occupations involved in the management, creation, and study of money and investments. It also includes insurance and financial regulatory occupations.",5.0,Advanced BA roles,False,False,True,,
19131716,Risk Analyst,A Risk Analyst evaluates risk and recommends or implements strategies to mitigate or offset risks that could result in financial losses for a company or organization. Analyzes or manages risk in investments or business operations and finance; may analyze credit risks or regulatory risks.,Financial Analysis,"The Financial Analysis Occupation Group includes all occupations specific to analysis of investments, budgets, credit, pricing and risk - It also includes insurance underwriters.",Finance,"The Finance Career Area includes occupations involved in the management, creation, and study of money and investments. It also includes insurance and financial regulatory occupations.",5.0,Advanced BA roles,False,False,False,,
20171812,Radiologic Technician / Technologist,"A Radiologic Technician or Technologist operates X Ray, MRI (Magnetic Resonance Imaging) or CT (Computed Tomography) scan equipment to take diagnostic images of a patient. Works with doctors to obtain specific images necessary for medical diagnosis.",Diagnostic Technologists and Technicians,"The Diagnostic Technologists and Technicians Occupation Group includes occupations specific to the use of diagnostic medical equipment and supplies, which measure and observe various aspects of a patient's health to help physicians in forming a diagnosis.",Healthcare,"The Healthcare Career Area includes occupations specific to the maintenance or improvement of health via the prevention, diagnosis, treatment, amelioration, or cure of disease, illness, injury, and other physical and mental impairments in individuals or communities. It also includes veterinarians.",3.0,Roles with 2 year specialized degree requirement or a mix of sub-BA and BA requirements,True,True,True,Gain admission to Associates or Bachelors degree program in Radiological Technology; complete additional MRI Technology or CT Technology certificate training.,24.0
25112110,Field Service Engineer,"A Field Service Engineer is responsible for installing, maintaining, repairing, and providing technical support for equipment or machinery at customer sites. They typically work directly with customers, troubleshooting problems, performing repairs, and ensuring that the equipment operates efficiently. They may work across various industries, such as telecommunications, manufacturing, healthcare, or IT, depending on the nature of the equipment they specialize in.",Maintenance and Repair,"The Maintenance and Repair Occupation Group includes technician and mechanic occupations specific to maintenance and repair of mechanical systems in an industrial or domestic setting. Roles also include handyperson, meter reader and precision instrument repairer.","Maintenance, Repair, and Installation","The Maintenance, Repair, and Installation Career Area includes occupations responsible for the installation and upkeep of mechanical systems, utilities, domestic appliances and systems, vehicles and buildings. It includes technicians, some engineers, and service managers.",5.0,Advanced BA roles,False,False,True,Gain admission to Bachelors degree program in Civil Engineering.,48.0
32171028,Business Development / Sales Manager,"A Business Development or Sales Manager plans and directs sale of products or services to customers. Coordinates sales distribution. Establishes sales territories, quotas and/or goals for staff, and provides training for sales representatives. Analyzes sales data to monitor customer preferences and develops strategies for increasing sales.",Sales Managers,The Sales Managers Occupation Group includes managerial occupations specific to sales. Roles include managers overseeing any transactions where money or value is exchanged for the ownership of a good or entitlement to a service.,Sales,The Sales Career Area includes occupations specific to any transactions where money or value is exchanged for the ownership of a good or entitlement to a service.,5.0,Advanced BA roles,False,False,False,,
32171029,Business Development / Sales Manager,"A Business Development or Sales Manager plans and directs sale of products or services to customers. Coordinates sales distribution. Establishes sales territories, quotas and/or goals for staff, and provides training for sales representatives. Analyzes sales data to monitor customer preferences and develops strategies for increasing sales.",Sales Managers,The Sales Managers Occupation Group includes managerial occupations specific to sales. Roles include managers overseeing any transactions where money or value is exchanged for the ownership of a good or entitlement to a service.,Sales,The Sales Career Area includes occupations specific to any transactions where money or value is exchanged for the ownership of a good or entitlement to a service.,5.0,Advanced BA roles,False,False,False,,
18151810,Verification Engineer,"A Verification Engineer is responsible for ensuring that a product meets its specifications and requirements. Designs methods to test products, identify bugs in software products, and communicates with cross-functional teams, ensuring product development procedures and outcomes meets regulations. Primary objective is to verify that the system functions correctly and reliably according to its design and intended purpose.","Electrical, Electronic, and Related Engineering","The Electrical, Electronic, and Related Engineering Occupation Group includes engineering and technician occupations specific to electrical engineering (the production and distribution of electricity to people and places) and electronic engineering (working with circuitry in computers, mobile phones, and other modern technologies).",Engineering,"The Engineering Career Area includes occupations involved in the application of science and mathematics to the design, production and maintenance of complex products, including physical structures along with mechanical, chemical, electrical and electronic products.",5.0,Advanced BA roles,False,False,True,,
