ID,skill_1,skill_2,skill_3,skill_4,skill_5,occ_1,occ_2,occ_3,occ_4,occ_5
5IZ31YRUJOQW,KS124986R0H6NGX3SQP3,KS7G747655VG23WXMS9B,KS122VT6S2JJ5C5D80NF,KS1218W78FGVPVP2KXPX,KS441LY691MT0N689MWR,23131115,17141810,23131110,23131116,17111410
81N0GJOF9USK,KS125TB6YR6236RKM563,KS120VB76P5WB69FVNRT,KS1224W5XSXCJBNSLLVX,KS122C06Z8NDM5G6NYNT,ESE8E6C89348587B4CCC,23171710,27111320,27111318,23171521,23171524
WZ940VTKRRVW,BGSE476BBD58CB30AD6D,ES5F80D4A3BDF9BB9069,KS1218B5WWXNDNQTN9MP,KS1223966G4Q22CCCYC6,KS1246V69FLYLLNXWSFT,19111012,36161117,19111011,36161112,36161120
DB2UUIJNWPAY,KS12403769SV21756FDY,BGSE06CE24B89ABF0441,KS121DY6DT8LNYJL7FZ1,KS1287R64YNBZGR50Y1N,KS1217R6SMDJ0WQHN6LK,25111610,25111110,23171528,25111310,23171710
AYXAR6YO6Z1T,KS1261X77TRV7K8RYLL8,ES9262EB46A460722CB4,KS1217R6SMDJ0WQHN6LK,KS440PX70147DD63BTWM,ESEB1D4619E6E83A061D,18191516,18191515,18191517,13141111,13141012
OT8HLJEFY3ZB,KS127CS79GV081FMJYKZ,KS122NY60HCYYDXHQGQN,KS120WT63K4HC6NX7QXV,KS122NR6NY1KB0TD40G4,ES3C8650B6A0820DAFF4,19161111,19121011,19161012,19121711,11191413
VTH4OQSRLDHH,KS1219570C4LCP9ND4FH,KS1237Q641KJ70G6JZ8C,KS440Z1754M82K9VYJFV,KS1217R6SMDJ0WQHN6LK,KS441K2756CXYXBG990G,21161310,21161211,20341221,20311910,21161210
UMH9NKLYBWGM,ES6204EEE269AF03D4C4,ES4E3148857AA502599E,KS441K2756CXYXBG990G,KS126CM78T30RTP4PBYM,KS7G09N768FLPTYZWXWV,15111013,23161012,32121312,23161015,23161016
2YF7QTZ1RUY5,KS681V963XLFV9712PMG,ESA4E1398D144871DB68,KSQPGV2XZO8UMNCC49LK,KS127W26ZXHHV5G8M4HQ,KS120HK5XY6JV257QLTX,32161313,32161010,32121010,32161416,32121312
L8QQZYEKV2DY,KS121056X529461ZF6XW,KS1258B6FBG9B2CQ169N,KS1218W78FGVPVP2KXPX,KS7G2F36GFX1K55V6GK4,ESA6EF2FD3872374BF62,18121012,18191318,18191517,19101314,18151214
POYIPK0QTL3Q,KS122MN6JY31023FXWNB,KS124216XT0CJXQQND1F,KS128227056JR6YW8TKZ,KS1259D6L30YYG3XR3VL,KS123B75Z8CKNHP05L6Y,36161117,36161120,36161124,36161112,36161110
GQQQJR6JP3ZJ,KS125KL5Z50L4J0MJ95R,KS124QR6F19BX4WPMW1H,KSQPGV2XZO8UMNCC49LK,KS125BH5X5W0R09ZW3B7,ESC5567F7A6FA12D0DCD,19111011,19111010,19111012,19101010,19101016
DABBAJAQ08DN,KS122QS605532V3N3VR6,KS120SR6WD1FP76Z6GC2,KSCH2TPBQX91532Y3Q8E,KS121YT721BY2F3M5YDR,ES70CD6E89F6DAD8F319,15111013,32151014,23121010,23121220,32161416
V4HU270A0WEM,KS124R469YBN5SX8XNMH,KS1218W78FGVPVP2KXPX,KS1280B68GD79P4WMVYW,ES8B8C52EA70D3BD184E,KS122556LMQ829GZCCRV,22101214,22111215,22101210,22101213,22111216
3ON4FG0DJQ1P,KS1228S6YKWXMH4M4DL7,KS441NW6L8RQ4GD0HFRX,KS1218W78FGVPVP2KXPX,KS1280B68GD79P4WMVYW,KS12752715S2P1XNBR43,32161416,20341227,32161415,32131526,20301314
9KDQIUT6HRCF,KS122556LMQ829GZCCRV,ES8B03DAD3B526316ED9,KSDJCA4E89LB98JAZ7LZ,KS122B675FC1JT787TRB,KS440XG6F9DTD3VG7JTV,23171524,19121416,23171712,19161111,19121011
04YPRPAQCCGZ,KS4412W6XQYHSK0FTL67,ESB4149C63B4F6081616,KS121056X529461ZF6XW,KS121YT721BY2F3M5YDR,KS123B25WWFY25Z5S42X,11211010,20311610,11211014,11211211,18191217
2LD05NHQR6F7,KS126HY6YLTB9R7XJC4Z,ESF0C01F4A5BE2D33EAF,KSURYH0Y6784AYSV9EGJ,KS127Q56J10XVNDFQ3K1,KS1256R73CTYK54K8BQP,21121410,21121310,21121010,20291110,21111710
VW7KHUL0OPXN,KS123HS61B4WJHXTJKCF,KS120KG6WHGRLKG6DFS3,KS124QR6F19BX4WPMW1H,KS126PY69KTZN6P06R7P,BGS3C9BE4BAE8DF7B0AD,16141210,16131015,16141110,27111110,23131115
WQF1TTIMLYTG,KS122556LMQ829GZCCRV,ES8A837D0DD657D1FD5C,KS683SQ6ZD2227YN4C93,KS1245D63J6T7XNBKPV6,KS1217P66NK6BW72M9FH,36161117,36161124,36161120,36161112,36161110
GLG08YVU69QA,KS122B071LMGXVTT3Z91,ES99B020D66F6670BCA6,ES2CC185FC27BC0DF8FE,KS127D361PF0FTXDZ7C4,ES82679C2ADA70DDD6A5,22101214,22111215,22101213,19101010,19141311
YRA65EC0TW4H,KS126966H39MX8JKF9TX,BGSDD5FB715C9C84D8AE,KS121FS74TYLW9WC52YR,ESEB1D4619E6E83A061D,KS441K2756CXYXBG990G,25131410,32161311,25131710,25131810,25111510
BVXKETUGKNN5,KS125LS6N7WP4S6SFTCK,ES76F4C57A88877D6D64,ESF14A354DDD69B5FBD4,KS123HV5WHQXDMXZ667K,ESBF952629C36426E564,22101214,22101213,22111215,22101210,32151018
2O0YLEQDB2PC,KS123S46J5HRBLZRMRJ0,KSEUBE05CNTRR4Y6ZMP9,KS121056X529461ZF6XW,KS1249M6HJQN825S5TZQ,KS7AASDV6UOE7VFBGF4D,32101115,19101010,19141311,19141110,17141810
Q8ZGVWWUSXLM,KS1226V6GDP5NMZXY0G1,ES2485681ABF954DB2BA,KS4425C7820LCHZS7VGX,KS122B568MKWX1K9STGP,KS121Z26S4VJLQ1WXN21,32161416,25111110,25101110,25111518,32161415
R2YKCCPRHVLZ,ES484ABAD1C3ADD618F5,KS128066XVJ3VBR23R8W,KS1218B62M9QRBY8WRSK,KS120406FZSMTZF4M5SH,KS127D361PF0FTXDZ7C4,19101010,19141311,19141110,19111010,19111012
NMNR06DJIN9R,KS124RX787SQ1WVD8XF6,KS1280B68GD79P4WMVYW,KS1218B62M9QRBY8WRSK,KS122556LMQ829GZCCRV,KS1265D6RGJL2Y4J6V5B,27111320,23171541,27121112,23171810,23151010
4JRCQ97RCQ6W,KS121CY5X6BPXPPMH95R,KS127296VDYS7ZFWVC46,KS1267F6MSPN366LX7ST,KS122556LMQ829GZCCRV,KS122BP5YT02HT9R6Z16,27121312,27111211,23171524,27111222,27111214
H2BVWV6YSHHY,KS126S86N4K800BJBTQP,KS126DD6P20BDTT3QHF3,KS122BL6107G2Z27JWJW,KS1262M75JR0VJF6P1JF,KS122J56PZMMFL1SVY1F,16141210,27101212,32131011,27121510,27121210
G4GKS6R6BILQ,KS1218B62M9QRBY8WRSK,KS440MF6LJN6379ZF4PT,KS685WP6F6NWNGF4YVD3,KS441VJ5YF8Z32D38QHL,KS123YJ6KVWC91BTMB4R,13101010,20251510,20251110,11191514,32161415
KZK4RQJWOJWF,ESA420F05EBBD34B3C2A,KS121XX660DWPDPRLVW2,KS441ML6ZTK71MVYGP67,KS121YT721BY2F3M5YDR,ES9D57895C5987C7FF78,23151115,23171528,23151114,23151111,23151116
4ZW9XA3KX7EE,ESED820E6065D9AA8D6F,KS123X777H5WFNXQ6BPM,KS1219261TYVPMGX8KVQ,KSQ39IM6T1T6MCGAI2LO,KS128066XVJ3VBR23R8W,36111110,11191210,32101211,25111310,21121010
NVIJZX4XVQBZ,ES8B03DAD3B526316ED9,KSOH5A22ONUFT1ISMMC5,ES3C8650B6A0820DAFF4,KS121JW5XD3J5438SMXP,KS125396806XPV2Z8XQ6,23121010,23121311,23171541,32121010,23161012
9WXN91TFRSA8,KS120W86MGP2XXV2NDCC,KS4415B77WWH2WCSVHCV,KS126DB6T061MHD7RTGQ,ES3F1A0ACC572C7C4371,KS123KH77136Y0FWRNJY,19101010,19111011,19111010,19111012,19141311
YIX79PBRTG6C,ESEA40DB0894E643E17C,KS126HY6YLTB9R7XJC4Z,KS123NJ76GJLK91JS75M,KS1248T6MC5L69MZ2L3R,KS122VL71WF050TPW0V7,27101024,27121510,11231110,27121210,32131011
JPZTC09ZGNX3,KS120LH5W508G8HMY9GG,KS7G4YT72YHJ3BVJ4P56,KS124VP65VSFMX87DD66,KS126M166T8716PPYKSG,KS124685Z7C03V020F5V,21111510,21121010,21131110,21121410,21111410
RW6TM2O04K0L,KS120GV6C72JMSZKMTD7,KS121W46CJXQ5ZQ506MS,ESD4CF4AF48BF82697C8,KS121JN70DB9VHC8T9GN,BGS44B0B6FBF1324A81D,20101310,20101110,20101510,20351010,20351310
IM04RF4LTYYT,KS121976B5FMM8M5NTQ0,KSWDR9J0249TFZ6NUP6X,KS126HY6YLTB9R7XJC4Z,KS440VW68PYFN7XB2GP9,KS124WD6XB7RT57LR817,20331031,23171521,20251510,20281110,23151010
NGZ6WMDW0FGZ,BGSA0A7A10E4C461188F,KS121DS6GB09TFN7RLX0,KS120496P0NDBPKP322Z,ESF586319EAC399E9394,KS1258B6FBG9B2CQ169N,19101010,19141311,19111011,19141110,11171012
2XGVGDOFMAOK,KS1279L6C7ZQ9YQVSJ3G,KS1203X6ZDCNW2J3RC4X,KS121YX5XHV5QPYV2TXL,KS7G7LT731301PM8PGN8,KS126D668BLGSC15GFLS,19111012,19111010,19111011,23171521,12131213
2SDS8B25SQ8C,ESF14A354DDD69B5FBD4,KS44253607FYTYCJNMPZ,KS120LB6XV5409BCQ0NF,KS122QL6NN356RRJT6RV,KS442216KX06NQ2F1QWZ,23161012,15111013,11151110,32161418,23161015
XJVE3DZEEDHH,KSORG41MPDZUG1W4O6M6,KS122NQ6YXFQ2WCWT11F,ES80218941101A2D56DA,KS120HK5XY6JV257QLTX,KS122PM76DCYL9WC89Y7,23111310,23121010,23101010,23111410,23112014
7HA752A97PNF,KS124DX6G31F5M9ZHNGC,KS126256R04NWVG6Y5C0,ES2884E132F1A422AC8F,KS126HY6YLTB9R7XJC4Z,KS126DB6T061MHD7RTGQ,11151110,32121312,32121010,32161416,11221115
NPTT3M5H0JHK,KS1200365FTR9X0M96T9,KS121F45VPV8C9W3QFYH,KS124WD6XB7RT57LR817,KS120GV6C72JMSZKMTD7,KS440Z26T60HXNGBDLL2,20251510,36111110,13101010,20341110,20311510
F3JPHNB5VNGB,ESEB1D4619E6E83A061D,KS7G6J46GFF6BJH38BHN,KS1218W78FGVPVP2KXPX,ES1C7487AD1B6C91C127,KS7G2F36GFX1K55V6GK4,20311610,20341110,20251510,20311510,20171810
2T8YFOTUX6J1,KS1287R64YNBZGR50Y1N,KS121WH63JVNQKDGCPR9,ES8F73CC75C618D72F72,KS1212B6QR5SK1LSD4S4,KS127D361PF0FTXDZ7C4,23171529,32171011,32131510,32131526,32101010
B5FW1DUHBX6A,BGS379BF24E36A451225,KS123RL6QKGVXHZGHP67,KS122556LMQ829GZCCRV,KS123DZ63CL4S5D74XVG,KS440Y975RD841M02V3S,32101127,22111511,18191511,22101211,22111218
PY9E576MOUZE,ESAB2C2E5E7E78A3527D,KS1259D6L30YYG3XR3VL,KS127D361PF0FTXDZ7C4,KS441BW6SPKJGQ31RGW7,KS1217R6SMDJ0WQHN6LK,27101110,32131011,23111410,27121210,23111310
Y857NZ3A8V4X,KS441626TDSV2J6GBB86,KS440V76TYZ2914W661H,KSQPGV2XZO8UMNCC49LK,ESC0125793FA9AA2156E,KS121W46CJXQ5ZQ506MS,21141810,21151010,20281710,20101510,19111110
9VP4JS6NLM4G,KS123YF6T21PFVZ16Y46,KS120SX6LJL1S06TG6QD,KS1210674JQVCN6F1V19,ESED820E6065D9AA8D6F,KS122BH71B5J7G48QQFM,19121416,19161111,19161012,19121011,19131810
YBESIRQ4TP1N,KS120ZX7019J4V8DHBTM,KS121DY6DT8LNYJL7FZ1,KS1259D6L30YYG3XR3VL,ES3C8650B6A0820DAFF4,KS7G6VJ6200Z9JD98NR9,25111110,25111310,25111610,23101010,23121010
1O082SFR23C6,KS127ZL6W4NRZV7GLSCD,ES62134BC8E2F84A9DE6,KS441DK5ZDF8Q8FWL19R,KS126HY6YLTB9R7XJC4Z,ESB83A3468C64FA5107E,19121416,18191217,18192011,19161111,19121511
E8NFRAOTWSJ5,KS125F678LV2KB3Z5XW0,KS120VW6JMZHZXZGD72C,KS124VJ71BKMYXC1PP09,KS1280B68GD79P4WMVYW,KS125DK6CWSVBTFV17WW,32171028,23151115,23151111,23151114,23151116
H5V6KPWDMJ3Z,KS440QS66YCBN23Y8K25,KS121Z26S4VJLQ1WXN21,KS123X777H5WFNXQ6BPM,BGS2DB509D897F31BB94,KS126X663B21NB77ZHSP,20321022,20321111,20221011,23171810,20241110
JJFAF8EDJM7W,ES36BB7D95D0BF489852,KS7G4YT72YHJ3BVJ4P56,KS125F678LV2KB3Z5XW0,KS1203V5WXB7NG26XSR8,KS1218W78FGVPVP2KXPX,19111011,19111010,19111012,19101010,12131213
1SSTCFHD82P5,KS440K266YPXFVKMWMCR,KS121YT721BY2F3M5YDR,KS127FN627W262Q720L4,KS122CJ6ZVCCTTDGYB6B,KS124CH623PFBJS8T5KM,27111214,27121313,27121013,23171521,27111222
MVFCMQ0OB1N6,KS120VC7108H86J50CYW,KS120SR6WD1FP76Z6GC2,KS1280B68GD79P4WMVYW,KS1203W6419RJG2KW4QS,KS124JC6CHGJ6YGD3JJ7,32171011,19111011,19111010,32131526,19111012
HFRRCV1EXYB8,KS440XG6F9DTD3VG7JTV,KS1280B68GD79P4WMVYW,KS126HY6YLTB9R7XJC4Z,KSQ39IM6T1T6MCGAI2LO,KS123X777H5WFNXQ6BPM,11221117,12101010,12101212,12131213,12101310
FOIJOCVSGFGN,KS440PV6FRJ90X0QFNLY,ES71C18378814E6740D6,KS7G0D05ZQPM0NFXJSBP,KS120SQ5W4Q57JMD2Y81,KS123HX665YR92MSC607,32151014,27121210,27121313,32131011,21131010
VCPEA74TBS9I,KS125MK6L8XN70ZS40ZY,KS1267F6MSPN366LX7ST,KS123X777H5WFNXQ6BPM,KS122556LMQ829GZCCRV,KS4407N6CMTCYT0NYSVM,32101110,32101010,32131526,32131510,32131520
I1DTTOPY7VND,KS126456773GS63NCY8F,ES314A8628331352466D,KS1218W78FGVPVP2KXPX,KS12161691DMDRWTSBL3,KS127D361PF0FTXDZ7C4,16141210,16141110,32131011,32151015,27121210
E4S4MFEL33PC,KS44086772RVPJQ1SVW6,KS123MC78KV644P5DDZ0,KS128HD6KJSZMPK72WSF,KS441FJ6XPGVM4ZPGZCF,KS120QQ6ZN003B8B7FK1,26111210,26111010,23171310,26111310,26111110
EFJ31EGOM62H,KS120LH6DHTBJYVLFKB3,KS126HY6YLTB9R7XJC4Z,ES6978BEA54073B22038,KS1218W78FGVPVP2KXPX,KS120HK5XY6JV257QLTX,27121313,27111214,27111222,27121210,32131011
1UC8EANR1CGW,KS125F678LV2KB3Z5XW0,KS127D361PF0FTXDZ7C4,KS124QR6F19BX4WPMW1H,KS1223773DHR863P9KJ1,KS122556LMQ829GZCCRV,21131010,21131110,32151018,19101012,32121312
SBKP1L4WFXFM,KS127M36PQPZLCDRJ5FB,KS123X777H5WFNXQ6BPM,KS7G4ML61B2JX1H1003Z,ESBF952629C36426E564,KS441DK5ZDF8Q8FWL19R,16141210,23161012,23161015,32131011,16141110
WKFU90FPI90M,KS125966RSZSRH0J74BL,KSPW6SYT2CM7EW9VBP1H,KS124VJ71BKMYXC1PP09,KS1238H659P08Z726BK8,BGSAA93822820DF21114,32151014,27111214,27121313,27121013,27111222
23XQPLUYG3HD,ES899BA440FA3441F22A,KS124H46Q2PP8YC1WQ06,ES99B020D66F6670BCA6,KS125KL5Z50L4J0MJ95R,KS1218C6MP9RN7WXMM37,16141210,19111011,19111010,19111012,19101016
23HK7DBWPVFZ,KS1215R6G5DYNSM74PW5,KS441K2756CXYXBG990G,KS127M261SN719FKWKFZ,KS127RR61H1X4CYBBZF5,KS121Z26S4VJLQ1WXN21,19121711,18191516,19121011,12101310,18191517
B7S9TJ1GM25L,KS1217P66NK6BW72M9FH,KS122556LMQ829GZCCRV,ESF8B51924E0AFA05771,KS1203Z6YQZ0X4XX7RM2,KS123KV6WF08H54CCZMF,19141110,19101010,19141311,19111010,19141112
R0TOKPK7YSWN,BGS1E1B7E03C22EE6F65,KS1282C778989GJWW9BZ,KS120C76T2L99X2YNKS3,KS1248T6MC5L69MZ2L3R,KS121996CBWZX0W48B64,17111510,11211211,11211010,11211014,25111110
XAWTCI9SU6D1,KS1203W702ND09XHKJR5,KS2DSDNSP4UY5VRHV2CM,KS681QS60M1FK19YRHG4,KS120WQ677W47TWMCBB2,KS440W865GC4VRBW6LJP,19111012,19111010,19101010,19111011,19141311
0UY9F8P47D9G,KS121YT721BY2F3M5YDR,KS123YJ6KVWC91BTMB4R,KS127JH68WY6BCD7F6FF,KS122NR6NY1KB0TD40G4,KS123YJ6KVWC91BTMB4R,20341227,20341110,20341212,20301314,20341216
ZTS55C2IBJVS,KSKJX44T33B6D4UCC8CB,ESF14A354DDD69B5FBD4,KSY4WFI1S164RQUBSPCC,KS120Z46XGZW0XWJN3LY,ES3937EEC3D5D7345412,23171524,23171710,23171541,23171712,23171510
4K7BPGYVYV2G,KS7G2PN6Q42WPLR91C09,BGSF37E50145BF89644B,KS1267F6MSPN366LX7ST,KS1258H5Z9XP2GCKJT8J,ES20CECA4FF83ECE8196,27101017,27101012,27101015,19131211,27101110
ENWBBADLYPGG,KS4401V5WX78L6JX0NW7,KS122D46PJ09YVSBV9DW,KS122556LMQ829GZCCRV,ESED820E6065D9AA8D6F,KS120L96KMYTDJ48NRSH,21121010,20251010,21111510,21121110,21131110
9RLQK0PQS2FN,KS4418H6DF21VK4NHKWB,KS440BB67NHB0JH39QCN,BGSDD5FB715C9C84D8AE,KS122556LMQ829GZCCRV,KS7G2F36GFX1K55V6GK4,26111210,32161416,26111010,18141010,18191516
R1Z4QT7ZVNBI,KS125BH5X5W0R09ZW3B7,KS127D361PF0FTXDZ7C4,KS120W86KJ30NQJCQ3ZP,KS1225T707CD39S7QHV4,KS1203C6N9B52QGB4H67,19101010,19111012,19141311,19111010,19141110
F76PK90JEZ4U,KS1218L60PDVZX16NZT1,KS127ZG6DBSF76WF7VYX,KS120FG6YP8PQYYNQY9B,KS1281M7573BG4S5QKMT,ES8F73CC75C618D72F72,23111310,32131520,23151010,23121010,32101010
5YLRA9PAY1T5,ESF586319EAC399E9394,ES20CECA4FF83ECE8196,KS7G2PN6Q42WPLR91C09,KS126N85X7GWLVFQDDYL,KS121YT721BY2F3M5YDR,11171012,11181014,23131115,16131015,23131110
5LU7PKHEL706,KS121Z26S4VJLQ1WXN21,KS441DK5ZDF8Q8FWL19R,KS121996C1P31W0YZVNF,KS7AASDV6UOE7VFBGF4D,KS124QR6F19BX4WPMW1H,11221117,11191111,32171011,11111015,32171018
FOWP473OZRBL,KS4407H64CVBMTRQZRCF,KS1200364C9C1LK3V5Q1,KS1218W78FGVPVP2KXPX,KSCH2TPBQX91532Y3Q8E,KS127D361PF0FTXDZ7C4,32161416,32171022,32151014,32131526,32151018
6YS445GDEJ31,KS1222C6WKYWRKRXQCR0,ESEB1D4619E6E83A061D,KS123Y170CZM0V5Z3XXB,KS1218W78FGVPVP2KXPX,KS1220G68PD5STH2DL2W,23171541,27111320,23171524,23171510,23171810
8M3RKL39VEL0,KSKJX44T33B6D4UCC8CB,KS1203870JVGL4NN4W7Z,ESD45EAB54A83A5255D6,KS122556LMQ829GZCCRV,KS7G2F36GFX1K55V6GK4,25131810,25111110,26121210,25111518,14171410
Q5U6JZV9NOU3,KSWR4RCZQM7RAQNUFC40,KS1280B68GD79P4WMVYW,KS1207F78FG773P5VR7G,KSMNXY6MPS1EDWJ8P6B0,KS128275ZSJDZ37SNG87,23121010,16141210,32131011,16141110,16141310
DYMS1MWNPR42,KSZ61G2PSJVHHYDCWD9V,ES899BA440FA3441F22A,KS120GZ5YXC6YVM1NGPR,KS4410F6SF4NC1L4YN22,KS126D668BLGSC15GFLS,23121010,23121311,23111310,23121312,23171541
BOJAXNHRC4HM,KS1200H6XYN1CR0G5NZ0,KS124RX787SQ1WVD8XF6,ES75388526FA5C8C8C76,ESFA9982A2A945E439CB,ES653DA9F469DBE107E8,25111110,23171541,25111515,25111518,23171810
Q77HNS54GWDF,KS441K2756CXYXBG990G,KS123Y170JP7JBSFVBSS,KS123TL5XT1D2ZDKC46S,KS1203V5WXB7NG26XSR8,KS127D361PF0FTXDZ7C4,25101110,18192111,19111011,18151217,19111010
SOYG9ZQYAHUL,KS1259D6L30YYG3XR3VL,KS122556LMQ829GZCCRV,KS1218B62M9QRBY8WRSK,KS120WT70DM8WX59219Z,KS7G4ML61B2JX1H1003Z,16141210,32131011,16141110,27121210,19161111
BC2FVFA2N1L9,KS441846K903WT1RYDKJ,KS125BH5X5W0R09ZW3B7,ESBF952629C36426E564,KS126ZN706TQT20JSTTT,ES3937EEC3D5D7345412,23171524,23171712,23151115,23171541,23151111
TP1LSJ75VW2O,KS121Z26S4VJLQ1WXN21,KS125MK6L8XN70ZS40ZY,ESA47BBE34ABA43B08CA,ES69EB9C9A7AAD32CC9A,KS120SQ5W4Q57JMD2Y81,23171521,23151010,23151011,23151016,23151020
05T0RFLKYN0B,KS1220C663NX0Z4Q78P1,ES6CB9F277D7DD005987,KS121X172Q0LS2ZDG99Y,KS124745ZCN2G6TKC2QN,KS126966H39MX8JKF9TX,25131410,32161311,25131710,25131810,25111510
TP3174GU65S6,BGSDD5FB715C9C84D8AE,ESA91D8112EB9ECA3570,KS1227K6DGHN5PZTCDD0,KS681KH79MJLQDPB9T88,KS124QR6F19BX4WPMW1H,32161416,26131114,32151013,32161415,23171541
VNXIV9IW6L01,KS1200578T5QCYT0Z98G,KS1218W78FGVPVP2KXPX,KS122B071LMGXVTT3Z91,KS1217P66NK6BW72M9FH,KS1203W702ND09XHKJR5,23171712,23171524,23171716,23171510,23171541
JRKHE0SDP8MV,BGSDD5FB715C9C84D8AE,KS126DB6T061MHD7RTGQ,KSN97GEUHPNGNAQFDCGY,KS124DX6G31F5M9ZHNGC,KS122FB6H3NBQHKZWTBJ,23121010,32161416,32121312,26131114,32151013
3O4DP632F93N,ES899BA440FA3441F22A,ESA217F144D0FAFCA315,KSQPGV2XZO8UMNCC49LK,KS127TD6X5C909DYQ765,KS127CR6S5TQJVYMG3HB,32161416,32151014,32151018,32161417,17141810
AX29W7RPP9CW,KS683SQ6ZD2227YN4C93,KS123Y170CZM0V5Z3XXB,ESE1B279F38C73E025BD,KS44023635DFP7CYKJ45,KS123D26X2FQCP1WFT95,25111110,25131710,32161416,25131810,25101110
6F5Q4MYIXXJA,KS1205767R47RZSQ9RHY,ES20CECA4FF83ECE8196,KS122556LMQ829GZCCRV,BGS1ADAA36DB65721AA3,KS1256V72T3PMM5X9R0X,27111222,27111221,27121210,32131011,27121322
K5X6G2KRT47Z,KS441PL6JPXW200W0GRQ,KS127D361PF0FTXDZ7C4,ES2069A6FB279F45AADA,KS127D361PF0FTXDZ7C4,KS126X663B21NB77ZHSP,23151115,23151111,23151114,23151116,23151112
PPFNNIIX1SKN,KS1276B6094BBN4WY5CK,KS121W46CJXQ5ZQ506MS,KS120076FGP5WGWYMP0F,KS123SS6LVFYNXQPGJZW,ESBB99343C43532EBBB3,36161126,24151317,24151313,24151213,24151217
Q3T08ALLS51P,KSQPGV2XZO8UMNCC49LK,KS127CS79GV081FMJYKZ,KS442376LM8S5FKRSGM3,ESA420F05EBBD34B3C2A,KSK5NNT5S3UFT3WMEUNH,23161012,23161015,23161110,23161013,11191413
OFN1R4KZ36U8,KS124B566CZ926QHHKGP,ESBFE8BD405046C280C4,KS122556LMQ829GZCCRV,KS7G0C36YW29VS8KPC05,ESC1869858F9F7D67F26,19121411,19121414,19121416,19161111,19121413
SDC63H0ANHKW,KS120406FZSMTZF4M5SH,KS121W46CJXQ5ZQ506MS,KS123X777H5WFNXQ6BPM,KS125PT6MTXZ1JWXX79M,ES2884E132F1A422AC8F,19101010,19141110,19141311,19111012,19111010
NDXJN7DE0L1O,KS123Y170JP7JBSFVBSS,KS1280B68GD79P4WMVYW,KS121YT721BY2F3M5YDR,ESB38820A543FA4E3969,KS1219677F286BXFPBNC,11171020,19141112,19141311,21131010,19141314
PK0ZFKNWBHKV,KS1287M692W39DYZN8ZZ,BGSDD5FB715C9C84D8AE,KS440Y975RD841M02V3S,KS44175614LXCVMRTHP8,BGS804B7B96BD4F8C5F1,27121313,27111214,27121414,27121413,32161416
BE3YQY5FU7BF,KS121YT721BY2F3M5YDR,KS1218W78FGVPVP2KXPX,ES87885D4EDB576917C4,ESAE6A1B33E444CD8862,KS122FN6C971NB3RMGRM,14111210,22111311,22111215,14111115,14111114
ZO547GFPQEQQ,KS123X777H5WFNXQ6BPM,KS7G7LT731301PM8PGN8,KS440FS71DJY51ZPZR0Q,KS125WR68JRPG2YBFPP3,KS123PM708XTL2N3FJNX,21141210,19121416,32121010,19161111,19121110
FFCXHGNZEI3Z,ES32D9DAFE37545AE8B6,KS125LS6N7WP4S6SFTCK,KS441ZY6P0PDB5DWTRB8,KS1283V6XDFZSK6YP0HF,ES653DA9F469DBE107E8,23171510,21131010,21131110,23171524,23171541
D93WD6OCSVS1,BGS2E1275F3C96CC1BA8,KS125F678LV2KB3Z5XW0,KS1207164CW5X2SJPW43,KS123X777H5WFNXQ6BPM,KS122556LMQ829GZCCRV,16141210,16141110,32131011,12131213,12101212
TO0IQQKB7456,KS125MK6L8XN70ZS40ZY,KS12403769SV21756FDY,KS121DY6DT8LNYJL7FZ1,KS123X777H5WFNXQ6BPM,KS124DX6G31F5M9ZHNGC,25111310,25111610,25111110,22101110,14171110
KROWX4KK1R6L,ES8B03DAD3B526316ED9,BGSB39648E9E14294101,KS122PG64BT2BT6X15HF,KS1206V5WFXYXG27QYFD,KS125Q36QTY8PQT43BK3,16141210,25111610,25111110,25111310,14171110
15XD82IJKUV2,KS121996CBWZX0W48B64,KS122PF6FZS3609GDG0V,KS123X777H5WFNXQ6BPM,KS120JG6XFRFKS52YQ29,KSKJX44T33B6D4UCC8CB,17111510,23121010,23101010,23101110,23111310
29Q2L48C1CQG,KS4418H63Z3RP725L3BW,KS120GV6C72JMSZKMTD7,KS122CJ6ZVCCTTDGYB6B,KS124JB619VXG6RQ810C,KS1248T6MC5L69MZ2L3R,32171011,32161416,32101110,32131526,11211211
VTCODAIZHFKI,KS126HS6R7MH1W08PMVR,KS1218W78FGVPVP2KXPX,KS441K2756CXYXBG990G,ES39E5C01E1593CE9E72,KS127887314GMCR1VRR5,21131010,22111311,22111215,11191413,22111216
S2NU4BMZTNE0,KS124JB619VXG6RQ810C,KS122556LMQ829GZCCRV,KS122556LMQ829GZCCRV,ESB38820A543FA4E3969,KSKJX44T33B6D4UCC8CB,32161416,21131010,20341227,15111013,21131110
BK5P24T9N44F,KS123X777H5WFNXQ6BPM,KS7G4T15W4RYVZTCDSWZ,KS440H45X67RF6B7BF2N,KS441JK74K5Y3HYRK962,KS1261W6S12LL9NC21GQ,21121310,21141810,21121410,21131010,19111110
Q4AW8JHE5S51,ESA91D8112EB9ECA3570,KS122556LMQ829GZCCRV,KS1200365FTR9X0M96T9,KS44175745H9Q0DPBDNT,ESB04BCB6189A2CB271E,23171521,32101114,17181010,23171524,23171541
UEW9G6SPD2SW,KS125BH5X5W0R09ZW3B7,KS4418371TN1X41T1P3G,KS43I7T7CU4Q66EGVQLU,KS4407F6YY6SBS730MJ8,KS7G1P76W2FRM88BQFJN,16141210,32131520,32131526,32131523,32101010
RY3IGWEYSU7E,KS127QD6R8SVZFYYKLLM,KS120GV5ZXR64CJLL1J4,KS440HG6L2FMWJBJDZQK,KS125F678LV2KB3Z5XW0,KS122NQ6YXFQ2WCWT11F,27121313,27111214,27111222,15111011,27121210
J5UESL4PD8GB,KS121ZZ72H24DRC50WNL,KS1241P6PXRCKTDSWHTV,ESC646148CD5C8B6D9EE,KS123Y56BJ5RWDQLYD5K,KS123X777H5WFNXQ6BPM,19131112,19141112,19131211,19131111,19131910
PUN5DGSIRI5D,KS124FP642Q7P7TBPPZN,KS1203T6J7F2P3TG6Y6K,KS1253H61TTR1FZWSRH4,KS124QR6F19BX4WPMW1H,BGSDD5FB715C9C84D8AE,27121313,27111214,27111222,32101110,27121210
BRW3G91HOVSR,KS7G4ML61B2JX1H1003Z,KS441NW6L8RQ4GD0HFRX,BGSBC6553CCF3F292F02,KSKJX44T33B6D4UCC8CB,KS1284574ZFPDK90W1BS,16141210,32161416,32161415,32131011,16141110
YIEJ9C0UU5WR,KS122556LMQ829GZCCRV,KS121XY60R6Z5C3R172K,KS1219677F286BXFPBNC,KSYWNNQIULQ5NK3YDR0N,ES76436C1FE3AA76935C,23161012,23161015,11171020,18171015,23141111
G39BD2EEV7IN,KS125F678LV2KB3Z5XW0,KS44175745H9Q0DPBDNT,KS126SW5ZZYP3HXXPX1X,KSDJCA4E89LB98JAZ7LZ,KS127CS79GV081FMJYKZ,23171524,23171712,23171510,23171511,23131116
IQUSY2O33B29,KS125F678LV2KB3Z5XW0,KS124RX787SQ1WVD8XF6,KS125MK6L8XN70ZS40ZY,ES6204EEE269AF03D4C4,KS127PD6XH0GQ380FJ3N,23161012,15111013,23161015,23161016,23171541
NRXD356WAFFT,KS9859HJ5UHFJ7ODS0ZM,ESEB1D4619E6E83A061D,ES8F73CC75C618D72F72,KS125MK6L8XN70ZS40ZY,KS122Y76M1VFPXR6TWC6,27101212,27121510,27121313,27121210,32131011
A3KAMOX96UPB,KS124N25XCM21768Z4PJ,KS441NW6L8RQ4GD0HFRX,KS7G2RS68WTQ4B3H2KMQ,KS122185W8CJGW4PSCRQ,KS1227P6FBK34WLH6X8Z,23171521,23151016,32161416,23151010,32161415
03O4GKWWJWGA,KS121W46CJXQ5ZQ506MS,KS13USA80NE38XJHA2TL,ESA2046B83319C31C349,KS124VR68PRNLVLWXYZ1,BGS15794B20F436FC6A7,25111110,25131810,25131710,25131410,25111518
QW64B9KKC21P,KS1289C6QS0TSSB4PNGG,ES3D9D9B52933B653C8B,KSYWNNQIULQ5NK3YDR0N,KS441K2756CXYXBG990G,KS123X777H5WFNXQ6BPM,32161010,32151018,32151014,32131525,32161416
WAJ1G1R1DWWO,KS1287M692W39DYZN8ZZ,KS441LG5Y8XGW9TP7B4W,BGS8DB61483F6A17FCDE,KS127H46FWNZKS01874B,ES7FE13B6C6055798569,32131518,18181110,15111013,32151017,21111110
MP050ORNEEE0,KS122HK6LN2MZHFY69GJ,KS1258B6FBG9B2CQ169N,KS124RX787SQ1WVD8XF6,KS441PC61LH6SWW9P97Q,KS1203X6ZDCNW2J3RC4X,19111012,19111010,19111011,19101010,19141311
CBFLUN3YPQ5L,KS1230C5X5T37GZ1NJ2B,ES70CD6E89F6DAD8F319,ES65C485CF3B67FE16DF,KS1220G68PD5STH2DL2W,KS1217P66NK6BW72M9FH,27101212,27121510,27121210,32171011,32131011
TVOAV41B8E9U,KS1222C6WKYWRKRXQCR0,KS122556LMQ829GZCCRV,KS1237L6PKFC8187JKW5,KS127D361PF0FTXDZ7C4,KS127RT62P0W9B6Y0LTY,32131612,32131520,32131611,32131526,32131516
F3Q0E27ZEOQG,KS7G5ZH5ZMDTZ1V8QC75,KS127QW6X4K7H7XN5Y81,BGSEE1E1C4671622F63B,KS122556LMQ829GZCCRV,KS123X777H5WFNXQ6BPM,12101216,32161010,32161416,36111010,32161419
V1RDNF4X13QI,KS128275ZSJDZ37SNG87,KS1206Y6W7F5JS3VBTFL,KS123X777H5WFNXQ6BPM,KS440M678F6NGFKV10Y8,KS4411H6DM87QLDT97JT,16141210,14111117,33141410,14111114,14111210
3UV15CF89LPB,KS120QQ6ZN003B8B7FK1,KS1227V6GK3GDKLR52KN,KS7G55M6TRB1N24LW2P5,KS127D361PF0FTXDZ7C4,KS120B874P2P6BK1MQ0T,16141210,16111210,23171310,23171410,18141110
XOATMZH93XMC,ES899BA440FA3441F22A,KS441J8781NSVPFKS701,KS120BV6SR75RBKQH0G3,ESE0F6CC1AC3C6200715,ESEB1D4619E6E83A061D,19121710,19121711,12101010,12101212,23111410
M3PP00CDNZY4,KS122556LMQ829GZCCRV,KS121Z26S4VJLQ1WXN21,KS124WD6XB7RT57LR817,ES44C38C0A5850449C4A,KS120L478NN82TVVXS4Y,20251510,19111012,19111010,19111011,19111212
LCFNR37QTZJS,KS125396X5DJ1MXHT6YC,ES7A07CF87C516875B23,KSCH2TPBQX91532Y3Q8E,KS121YT721BY2F3M5YDR,KS1203C6N9B52QGB4H67,24161219,15111013,24161010,32151014,32161416
W3CHNJ6GDTGC,KS120HL62LT111PDC7HS,ESF33377FEB029256815,KS126HY6YLTB9R7XJC4Z,ESE7CF2084EE07193255,KS7G7X55ZKBF0R0WCSZQ,19141311,19101010,23161012,19141110,19141112
XAA2ILGB0S0R,ES65C35E7AE1B74A1182,KS125F9784GQ819LH2GL,ES29DDAE9CCE34160768,KS440PW66NNLYJ09D6MC,KS1208P6ZMZ4N872Y7X5,19101022,19111310,19101512,24131326,19101611
HH54S47EUAQ3,KS123QD780L8N96VD1RM,KS126SW5ZZYP3HXXPX1X,KS1217P66NK6BW72M9FH,KS441S06L3NZBK0D6JM8,KS441NS6G86NC7BV1S6Y,11151010,11151110,36111318,19131211,19111011
VOEO37PHANHD,KS440D46TXLZWJB033XL,KS121Z26S4VJLQ1WXN21,KS440W865GC4VRBW6LJP,KS125F678LV2KB3Z5XW0,KS125TG66T8TXK7B2VT3,27111214,27121313,27111222,17151210,27121210
P014X5DLWY1P,KSODK33CRU6GAS0O46M4,KS121F45VPV8C9W3QFYH,KS1218W78FGVPVP2KXPX,KS7G55M6TRB1N24LW2P5,ESE1B279F38C73E025BD,11211010,11211016,11211310,11211014,11211211
44TONZNQ06UJ,KS44022760QSKFVQG3QT,ES501046F1CC91CBA0D3,ESDF44DC766ED1E22E32,KS127ZG6DBSF76WF7VYX,KS124DX6G31F5M9ZHNGC,16141210,16141110,18171016,32131011,16111210
IX43IRGM5DKO,KS126ZZ7012DHZLZ9GC0,KS440H873RW906B7R308,ESF33377FEB029256815,KS122M265VBKQ5BFJXYS,KS4418462TTGKL3CWJHT,23171528,27111222,27121210,32151013,32131011
J4KII1NQ0EI0,KS1253D6B27CMTZ496YL,KS124F463KMJQGJ9DGGV,KS1248T6MC5L69MZ2L3R,ESB92020333F27589A43,KS1258T726SRJLTWL70J,27121313,27111214,27111222,27121210,32131011
D5WLWJOJAFI4,KS123X777H5WFNXQ6BPM,ES29C56D2465C253FC1D,KS122B675FC1JT787TRB,KS1203W6419RJG2KW4QS,KS1237Q641KJ70G6JZ8C,21161310,21161211,19121416,19111011,19111010
T63J3R30ME8F,KS441VC75P5WHX8QL5SN,KS124JB619VXG6RQ810C,ESD38F64F4838A47FBBD,KS7G4ML61B2JX1H1003Z,KSKJX44T33B6D4UCC8CB,16141210,16141110,32131011,32161417,27121210
V1FKHNNK8FWR,KS127Y978519ZR40DPMP,KS124685Z7C03V020F5V,KS122LM693MC8BM7T1PM,KS120RN6FDTS9FLCH3T0,KS124H46Q2PP8YC1WQ06,16141210,19101010,32131011,19141311,16141110
LQJ5SXVWVM4W,KSDB46QOTBUBD21UKPNQ,KS124046TRJDP25WFPYC,KS1203C6N9B52QGB4H67,KS122556LMQ829GZCCRV,ES1417F79ED88ACEE6CC,21131110,21131010,21121210,21111510,11131210
QWA53V2E5NB7,KS122NY60HCYYDXHQGQN,KS440Z26T60HXNGBDLL2,KS122C06Z8NDM5G6NYNT,KS1202M5WG4B7X3VVF6Y,KS1278B6Q0WTFLWLK2JV,23171538,18151213,18151012,36111110,23101011
5XRGA3L71029,ES3805A39975A2FA02A1,KS121Z062B812PLRSS3M,ES628D40D5C3B27C8B7D,KS441726FF2HBJTL448F,KS125F678LV2KB3Z5XW0,19141311,19101010,19141112,27111222,19141314
6FARMGJCY4V8,KS440PV6FRJ90X0QFNLY,KS124H46Q2PP8YC1WQ06,KS121Z26S4VJLQ1WXN21,KS120VC7108H86J50CYW,KS1219677F286BXFPBNC,16141210,32131011,27121210,27121510,27101212
MV3XYBD8CD5N,KS441NS6G86NC7BV1S6Y,KS120FL70TL0M5THX6GK,KS120SQ5W4Q57JMD2Y81,KS122556LMQ829GZCCRV,ESB5B8DE9634A95EB739,32161416,32121312,32151014,23151010,23171521
EI975YQL1V2W,ES47A39420BEAD750BE9,KS1251262YCM9F4B2TRJ,KS126256R04NWVG6Y5C0,KS4405B79Q95K5RR552K,ES3CFFFE227B9801719B,19101010,19141311,19141110,19141112,19101710
M6VDUQDJI6SO,KS124JB619VXG6RQ810C,KS1265F71V3PY4KH0JW5,ES48DC8725830674E88F,KS1200H6XYN1CR0G5NZ0,ESA6EF2FD3872374BF62,18121012,18191318,18191517,27111320,18151214
N6XBELKO48DH,KS122NR6NY1KB0TD40G4,KS1228M6S0Q13JW8NV10,KS1203K6FQ749NJNRBBX,ES29DDAE9CCE34160768,KS4421B6105S1GF21ZW7,23131115,23131110,11111012,16131015,23171310
9DDE3CUP8IJL,ESBF952629C36426E564,KS124TG6C6GQ3RGYBJ3G,KS1237Q641KJ70G6JZ8C,KSY4WFI1S164RQUBSPCC,KS121T569X502KJPS0F3,21161310,21161211,22101214,22111215,22101213
AVE7E51M4WU3,KS126D668BLGSC15GFLS,ES76027FB44EC77AA232,ES99B020D66F6670BCA6,KS120ST66K9HBSZ7MPS3,ES66EEB1C4C8D34B0CE0,11211112,11221117,19181312,19131716,23171611
U6MQBIAFHE0F,KS441DK5ZDF8Q8FWL19R,KS126JT6HQMWF5PV2CLY,KS1208P6ZMZ4N872Y7X5,ESEB1D4619E6E83A061D,KS1224W5XSXCJBNSLLVX,23171510,27111320,27111318,23171541,11221117
SB9FYY9V3ZSO,KS4407N6CMTCYT0NYSVM,ES6A7D291D9512E8EAF5,KS440726NL4QJRHCMR43,KSY4WFI1S164RQUBSPCC,ES899BA440FA3441F22A,32161416,32161010,32161313,32151014,32121312
Q2OAZFUUZWP4,KS125BH5X5W0R09ZW3B7,BGS2E1275F3C96CC1BA8,BGSDD5FB715C9C84D8AE,ES29DDAE9CCE34160768,KS124L55Y9H5B5FHLYMQ,32161416,12131213,12101212,11151110,12101310
VKTCPWNKSW5B,ES9BD12EB76B360E0E89,KS44086772RVPJQ1SVW6,KS120L96KMYTDJ48NRSH,KS4424P6G7QVWXC3B756,KS1201H611BT3GJ16LF6,27121313,32131011,27121210,27111214,27111222
83EJFBOVB1ZJ,KS1200771D9CR9LB4MWW,ESF85729E62429101121,KS1259D6L30YYG3XR3VL,KS441076RVCYNSQP485M,ESF7CBEBE067150B911F,22101213,22101214,23101113,22101210,27121510
Y6CLGRR4C9AS,KS1200H6XYN1CR0G5NZ0,KS1217P66NK6BW72M9FH,KS1215Z6TK2JY562DFD4,ESFA471416FE0752D544,ES653DA9F469DBE107E8,27121413,27121313,27121414,27111214,27111222
CF0R7FA6AHHC,ESE8E6C89348587B4CCC,KS1213Q5Y632QWZ7PVVS,KS1245C60YR5FGS5YM80,KS122F8737HP891MG887,KS0XGXJLZ6VW4XDGP9G0,11191013,19101015,18161310,23121010,19181110
GWJ8RR1L7KEN,KS121BS6QFLZVY39PMHD,KS4425C7820LCHZS7VGX,ESF133786E79EAB07854,KS125MK6L8XN70ZS40ZY,KS122556LMQ829GZCCRV,15111011,15101010,32121010,15111013,12121010
KVONNLHAPWF5,ESEF3A92A6DB99CA448D,KSFX6JBNDFS27G78LHSA,KS122TP61TV16099MSY3,KS121V572B3FT5JGX2VX,BGSA09D67D5649D8559E,23171521,31151710,27111222,23151010,23151115
UR58X9QYXWL9,BGSBC6553CCF3F292F02,KS120VW6JMZHZXZGD72C,KS126HY6YLTB9R7XJC4Z,KS4407J6G3HPTRRSNZR6,KS441K2756CXYXBG990G,32171028,32171029,32131527,23161012,32171022
ZPKY32ORWIXZ,ESF30BA59E6467967B1A,KS126DD6P20BDTT3QHF3,KS440FC6DZRF2GGN0KHY,KS123KV6WF08H54CCZMF,KS1259D6L30YYG3XR3VL,23151115,11151110,11181210,11191514,23151114
4WSQT26Q3XLR,KS120WS63LRYQZ1CCMPG,KS122556LMQ829GZCCRV,KS123X777H5WFNXQ6BPM,KSF5VGAEG0U5RBA8R4V7,KS1287R64YNBZGR50Y1N,19111012,19111010,19111011,19101010,12131213
F0NSGT6LKWKN,KS127M36PQPZLCDRJ5FB,KS1218W78FGVPVP2KXPX,KS7G09N768FLPTYZWXWV,KS1212B6QR5SK1LSD4S4,KS120BV6SR75RBKQH0G3,23161012,23161015,23111410,23161210,23161016
HQ5R7A2P4LEW,KS1218Y5XKTT45XG74D7,KS124JB619VXG6RQ810C,KS1200H6XYN1CR0G5NZ0,BGS9F6FDC1337597D71F,KS126SW5ZZYP3HXXPX1X,21161310,31121010,21131010,21131110,21161110
H7HG4P93NYH9,ESD2EDF2E51D7C90FD5F,KS1280B68GD79P4WMVYW,KS1266V63957GRR93JC8,ES5515E43EB7FBC6BB6A,ES5515E43EB7FBC6BB6A,11151110,11151010,19161111,11181210,11161610
BYEZD43W95CH,KS120GV6C72JMSZKMTD7,KS121Z26S4VJLQ1WXN21,KS7G2F36GFX1K55V6GK4,KS4407G738TDFF425V8C,ESF520D61BA7F0946F97,19111012,19111011,19111010,19101010,12131213
WYO653DYJXM8,KSQPGV2XZO8UMNCC49LK,KS123Y76D7JBC3TT7S7W,KS7G2F36GFX1K55V6GK4,KS1208X76FB40ZXZXY03,BGS9A7A9192CB1BF6A0B,14171810,25111110,25111610,19101010,25111518
O6V8CO2JEP91,KS1280B68GD79P4WMVYW,ES7A07CF87C516875B23,KS121W46CJXQ5ZQ506MS,KS1284B609S18XT8N058,ESE8E6C89348587B4CCC,11221115,11221117,14111115,14111114,11221110
7WG8V961Y2X6,ES75388526FA5C8C8C76,KS126HY6YLTB9R7XJC4Z,ES3138113FCCC45863D9,KS124JB619VXG6RQ810C,KS122556LMQ829GZCCRV,36161117,36161120,36161112,36161124,36161110
V57BMTT7FYWM,KS125F678LV2KB3Z5XW0,KS122556LMQ829GZCCRV,KS123MC78KV644P5DDZ0,KSWXHT30GQY9B4QSXC5O,ESCC9C38A0EE5E533030,23112013,23111410,23121210,23112012,23112010
U1BZQW29ASAJ,KS1224W5XSXCJBNSLLVX,KS121CX75Q8F638ZCJVZ,KS120GV6C72JMSZKMTD7,KS120PP6GL94HJDMN0TQ,ES76F4C57A88877D6D64,19181312,27101212,27111318,32131011,27121210
LUZK3VJE6IFK,KS127296VDYS7ZFWVC46,KS442216KX06NQ2F1QWZ,ES8B03DAD3B526316ED9,KS120HK5XY6JV257QLTX,KS120436N14BN10FM7W8,19111010,19111011,19111012,23171524,23171712
K3FUQVU5OEJ8,KS122C06Z8NDM5G6NYNT,KS1227N6MSF1WZ4B566W,KS123YJ6KVWC91BTMB4R,KS1203C6N9B52QGB4H67,ESDCDF1BEA2FCDA31B90,23161012,23161015,23161210,23161013,23161110
R2EU4KB57L13,ES2552D1CE89A3BD34AB,KS1217P66NK6BW72M9FH,KS1220C663NX0Z4Q78P1,KS1227N6MSF1WZ4B566W,KS1261W6S12LL9NC21GQ,23161012,32131520,23161015,32131526,32131516
XWXZMCD6XHMK,KS1228M6S0Q13JW8NV10,KS1209176P7V54S9GVL8,KS1218W78FGVPVP2KXPX,KS122556LMQ829GZCCRV,ES7FADB436F6EEE179DE,27121313,27111214,21131010,27111222,21131110
V2FK3QU7TG2M,KS121Z26S4VJLQ1WXN21,KS1200C5XQWW78VQ5ZYL,ESF3939CE1F80C10C327,ES899BA440FA3441F22A,KS1218W78FGVPVP2KXPX,24161010,23171716,23171524,23171714,23171712
1SR8CPENM5UN,KS6840J6LR0TLQ86LZJC,ESF0C01F4A5BE2D33EAF,ES652A5DE17F2C357291,KS1280B68GD79P4WMVYW,KS126HY6YLTB9R7XJC4Z,23171524,23171712,20291110,23171510,23131116
JXLFN7V2T3FL,KS121Z26S4VJLQ1WXN21,KS121XY60R6Z5C3R172K,KS1282N6NQMZ95M1HJ7L,KS125LS6N7WP4S6SFTCK,KS125BH5X5W0R09ZW3B7,23171310,18171015,23171410,18121010,11221117
BQ6FWSKLWS8O,KS1288W68R1QQ93CZ03T,ES2884E132F1A422AC8F,KS7G6LT5ZCZLKYG64H99,KS1200H6XYN1CR0G5NZ0,KS1218W78FGVPVP2KXPX,11131318,32161416,27111213,27121210,32151014
NUAJPBPKVCM2,KS1203W702ND09XHKJR5,KS4419X5ZRKVGF6RWG6Y,KS122VW78Q67XR4C3ZDW,KS1200H6XYN1CR0G5NZ0,KS4407H64CVBMTRQZRCF,32171022,32161416,32131526,32131111,32171024
AELDWQXKE0QC,KS1218W78FGVPVP2KXPX,KS122HK6LN2MZHFY69GJ,KS4401F74RC4CCJ4DR2F,KS1253H61TTR1FZWSRH4,KS121BS6QFLZVY39PMHD,15111011,15101010,32121010,15111013,11221117
V3DR2H2P39YL,KSCH2TPBQX91532Y3Q8E,KS123Z75WFFSZPXNH04Q,KS122556LMQ829GZCCRV,KSFX6JBNDFS27G78LHSA,KSQ99JKTZ4VRBARWNW2X,23171521,23151010,23151016,23151011,15111013
UPQV9DY292IZ,KS440CJ703086SWDK8MJ,KS120SH6ZGPND59NX8J0,KSQPGV2XZO8UMNCC49LK,KS127H05WDKJ5BPKWVH2,KS1218H6YTH21VYCT4YN,22111416,22111215,22111311,19141311,19101010
673KLLZCUH1I,KS127H05WDKJ5BPKWVH2,KS7G24169Z487XMD80CY,KSZX7YZWNR5IDR1I2VMZ,KS123CZ6V1JC5FBNXX42,KS1245B69S835T6C8KB4,23171710,23171528,23171541,23171521,23151010
G62NGXCYNLAI,KS1227F76Q36LXJTZTK1,KS123X777H5WFNXQ6BPM,KS126X663B21NB77ZHSP,KS127WQ632MH4X9JDYN9,KSY51ARG5IAOJ5WCYU1H,32131111,23151215,23161111,23161210,25111110
23ARBBR7DKI5,KS1284G6K3M5B6ZT8ZBQ,KS12161691DMDRWTSBL3,KS122185W8CJGW4PSCRQ,KS124PM66CYVH7XC6F2Y,KS124QR6F19BX4WPMW1H,16141210,19101510,19101010,16141110,23171521
2ECLCES1KTIO,KSQPGV2XZO8UMNCC49LK,KS124KQ78ZWBPC39W1RC,KS44175745H9Q0DPBDNT,KS125B569R313XT23LHY,KS1203C6N9B52QGB4H67,21121010,20251010,21131110,21111510,21131010
Y5BFYGOU3HPF,ESEB1D4619E6E83A061D,KS1226Y6DNDT05G7FJ4J,KS441ZY6P0PDB5DWTRB8,KS127M36PQPZLCDRJ5FB,KS123QD6KPN9TV140LGZ,23171510,23161012,23161015,23171541,23171524
8RM9IILAOF4O,ES2CC185FC27BC0DF8FE,ESA5839C44D0970CF79F,KS121JN70DB9VHC8T9GN,KS1215Z6TK2JY562DFD4,KS1212B6QR5SK1LSD4S4,22101214,22111215,22101213,22101210,32131210
8HYEXF7JXJN6,KS1280P6542CXXZN0FHY,KS123MC78KV644P5DDZ0,KS1221N6Y93NC5QGP0TG,KS4418462TTGKL3CWJHT,KS128HF6HV6ZFR1RR2GC,13101010,20251110,26111010,26111210,26111110
7MHXOFKCGGXP,KS441K2756CXYXBG990G,KS121Z26S4VJLQ1WXN21,KS122556LMQ829GZCCRV,KS1224W5XSXCJBNSLLVX,ES6942CD173CAA05BA26,23171521,23151010,23171710,23151016,23151020
MF8YWT9OCNQW,KS120C76T2L99X2YNKS3,KS1263K71W66XVVGKG2F,KS1225K67C74NWDXNJSL,KSQPGV2XZO8UMNCC49LK,KS1289J6GL6C3ZS1437F,25111110,17121026,25111518,25111610,25101110
5EP4CWCDT9GW,ESC5567F7A6FA12D0DCD,KS122556LMQ829GZCCRV,KS1289C6QS0TSSB4PNGG,KS128FQ6BBT0M5LXV7GH,KS123B265CFH0RN8JB93,21131110,21111110,21111210,21111510,21121010
PYI46N05FL04,KS122HX6Q5ZY095QT8M1,ESD329DFE7AF20305B61,ES7A07CF87C516875B23,KSWR4RCZQM7RAQNUFC40,ESB92020333F27589A43,23121010,19121416,11191514,19161110,11181210
AH3QN21R91R0,KS1200H6XYN1CR0G5NZ0,KS0R7EAFEF4YURUY3RZR,KS1217568CHTXMHV7V47,ES36F4349696AA6C1AD0,KS120GV6C72JMSZKMTD7,23151215,32131111,26151117,18192011,26151114
6I3CE8ZNA8NZ,KS127QD6B0MS9Y1C4K3V,KSQPGV2XZO8UMNCC49LK,KS441Q86J95YM5FYKFWT,KS121W46CJXQ5ZQ506MS,KS1203W702ND09XHKJR5,20311610,20311810,20341110,20251510,20311510
EN2CQXRQTWCE,KS120L470LCJFX8WYB2G,KS1200H6XYN1CR0G5NZ0,KS126SW5ZZYP3HXXPX1X,KS1263K71W66XVVGKG2F,KS120C76T2L99X2YNKS3,25111110,25111518,25111610,25101110,25111515
58YJ9OHNJYPO,ES8B8C52EA70D3BD184E,KS7G7LT731301PM8PGN8,KS1217P66NK6BW72M9FH,KS126X663B21NB77ZHSP,KS43I7T7CU4Q66EGVQLU,22101214,22111215,22101210,22101213,22111216
DCLEDO515IGJ,KS123S46J5HRBLZRMRJ0,KS127D361PF0FTXDZ7C4,KS124JB619VXG6RQ810C,KS7AASDV6UOE7VFBGF4D,KS122556LMQ829GZCCRV,19141311,19101010,19141110,19101710,19101314
UAZ71UF09UYG,KS121056X529461ZF6XW,KSAS8LK1JG2Y0OLN4C53,ES51980193663083AED5,KS120D976LFGP57NKY7P,KS121056X529461ZF6XW,15101115,23121010,23112013,23111410,32131527
8GMNHIE9EDE1,KS127CD6TFVHL5L08RCS,ESE32E789240D17A61B7,KS120415VRMKCMYR91NZ,KS4412778KQ7P6YYCKTQ,ESDC58629CA141F03F92,19111010,19101010,19111012,19111011,19141311
WH8N92TP6QAQ,KS1258T726SRJLTWL70J,KS125MK6L8XN70ZS40ZY,KS120GV6C72JMSZKMTD7,KS1264K793QY5Q1BSXNF,KS128066XVJ3VBR23R8W,36111110,11191210,32101211,25111310,18191316
LSPJ6SFAS04L,ES65621B26F53842D8BE,KS1218Y74WJ6YV4KH0DM,KS120L96KMYTDJ48NRSH,ESEB1D4619E6E83A061D,KS122PT6RKPQ5KLM3XYH,23171524,23171541,23121010,23111310,23171712
6EXNWZR04HHE,KS120406FZSMTZF4M5SH,KS7G55M6TRB1N24LW2P5,KS440Z26T60HXNGBDLL2,KS120HC606XFBV3FV9PQ,KS123MC78KV644P5DDZ0,19101010,16141210,19141311,19111010,19141110
MVW9KQKEZNL0,KS4403M719YNXLXBSCH9,KS1203W702ND09XHKJR5,KS1228S6XKXWJ8SR7JYX,KS122556LMQ829GZCCRV,KS7G4ML61B2JX1H1003Z,16141210,23151115,23151111,23151116,32131011
F8QMQHZW22DP,KS122626T550SLQ7QZ1C,ESEB1D4619E6E83A061D,KS1256F60WNQ0Z47KN1R,KS125TB6YR6236RKM563,KS441846K903WT1RYDKJ,21131010,21131110,18151118,23171710,17141810
YXYUR4SOR8WM,KS121CM5YYWQM2077BF3,KS7G4YT72YHJ3BVJ4P56,BGS980AF7AB8E539DACB,ESA91D8112EB9ECA3570,KS123X777H5WFNXQ6BPM,19101010,19111012,19111010,19141311,19111011
BLU27XNPZCU7,KS1203W6419RJG2KW4QS,KSCH2TPBQX91532Y3Q8E,KS13USA80NE38XJHA2TL,KS123D26X2FQCP1WFT95,KS1203T6J7F2P3TG6Y6K,19111011,25111110,19111010,32101110,32171011
YPKW7493DXWO,KS687J575SCWVW3LR42K,KS125LS6N7WP4S6SFTCK,KS124VG6WSJ4SKFZV1T6,KS126BM74VLHGCD1P8Z1,KS126SW5ZZYP3HXXPX1X,23151115,13141111,13121011,20271110,23151114
S5DUPX06LBRH,KS127RR61H1X4CYBBZF5,KS123X777H5WFNXQ6BPM,KS121Z26S4VJLQ1WXN21,KS121Z26S4VJLQ1WXN21,KS123B75Z8CKNHP05L6Y,36161117,36161120,36161124,36161112,36161110
VC1U5W2K2UB5,KS127ZG6DBSF76WF7VYX,KS121YT721BY2F3M5YDR,KS123X777H5WFNXQ6BPM,ESAB2C2E5E7E78A3527D,ES6204EEE269AF03D4C4,27101110,32131011,27121210,23161012,15111013
THY25M8KB9W4,KS441NF73FWH2GS63B0F,KS120N16RKC5T8W8T9Q8,KS1224W5XSXCJBNSLLVX,KS440JG6G5M5XQSS6KH2,KS127D361PF0FTXDZ7C4,32121312,27111318,19121411,32161311,32151018
0CV3TLCXLVPY,KS123X777H5WFNXQ6BPM,KS125F678LV2KB3Z5XW0,KS1218B62M9QRBY8WRSK,KS127PY6XCQSQ6R44N9K,KSQPGV2XZO8UMNCC49LK,13101010,20251110,20251510,20341110,20341214
QCQAOOXJ93DR,KS124JB619VXG6RQ810C,KS440KB6FXGRQ72ZC2TT,KS122LT704SSN8FFW3T4,KS126HY6YLTB9R7XJC4Z,KS1222362L28K2KK3J7Y,21161211,21161310,25111610,10131210,23171529
CC8UUXOP63CT,KS1218W78FGVPVP2KXPX,KS122VW78Q67XR4C3ZDW,KS12752715S2P1XNBR43,KS1224W5XSXCJBNSLLVX,KS1200364C9C1LK3V5Q1,27111318,20341227,20301314,20341212,20341110
7WUQQ4TNDNQB,KS4407H64CVBMTRQZRCF,KS441GN6Q2947WVKP9T3,KS7G16D61SMNKDQZLKSV,KS1264Z76VQV2ZW2MB02,ES4E300E466ED52C0C8A,32171022,32161416,19181410,32131526,32171024
PWG3XG0TRKY8,KS1253H61TTR1FZWSRH4,ESEB1D4619E6E83A061D,KS124QR6F19BX4WPMW1H,KS1218W78FGVPVP2KXPX,KS440DF66LNYW3SHFJKL,15111014,15101111,17141310,33131310,23111310
GC50I32BUHBC,KS7G7GK6K3ZQ6N1Q1560,KS7G2VT72L9WMFRCG4G0,KS1281Y6QHJ8PQLHTZ6R,KS123X777H5WFNXQ6BPM,KS1203L5ZBS8NR0T5XN2,23151115,23151114,23151111,24161219,20231010
UD99XRO37U9S,KS122556LMQ829GZCCRV,KS122BM7899YNC6504SP,KS122556LMQ829GZCCRV,KS4417C64SBZ4MTY17ZL,BGS409FD4E9C8053A315,19111310,19101512,19101022,19101611,19101511
4IVSOLMLGSES,KS128285YNW0TKR1284Z,KS122556LMQ829GZCCRV,KS9859HJ5UHFJ7ODS0ZM,KSKJX44T33B6D4UCC8CB,KS1258B6FBG9B2CQ169N,19101314,19101313,19141311,19101010,24151222
3IW5LV0KRVC9,KS122FV73MMMYFGYMTTY,KS122626T550SLQ7QZ1C,BGS9959F1701BBE5E072,KS441FR6L2YYQLPZBQRC,KS122D46PJ09YVSBV9DW,21121010,20251010,21111510,21121110,21131110
7DZNAXS88UAL,KS125F678LV2KB3Z5XW0,KS440PV6FRJ90X0QFNLY,KS120GV5ZXR64CJLL1J4,KS121BS6QFLZVY39PMHD,KS126HY6YLTB9R7XJC4Z,27121313,27111214,15111011,27111222,27121210
R518ML948U3L,KS120WT63K4HC6NX7QXV,KS122MK65TBR6RDBZL1P,KSQ99JKTZ4VRBARWNW2X,KS1248J6ZXTXG1Q705V4,KS12571603WK30XFFFKS,36161117,36161120,36161112,36161124,19161111
9INTUO1R35G2,KS4407J6G3HPTRRSNZR6,KS120L96KMYTDJ48NRSH,KS126L563YF9YNQQQ832,BGS70D1A942175516C1E,ESF6784E14B1812D7FE4,32161312,32171029,32131511,32171022,32131527
KZ24I11QJD5L,ES3EF0AC27C63CC2CD8D,KS1218W78FGVPVP2KXPX,KS122B071LMGXVTT3Z91,KS1218H6QYLZC35BYH32,ES1C53496B6F1ECEDD9A,20251510,20311610,20341110,20311510,13101010
MOZKNHPVRWBR,KS1282N6NQMZ95M1HJ7L,KS122NR6NY1KB0TD40G4,KS126D668BLGSC15GFLS,KS122VT6S2JJ5C5D80NF,KS440ZD755Q6PXM8Y1T8,23171310,23171410,23171541,27111320,23171521
DQD6OD6IH10E,KS1219570C4LCP9ND4FH,KS127QD6R8SVZFYYKLLM,KS560WWYRXCX5ABQRPKB,KS126CM78T30RTP4PBYM,ES5699F00D7EEC40F0A9,27111222,27121313,27111214,27121210,32101010
3D3SCPQ4RV92,BGS9D0AC44C13FEF8961,ES38A9E24ADFCCD436DC,ESEB1D4619E6E83A061D,KS121Z26S4VJLQ1WXN21,KS4407F6YY6SBS730MJ8,13101010,19111011,20251110,19111010,19101210
9C70TRVTFMRM,KS121Z26S4VJLQ1WXN21,KS441DK5ZDF8Q8FWL19R,KS121Z26S4VJLQ1WXN21,KS127H05WDKJ5BPKWVH2,KS1237L6PKFC8187JKW5,19181312,11221117,19161111,19161012,11191111
Q18OVEUUR656,KS122F96DJHT3ZXB8FCZ,KS127D361PF0FTXDZ7C4,ESED820E6065D9AA8D6F,KS125Z26XB67Y67KBRYP,ESC619D7AA30E9653712,21111010,11181013,21111510,21121210,21131110
JUDL3AF6KKFE,KS122556LMQ829GZCCRV,KS1206V6K46N1SDVJGBD,KS440Y975RD841M02V3S,KS44175745H9Q0DPBDNT,KS120W86KJ30NQJCQ3ZP,16141210,19101010,19141311,19111012,19141110
PUSRZAEQOXBE,KS441K2756CXYXBG990G,KS1219S69HLWD9V0GPMS,KS120076FGP5WGWYMP0F,KS1200H6XYN1CR0G5NZ0,KS122NR6NY1KB0TD40G4,23171521,23171541,23151016,23171528,23151010
7A0KLL5ZNLNC,KS124JB619VXG6RQ810C,KS128J16JN44MV9TPN7W,KS122P16DMVQL50L733L,ESEB1D4619E6E83A061D,KS126X663B21NB77ZHSP,23121010,23101010,23121311,23111310,23101110
S36EYFA2U5QH,KS122MK65TBR6RDBZL1P,KS1280B68GD79P4WMVYW,KS123X777H5WFNXQ6BPM,KS1219977HCLGR8H96W8,ESED820E6065D9AA8D6F,23151115,23151111,23151116,23151114,23151112
7ICDO5DIGXL9,ES8B03DAD3B526316ED9,KS4418371TN1X41T1P3G,ESB87EC70FDF3F26D384,KS124JZ5VYRZ5MJ85N2B,KS125B56QRYZLXXCSM5Q,32161311,23151115,32161416,23151111,32121312
F1HX6ZDCUJQ6,KS125B569R313XT23LHY,ESA010506887B0AD41BF,KS123X777H5WFNXQ6BPM,KS122B071LMGXVTT3Z91,KS123Y76D7JBC3TT7S7W,19101010,19141311,19111012,19111010,19131211
61UM04ACC7Y1,KS1218W78FGVPVP2KXPX,KS1217P66NK6BW72M9FH,KS1228M6S0Q13JW8NV10,KS1217P66NK6BW72M9FH,KSKJX44T33B6D4UCC8CB,32131526,32101110,32131520,32171011,32131510
JA6MIH6SPGY5,KS441QM6LTNMGDSQKHLC,ES501046F1CC91CBA0D3,KS121Z26S4VJLQ1WXN21,KS127RR61H1X4CYBBZF5,KS441076RVCYNSQP485M,22101213,22101214,22101210,22111215,32171011
PEQW6YQEF864,KS124GV78MYQ469S38M8,KS120PQ6XD1JWMFQVJNW,KS441FM75ZDSSYXG6M84,BGSDD5FB715C9C84D8AE,KS121YT721BY2F3M5YDR,32161416,23151115,26131114,23151111,23151114
F9PML9LN1P0V,KS1256W6MPKRNM11QMPM,KS127ZG6DBSF76WF7VYX,ES9BD12EB76B360E0E89,KS680KR72KH02C5GM5TY,KS681KH79MJLQDPB9T88,27111222,27111221,27121210,32131011,32131311
9X6GTX9GSDIK,KS1222G6RD9GBB7Q6FY5,BGSDD5FB715C9C84D8AE,KS1281M7573BG4S5QKMT,KSQPGV2XZO8UMNCC49LK,KS120H6772VQ0MQ5RLVD,32161416,23171524,23171541,26131114,23171810
0J3OKEKSK2VP,KSQPGV2XZO8UMNCC49LK,KS120HK5XY6JV257QLTX,KS120QQ6ZN003B8B7FK1,KS120RN6FDTS9FLCH3T0,KS1259D6L30YYG3XR3VL,23171310,23171410,11221117,27111320,11111012
JQZDCSE09458,KS122FM6NS52BCDZ7GWT,ES96FCF4ED9A9B0D33E3,KS126QY605N7YVHFYCTW,KS1222C6WKYWRKRXQCR0,KS128066XVJ3VBR23R8W,27121210,27111222,27121510,23171541,27111214
2JN67LM8E49I,KS120VC7108H86J50CYW,KS120RN6FDTS9FLCH3T0,KS4418H63Z3RP725L3BW,ES1C6666E09C6F423FFF,KS4425C7820LCHZS7VGX,16141210,23131115,16141110,32131511,16151311
8T49LXLE0BCT,KS120XP6CN6P1K86V6DZ,KSKJX44T33B6D4UCC8CB,KS127D361PF0FTXDZ7C4,KS122CB6Q88SGJ14VL6X,KS441K2756CXYXBG990G,32151013,32151015,25101010,15101116,15111010
P89UKAI77LX9,KS1225T707CD39S7QHV4,KS121YT721BY2F3M5YDR,KS7G2F36GFX1K55V6GK4,KS44241613XS4PFB9NNS,KS1281Y6YGNRX3STZXTW,32131111,23151215,18111114,18151212,18151213
JQYJV84A1X7O,KS120W86MGP2XXV2NDCC,KS123TB6ZJGV3SJ0ZTZ7,KS441K2756CXYXBG990G,ESEB1D4619E6E83A061D,KS1244K68C6XP7VF1ZCX,19101010,19111010,19111011,19111012,12101211
N52V58NG0DLH,KS1217P66NK6BW72M9FH,BGS1ADAA36DB65721AA3,KS1280B68GD79P4WMVYW,KSMNXY6MPS1EDWJ8P6B0,KS1227P6FBK34WLH6X8Z,12101212,24161010,32131526,32101110,32171011
358GEEJGBJXG,KS126ZL6TXFKBYS81FPF,KS1206K65FLW37R4W4Z5,KS122556LMQ829GZCCRV,KSKJX44T33B6D4UCC8CB,KS121FD6C54FQXWLKZSF,19141311,23161111,23151215,19101010,19141112
90QCBCBE98SA,KSN97GEUHPNGNAQFDCGY,ES9BD12EB76B360E0E89,KSZ61G2PSJVHHYDCWD9V,ESED820E6065D9AA8D6F,KS125Q164VVZ10LN2FBN,23121010,23121311,23121312,23111310,18131310
VDDT8NCHD8ME,KS121FC62SMJJD40TYZ4,ES70CD6E89F6DAD8F319,KS122556LMQ829GZCCRV,KS122556LMQ829GZCCRV,KS124QR6F19BX4WPMW1H,13141111,20271110,13121011,32171011,13141012
XJ8UWOWKZM92,KS124WD6XB7RT57LR817,KS1218W78FGVPVP2KXPX,KS1253Q66NQSNHM7JR49,ES9E625C2D299C5B9C91,KS123X777H5WFNXQ6BPM,20251510,20341110,20311510,13101010,20251110
TY93LV3C3K77,KS1218W78FGVPVP2KXPX,KSC1RRO3AS84AHEBGS9E,KS441FM75ZDSSYXG6M84,KS1203T6J7F2P3TG6Y6K,KS124VJ71BKMYXC1PP09,14111117,32171011,23151115,32101110,14111115
B45D5KGF39WF,KS1200H6XYN1CR0G5NZ0,KS1228M6S0Q13JW8NV10,KS121Z26S4VJLQ1WXN21,ES32FA076CE75DC246FE,KS121B46N5FP9H8BB3YX,26161110,14171110,25111110,25111310,25111610
BY7UXU23VD14,ES8B03DAD3B526316ED9,KS125F678LV2KB3Z5XW0,KS122PF6FZS3609GDG0V,KS440XG6F9DTD3VG7JTV,KS127M36PQPZLCDRJ5FB,23161012,23161015,23121010,23101010,23101110
7QUUSFN07EA2,KS127D361PF0FTXDZ7C4,ES3937EEC3D5D7345412,KS121ZH6P3FLG2QS4QGN,ESA420F05EBBD34B3C2A,ESC5D43299E32C5B42AD,23171524,23171712,33141110,23171541,23171510
QYEZG52KRE4V,KS4407G6ND5G62WTMPHF,KS126726J0CN94Z80L06,KS441KY68HKGKKH509BV,ES2F712D74818EF2888E,ES87885D4EDB576917C4,32161012,17141410,19111011,19111010,19111012
3DD03UVULEMX,ES3A33737C74D25D112A,KS122HK6LN2MZHFY69GJ,KS120GV6C72JMSZKMTD7,KS123765YM5G7W7LXPR0,KS1241P6PXRCKTDSWHTV,16141210,27111210,32181013,27121310,16141110
333ZA49XUD9R,KS1232D6PH6SBVWWPQWC,KS121F760MT5QS38TK2S,KS124685Z7C03V020F5V,KS122626T550SLQ7QZ1C,ES501046F1CC91CBA0D3,23171524,23171712,23171534,23171710,23171541
KUZU9SH7N1BQ,ES71C18378814E6740D6,KSQPGV2XZO8UMNCC49LK,KS121YX5XHV5QPYV2TXL,KS4410173TZ609WJBC60,KS441DK5ZDF8Q8FWL19R,11131010,11221117,11191014,12101210,12101310
G1R1CQKIH548,KSQPGV2XZO8UMNCC49LK,KS123X777H5WFNXQ6BPM,KS124KQ78ZWBPC39W1RC,BGS639B20D969ADB75B1,KS121Z26S4VJLQ1WXN21,21121010,20251010,21131110,21111510,17151010
TD3ABEG1CJ8P,ES7CA4F00390885DBAAB,ES1C53496B6F1ECEDD9A,ES2598358CF9F778ACCA,KS123X777H5WFNXQ6BPM,KS1218W78FGVPVP2KXPX,23171524,23171712,27121313,27111214,32131011
1W0XWXVTX6PO,ES69309AF58524301F64,ES70CD6E89F6DAD8F319,KS123Y76D7JBC3TT7S7W,ES484ABAD1C3ADD618F5,KS124QR6F19BX4WPMW1H,19101010,19141311,19111012,19131211,19111010
BFYW372VIUAD,KS1220H6CP1BQGH9STNK,ESEB1D4619E6E83A061D,KS125RT75ZYS4TCFJ0H8,KS127D361PF0FTXDZ7C4,KS128HP65N6N70YV5ZM7,32131526,32161416,32131510,32171011,32131520
EN3MACMVB9ZX,ES6C29DABFE2921A7EA3,KS122F96DJHT3ZXB8FCZ,ES75388526FA5C8C8C76,KS1203X6ZDCNW2J3RC4X,KS441PL6JPXW200W0GRQ,19111012,19111010,19111011,19101010,19141311
FWMVYTSU2MSG,ESEE2FE3695A215DC6DC,ES1DABE904AF1AB305B6,KS7G16D61SMNKDQZLKSV,KS126JR6F5V2TRCLB1H5,KS127D361PF0FTXDZ7C4,23171510,27111210,27111110,32131111,27121310
C6JWCZ3BQFRB,KS120HC606XFBV3FV9PQ,KS120GV6C72JMSZKMTD7,KS1226Y6DNDT05G7FJ4J,KS125BG6MXPZSGP32FS2,KS120LB6XV5409BCQ0NF,16141210,19181312,19181313,16141110,23161012
3SCSBLLWNAK2,KS122556LMQ829GZCCRV,KS1217R6SMDJ0WQHN6LK,KS124QR6F19BX4WPMW1H,KSKJX44T33B6D4UCC8CB,KS1218B62M9QRBY8WRSK,14111117,14111115,14111210,14111114,11221117
RKWWCF5DEK42,BGS694B38D7C826D2ECA,KS1226N77K2R22TWDSSP,KS125LS6N7WP4S6SFTCK,KS128066XVJ3VBR23R8W,KSUUTDX0D22Z4TLFR62I,23171611,14141110,36111110,26102110,23171610
N6V3RZKDU6FO,KS1259D6L30YYG3XR3VL,KS122B071LMGXVTT3Z91,KS123DP6JFXMPMKNCLG4,KSJF3PBD3995K6E0OF1Z,ES899BA440FA3441F22A,25111110,23171521,25131710,25111518,25131810
BWX0S4T0KZXG,ES236B732A7C2CCB39F0,KS120LB6XV5409BCQ0NF,KS441QM6LTNMGDSQKHLC,KS7G4ML61B2JX1H1003Z,KS125F678LV2KB3Z5XW0,16141210,32131011,32171011,23161012,16141110
O2T7Q0ECDC9Y,KS123X777H5WFNXQ6BPM,KS123YJ6KVWC91BTMB4R,KS441DK5ZDF8Q8FWL19R,KS680KR72KH02C5GM5TY,KSQPGV2XZO8UMNCC49LK,19111012,19101010,11221117,19141311,19111010
VBJRBZJW8357,KS1231M6M7DML5NQCX8V,KS1280K6PZTLX1TBMQ52,KS440D46TXLZWJB033XL,KS1258V6DQN98LBHNWP7,KS121976B5FMM8M5NTQ0,27111214,27121313,27111222,27121210,27111221
J4XYBRXFX3AT,BGS11665AC6BD06C5EBD,KS126QY605N7YVHFYCTW,KS123FS6SM7YBY0BS2T7,KS122556LMQ829GZCCRV,KS122P76RK0FDFPLR32K,32171028,23121010,23121311,23111310,23101010
P3A0MQ4XO06R,KS440Y87796WPP7W46RT,KS120V86MZWV9Z9LKQY3,KS122556LMQ829GZCCRV,ESF2C5D269F58AE3BA49,KS124JB619VXG6RQ810C,20311610,20231010,20341110,20231210,20241110
BQGU3OBYGHGK,KS127RT62P0W9B6Y0LTY,KS120G46L9CJTDNFZD6L,KS123XL73F2L2R1ZXK0K,ESC5567F7A6FA12D0DCD,KS44086772RVPJQ1SVW6,32131612,32131520,25101210,32161416,32131611
K94W6WUUMO7O,KS1217P66NK6BW72M9FH,ES9B78F71AABE6DB73F6,ESE8E6C89348587B4CCC,KS122VW78Q67XR4C3ZDW,KS122555YNWMN79XR7DH,16151010,27121210,32131011,27121312,27121510
JJ9GZKVBN9JN,KS1227P6FBK34WLH6X8Z,KS7G2F36GFX1K55V6GK4,KS120RN6FDTS9FLCH3T0,KS441ZY6P0PDB5DWTRB8,KS4425C7820LCHZS7VGX,23171510,23171524,23171541,23171716,23171511
OIKIVQA7IZQ2,KS120SQ5W4Q57JMD2Y81,KS440MG6RG8VTDWBK38S,KS122556LMQ829GZCCRV,KS1265F71V3PY4KH0JW5,KS440W3640PNXPGB5MSW,12111011,19191010,12111010,12111111,27111320
OQO0J4EAISDK,KS122HK6LN2MZHFY69GJ,ES9BD12EB76B360E0E89,KSKJX44T33B6D4UCC8CB,KS1200H6XYN1CR0G5NZ0,KS120SR6WD1FP76Z6GC2,15111013,19121711,32161416,12101212,15111011
VUBQEZQJPAL1,ES330CA52F22BBE253D3,KS123X777H5WFNXQ6BPM,KS7G09N768FLPTYZWXWV,KS122YN6108R0RSDXXRC,KS121Z26S4VJLQ1WXN21,16141210,32131011,27121210,27121313,27121510
GTT0IAAKYTT3,ES5515E43EB7FBC6BB6A,KS124RX787SQ1WVD8XF6,ESE7CA30002FF7223764,KS124F463KMJQGJ9DGGV,KSKJX44T33B6D4UCC8CB,27121313,27111214,26101517,27111222,27121210
5YUZTW32ATXA,KS1248L77TSY3J2V2XC1,KS7AASDV6UOE7VFBGF4D,KS1218W78FGVPVP2KXPX,BGS8B8D42612C037B185,KS125ZB6BWF5RY40BH1B,19111010,19111012,19101010,19111011,19141311
03DAZ3RWBJ9C,KS1225S77RQ7T10BMPXN,ESF0C9A7B3C4BB4D375D,ES75388526FA5C8C8C76,KS123MC78KV644P5DDZ0,KS1267F6MSPN366LX7ST,12101212,15111013,12101310,14111117,32131411
DHGZZ0JKIBU4,ES6204EEE269AF03D4C4,KS1226N77K2R22TWDSSP,ES5A48B64B63BC943CF3,BGSD2202B2068482C30B,ESC57A8942DF5588EE71,19141311,19141110,19101010,19111010,19101710
JPJLBWJ1IRVA,KS126X663B21NB77ZHSP,ESD2D457783B84F78E33,BGS1FCE2AB7FEAB78B2D,KS7G55M6TRB1N24LW2P5,KS123Y56VDHMZ288XX1W,27111214,27121313,27121510,27101024,27111222
HWM518ZRMPGX,KS1218W78FGVPVP2KXPX,KS124QR6F19BX4WPMW1H,KS1283R6BBX34S61XLQS,KS122QH61S50VM1MYT9V,KS122C06Z8NDM5G6NYNT,23121212,23171810,23171541,23171540,23111310
98E3R037ODN6,KS1218W78FGVPVP2KXPX,KS124JB619VXG6RQ810C,KS124JB619VXG6RQ810C,KS122S8606ZY2MRCQG5R,KS1203W6419RJG2KW4QS,19111011,19111010,19111012,23161115,19101010
SRLZXWW4HUDS,KS1253H61TTR1FZWSRH4,KS122Y2690XG35MVZ4N1,KS123X777H5WFNXQ6BPM,ESEB1D4619E6E83A061D,BGSDD5FB715C9C84D8AE,16141210,32161416,32131011,27121210,27121510
MPQ0HZYJB48W,KSS30WWC1QZQY5T61CS5,KS1215Z6TK2JY562DFD4,KS122LZ65M6D6TNYLP9Q,KS1200365FTR9X0M96T9,KS1238J5Z67LVF879RRH,27111222,27121313,27121210,27111214,32131011
23TU8LM7XXCN,KS441PC61LH6SWW9P97Q,KS125LS6N7WP4S6SFTCK,ES6A85F7857B9B6BDE81,KS121XY60R6Z5C3R172K,KS127D361PF0FTXDZ7C4,23131115,23131110,18171015,16131015,18121010
38YHEDXFE3JW,KS440R072CLZFQ3FWGG1,KS1289C6QS0TSSB4PNGG,KS120RN6FDTS9FLCH3T0,KS1217J6B5FTXYYNSTZY,KS1218W78FGVPVP2KXPX,21131010,21131110,21121210,21121410,21111710
S1SPZ0CIUWKW,KS122LF6587VF0NZFZJW,KS123X777H5WFNXQ6BPM,KS126HY6YLTB9R7XJC4Z,KS1203W702ND09XHKJR5,KSMNXY6MPS1EDWJ8P6B0,17141110,17141910,17171610,17141810,19101010
HHW9IN05OSTM,KS7G09N768FLPTYZWXWV,KS123X777H5WFNXQ6BPM,KS1226Y6DNDT05G7FJ4J,KSKJX44T33B6D4UCC8CB,KS120SR6WD1FP76Z6GC2,15111013,32161416,19121711,15111011,12101310
RMVCDWX9MY4I,ESEB1D4619E6E83A061D,KS441RD6NRHRTH3K7RCB,KS122J56PZMMFL1SVY1F,KS1218W78FGVPVP2KXPX,KS1208P6ZMZ4N872Y7X5,23111310,23111010,19131211,11111012,23101010
XTJBLDWV7NAQ,KS126SW5ZZYP3HXXPX1X,ESC80C5E846C65F847EB,BGSDD5FB715C9C84D8AE,KS1218W78FGVPVP2KXPX,ESC6CAB34BAC9B6A39FB,33131010,32161416,23141011,26131114,23141212
GIORFZCP83JU,KS125B569R313XT23LHY,KS440PV6FRJ90X0QFNLY,KS125QQ61B0JLDS3C1GM,ESE804C353E12807FEF4,KS1203W702ND09XHKJR5,26111210,27121210,27121313,32131011,27111214
YF8Z1R505S34,KS1226Y6DNDT05G7FJ4J,KS1206Y6W7F5JS3VBTFL,KS4407J6Z571SVT9W1Z5,KS122C06Z8NDM5G6NYNT,KS1203C6N9B52QGB4H67,16141210,11161410,32131011,16141110,27121210
X80NKXKBEFQ7,BGSB1AA3A12976AFDDA2,KS127D361PF0FTXDZ7C4,KS128066XVJ3VBR23R8W,KS122555YNWMN79XR7DH,BGSF8F92128E5E2E5437,32151014,24161220,32161416,36111110,32151018
LN1B5OU833Z5,KS1204L6HNLVRQVG3JHR,KS122556LMQ829GZCCRV,KS124QR6F19BX4WPMW1H,KS127D361PF0FTXDZ7C4,ESE32E789240D17A61B7,23171528,23171710,23171524,23171541,23171511
OLAFSJWCCWWJ,KS121326HQQ7XJQMMPLD,KS122QK6TH01FWQ9X8CH,KS1280S771DDR7GYNBJH,KS1241L7737YL9MVMX76,KS1274X67LJPGGMXQL6B,20251510,27111214,27121313,27111222,27121210
GUMDF4NZKRSN,KS125ZB6BWF5RY40BH1B,KS1248T6MC5L69MZ2L3R,KS122556LMQ829GZCCRV,KS120VC7108H86J50CYW,KS121Z26S4VJLQ1WXN21,32131526,32131511,32131520,32101010,32171022
97XO485D4VUE,BGS849B47C6A8EBB05D8,KS122556LMQ829GZCCRV,KS1208X76FB40ZXZXY03,KS124QR6F19BX4WPMW1H,KSWXHT30GQY9B4QSXC5O,11211010,11211211,11211014,23112013,23111410
NQ4O7VS8CHKC,ESEB1D4619E6E83A061D,BGSDD5FB715C9C84D8AE,KS4424Z5XFZY3ZHHMV6T,KS1241J6PC0N3DT65QG8,KS7G4YT72YHJ3BVJ4P56,32161416,21121210,21131010,32121312,21121010
PO4LJEDGFJDL,KS121F45VPV8C9W3QFYH,KS128HF68B3GJ72NW12M,KSKG9OA3NDST6929VROF,ES383B16CCA5EC68F385,KS1203C6N9B52QGB4H67,19161111,19121011,19161110,19121416,19161012
XU43IEDD070E,KS1253H61TTR1FZWSRH4,KS1231R6Y7JJ3J5DS6JM,KS4421765YF4MX2SQZSX,KS1203W702ND09XHKJR5,ES1B33296DDAE6EFAC74,27121313,27111222,27111214,32131011,27121210
PBMYOFQEWAOU,KSVV7L26JZNZ4SX5QH95,ES76F4C57A88877D6D64,KS122556LMQ829GZCCRV,BGSA720E33A12FF07972,KS128716HL1C1Y0ZS84Q,15111011,19161111,15111013,32131516,19161012
X99DBK4EPBO0,KS122556LMQ829GZCCRV,KS681KH79MJLQDPB9T88,KS1248P6CJ6XH85L8SX2,BGS562744528524D0AC6,ESF5E4E161916F0E64A4,21111110,21131110,32151015,32161416,19161111
44QX1CLMMVH7,KS1227G66P02RR405S78,KS1220J6HKW77MYLLNC0,KS1224W5XSXCJBNSLLVX,KS440D46TXLZWJB033XL,KS122VT6S2JJ5C5D80NF,23121010,27111214,27121313,27111222,23151115
YQ8QDS4ZNZQ7,KS1203T6J7F2P3TG6Y6K,KS681KH79MJLQDPB9T88,KS1218B62M9QRBY8WRSK,KS44175745H9Q0DPBDNT,ESBB25E657EBB510F419,32171011,32101110,32101010,19111011,32131526
FC5Z5L9HGMTV,KS122WH6VB5HJM0YKXK9,KS7G4LS6H45498JLTX0P,KS124JC6CHGJ6YGD3JJ7,KS7G2F36GFX1K55V6GK4,KSDJCA4E89LB98JAZ7LZ,25131710,25131410,23171524,25111110,25131810
5RLRDIHSA7HE,KS124GB6X82809KJ6ZSZ,KS123Y170CZM0V5Z3XXB,KS121FD6V0JF1LKMF37Z,KS44086772RVPJQ1SVW6,KS122PZ6PCZ9JYT0Y5WH,21131110,23151115,21111110,23151111,23151114
IRJUTFVJ839A,KS1276W6L2D0CXQXWHJN,ESB7D4D9034BC8B2CAB1,KS127ZG6DBSF76WF7VYX,BGSF4861EC9A4C7D82DA,KS122B071LMGXVTT3Z91,19111212,19111210,19101410,19111213,19111211
IY1UV52QFE98,KSOVUQHJIJAIHI0SZNZ3,KS1261Z68KSKR1X31KS3,KS126256R04NWVG6Y5C0,KS1225S77RQ7T10BMPXN,KS122556LMQ829GZCCRV,23111410,14111117,23111310,25111110,12101212
OYNRY6K7AYLP,BGS8D98954E4BDDA9679,KS681KH79MJLQDPB9T88,KS4410Q6DM7PPR6ZC0P7,KS441K2756CXYXBG990G,KS125Y462DTP41N0WP4M,19121416,19121510,19121511,19121413,25121010
W3J6SOG2LBWT,KS122FV73MMMYFGYMTTY,ES6204EEE269AF03D4C4,KS7G2FX6L5L0NXGGHKMH,KS125LS6N7WP4S6SFTCK,KS127ZK6MBRN29QBC755,21121010,20251010,23161012,21131110,23161015
S8VMWMFKYOF4,KSUFOKJ4QLLERL231QLO,ES93374D273ED49FAFEA,BGS21E6F1AA864072D74,KS1239W6QZKL1H0TF1TJ,KS12403769SV21756FDY,32151013,32151014,22101110,11181010,32161416
CNFU2HERSNUN,BGSDD5FB715C9C84D8AE,KS1226L6XYT1N27WRYJM,KS123X777H5WFNXQ6BPM,ESE1B279F38C73E025BD,ES6860EBF2AF1A87EAF0,16131010,32161416,16131015,23131115,16141210
VYB6LI076A3K,BGSD710D10CB6864BCBF,KS1267F6MSPN366LX7ST,KS126G76RCMD7LSXHZC0,ES5515E43EB7FBC6BB6A,KS1219N6Z3XQ19V0HSKR,23171510,19161111,20131312,24151222,20131216
JZ2KB67RIZ2H,KS1282V6RW0T9X7HH284,KS1218W78FGVPVP2KXPX,KS123Y56VDHMZ288XX1W,KS1241P6PXRCKTDSWHTV,KS120XP636CB5432F5TP,19101010,19141311,32131111,19141112,19111010
JMH6T4U7S0KD,KS7G09N768FLPTYZWXWV,KS124QR6F19BX4WPMW1H,KS122556LMQ829GZCCRV,KS7G2F36GFX1K55V6GK4,KS440W865GC4VRBW6LJP,23111310,23101010,23121010,11111012,23101110
Q0H4S41F2GQN,KS122556LMQ829GZCCRV,KS1284N6ZGVR60Z44TGW,KS1227P6FBK34WLH6X8Z,KS120H6772VQ0MQ5RLVD,KS1218W78FGVPVP2KXPX,23171524,23171511,23171712,23171510,23131116
YU8TN8FQMJ22,KS123H46XPW3L3S07696,KS125C05ZSYGWN3V1DXK,KS1265D6RGJL2Y4J6V5B,KS1218B62M9QRBY8WRSK,ES6307DDE7C7ABFDEA76,20341227,20341212,20341216,20341221,20341222
KNBD9O45FG3M,KS123X777H5WFNXQ6BPM,KS1217J6B5FTXYYNSTZY,KS121Z26S4VJLQ1WXN21,KS1256W6MPKRNM11QMPM,KS1217R6SMDJ0WQHN6LK,21131010,21131110,14111210,21121210,21121410
WCT8JBBSXPK4,KS122556LMQ829GZCCRV,KS123X777H5WFNXQ6BPM,KS121Z26S4VJLQ1WXN21,KS7G09N768FLPTYZWXWV,ES6942CD173CAA05BA26,23171521,23151010,23171710,23151016,23151020
XK7OX4ROYLQF,KS120LB6XV5409BCQ0NF,KS44086772RVPJQ1SVW6,KSDMUMHE63DLB9OKKW37,KS1287M692W39DYZN8ZZ,BGSA4D7CD0B47984D29A,21131110,32161010,32101121,21131010,15111013
S8Q185GSCMNU,KS127RT62P0W9B6Y0LTY,KS441S06L3NZBK0D6JM8,KS121Z26S4VJLQ1WXN21,KS121BS6QFLZVY39PMHD,KSO6IQ5T7F4TEUNX88SL,32131612,32131520,15111011,32131611,32131516
5EP3NQ6FXYPA,KSNZWKEHKHI8AO84T47R,KS1253H61TTR1FZWSRH4,KS123DG61YD6FCBK57FR,KS44086772RVPJQ1SVW6,KSDJCA4E89LB98JAZ7LZ,23171524,23171712,23171510,23171511,23131116
5A8389214311,KS123MC78KV644P5DDZ0,KS123SZ5ZKHS1PS8XJDH,KS4418G65ZT0JSGKHZLS,KS1219261TYVPMGX8KVQ,KS122556LMQ829GZCCRV,21161211,21161310,25111110,11231010,25111610
N9WSZV83XPHX,KS123X777H5WFNXQ6BPM,ES5F5B7360E527A2CDF1,ESEAE801D753FD7B7877,KS43I7T7CU4Q66EGVQLU,KS120VC7108H86J50CYW,32161416,32131511,32131520,32131526,32121312
3T2GQYLTX182,KS1253H61TTR1FZWSRH4,ESF14A354DDD69B5FBD4,ES42D3A470FCF7CAB0E5,KS128866SHL94J005TTG,ESCB38C6B130340D9E34,27121510,27101212,27101024,27121210,27111222
9UU2BL7AMKOH,KS121YT721BY2F3M5YDR,KS1206V6K46N1SDVJGBD,KS441DK5ZDF8Q8FWL19R,BGS59240AE3D273EA166,KS1267F6MSPN366LX7ST,16141210,16141110,32131011,27121210,16111010
9VQIET4AKW6Z,KS123X777H5WFNXQ6BPM,KS1218W78FGVPVP2KXPX,KS1259D6L30YYG3XR3VL,ESC1166A9FAE0B23BDCA,KSKJX44T33B6D4UCC8CB,23151410,23171543,23141111,23151115,11221117
C50B8Y5DNWNG,KS120WQ677W47TWMCBB2,KS122C06Z8NDM5G6NYNT,KS127ZG6DBSF76WF7VYX,KS1200771D9CR9LB4MWW,KS126HY6YLTB9R7XJC4Z,19111012,19111010,19101010,19111011,19141311
LOYEYQE6836H,ESED820E6065D9AA8D6F,KSKTUYXH8ST5BV1AJN76,KS1203C6N9B52QGB4H67,KS1248Y64RQSW7V8CFY6,KSQPGV2XZO8UMNCC49LK,23121010,23151216,23151010,23171543,23151016
WZUACZRRE5OZ,ESF7CBEBE067150B911F,ESED820E6065D9AA8D6F,ESC5567F7A6FA12D0DCD,KS440K96L5VKMH3ZNBJ2,KS1206Y6W7F5JS3VBTFL,32131011,27121510,27121210,16141210,32161416
MSY5YPC7SYR7,KS127D361PF0FTXDZ7C4,KS120ZX7019J4V8DHBTM,KS120SX6LJL1S06TG6QD,BGSF524DF9FB0A18C04D,KS7G0DQ67KZ6M95B3V5T,21111510,21121010,21121110,20251010,21121210
LF43RSASVI1X,ES8B03DAD3B526316ED9,KS686RZ6M19R2T9BJK73,KS121FD6V0JF1LKMF37Z,KS120HK5XY6JV257QLTX,KS123X777H5WFNXQ6BPM,21131110,32151018,21131010,21111110,32161416
3X8MBGL2MCXN,ESCD8443577A42E8AB72,ES249EC655339813E06E,KS1217J6B5FTXYYNSTZY,KS1281M7573BG4S5QKMT,KS123X777H5WFNXQ6BPM,11161610,21131010,21131110,11151110,11181210
YBO1Y97JYLAQ,KS1217P66NK6BW72M9FH,KS120LB6XV5409BCQ0NF,KS120PQ6XD1JWMFQVJNW,KS1225T707CD39S7QHV4,KS123Y66DNRSJ1QGK9NW,23161012,19131211,15111013,19141112,23161015
9JVB6HPPHPM0,KS1203C6N9B52QGB4H67,KS125Y462DTP41N0WP4M,KS1200H6XYN1CR0G5NZ0,KS120016K8T4NSLN5Q6K,KS7G2FX6L5L0NXGGHKMH,19121416,19161111,19121011,19161110,19121511
9W2ZZS7CCZWI,KS125RT75ZYS4TCFJ0H8,KS121W46CJXQ5ZQ506MS,KSCH2TPBQX91532Y3Q8E,BGSA720E33A12FF07972,BGS16C952D775A16E650,15111011,15111013,19161111,32161416,32131526
27JLLZ90Z23Q,ES7FE13B6C6055798569,ES26F70DE1799788D6F9,KS1200B62W5ZF38RJ7TD,KS441DK5ZDF8Q8FWL19R,BGS1FCE2AB7FEAB78B2D,27121510,27101024,32131518,27121210,32131011
A4NUTHO6969P,ESA5839C44D0970CF79F,KS7LO8P3MXB93R3C9RWL,KS124VF5YCVWCW6NR1Z6,KS126X663B21NB77ZHSP,BGS7B708B9B8F0CC6ADD,25111518,23111410,25111515,25111110,23112013
NZRC69T77WT8,KS7G55M6TRB1N24LW2P5,KS1265D6RGJL2Y4J6V5B,KS440H873RW906B7R308,ES8B03DAD3B526316ED9,KS7G2ZM64RD6FRWS5NHD,23171528,23171541,23171710,23171524,23171543
REWMUB4F0MIZ,ES3937EEC3D5D7345412,KS120D96FHL88PZDKZKH,KSKG9OA3NDST6929VROF,KS122626T550SLQ7QZ1C,ESDF7CE5F3FC71FB92DA,23171524,23171541,23171712,23171710,23171810
PADRKU0GKH8V,KS7G0C36YW29VS8KPC05,ES3C8650B6A0820DAFF4,KS120HK5XY6JV257QLTX,BGS2E1275F3C96CC1BA8,KS1218W78FGVPVP2KXPX,12131213,12101212,12101310,12101210,20231010
GEQLSREYGAAD,KS7G0S16FTG6TB0QZD2F,KS1200H6XYN1CR0G5NZ0,KS123SS6LVFYNXQPGJZW,KS1280B68GD79P4WMVYW,KS123Y170JP7JBSFVBSS,32121312,32161010,32161416,21121210,25111110
0NT95OST10Z8,KS1287R6DDZH5ZG0BQQK,KS1253H61TTR1FZWSRH4,KS122J56PZMMFL1SVY1F,KS1217P66NK6BW72M9FH,KS126HY6YLTB9R7XJC4Z,11211010,11211016,11211310,11211014,11211015
1K03U0UP229E,KS122W96T2T9J5PZ0VMP,KS120GV5ZXR64CJLL1J4,KS7G2F36GFX1K55V6GK4,KS680KR72KH02C5GM5TY,ESE1B279F38C73E025BD,23171521,27121313,27111214,27111222,23151010
CX7CULOQVBV1,KS120FG6YP8PQYYNQY9B,KS120GV6C72JMSZKMTD7,KS122555YNWMN79XR7DH,LCSTQL3O539CKMWJNIJP,KSUDU9T83UZ7CK5THOYD,23171521,23151010,23151016,23151011,23151020
EXG4PJI9TT96,KS125S56Y4CXSJHQHCZJ,KS7G05V6LRKY1PMN9GQG,KS1200H6XYN1CR0G5NZ0,KS1280B68GD79P4WMVYW,KS122FL69C9376N0WS3D,32161415,32151013,19161111,19151410,31151010
R8FL9V2QJI47,KS5LD07DTMEHDUQU2ZXC,KS127PG60Y3VLHJZY062,KS1259D6L30YYG3XR3VL,KS1218L60PDVZX16NZT1,KS122VW78Q67XR4C3ZDW,14121310,25131810,26141910,25111110,21131010
27YH6UAMWJPI,KS120076FGP5WGWYMP0F,KS1241P6PXRCKTDSWHTV,KS127CS79GV081FMJYKZ,KS12027766237GNG6G37,KS120HK5XY6JV257QLTX,11191413,26151114,26151214,26151117,18192011
L5U7NTEDQMVQ,KS128446WNQLT2W3Z25J,KS44086772RVPJQ1SVW6,KS120GV6C72JMSZKMTD7,KS122556LMQ829GZCCRV,KS1267F6MSPN366LX7ST,23171310,23171410,23171810,11221117,11111012
8Y6RH05HHIWF,KS4407N6CMTCYT0NYSVM,KS683SQ6ZD2227YN4C93,KS4422R78FRLTSQQFZ66,KS122SL5WTJX85LBXZFC,KS1252B6CXQBKCRJGG5W,25121710,32111010,32131522,21121010,21121110
OZUJV1CIJJRX,KS122MK65TBR6RDBZL1P,KS122CJ6ZVCCTTDGYB6B,ES6942CD173CAA05BA26,KS121DT5WLTBVZGKQW4Z,KS1203B66DJG8T72WTJ4,23171521,23151010,23151114,23151115,13151010
3T8X2G24GVA3,ES32D9DAFE37545AE8B6,KS1218W78FGVPVP2KXPX,KS1200H6XYN1CR0G5NZ0,KS1203W702ND09XHKJR5,KS122YN6N9Q3JFJXV01G,16141210,27101212,21131010,27121510,32131011
WP6CBC5TNLL5,KS124WD6XB7RT57LR817,KS123X777H5WFNXQ6BPM,KS124QR6F19BX4WPMW1H,KS121BS6QFLZVY39PMHD,KS124RX787SQ1WVD8XF6,20251510,15111011,20341110,20311510,13101010
L5B56BNVSFA6,KS1218B62M9QRBY8WRSK,KS1218W78FGVPVP2KXPX,ESBF952629C36426E564,KS121Z26S4VJLQ1WXN21,KS122556LMQ829GZCCRV,19131211,19141112,19101010,19111011,22111215
KU8NIARN4FLH,KS1203V5WXB7NG26XSR8,KS127D361PF0FTXDZ7C4,KS122PG64BT2BT6X15HF,KS125396X5DJ1MXHT6YC,KS122PG64BT2BT6X15HF,19111011,19111010,19111012,12131213,24161219
XGYTBGHROXIL,KS1200H6XYN1CR0G5NZ0,ES4F50A0DD29E30D3D55,ESC62772C8FE19700687,KS1200364C9C1LK3V5Q1,KS1200364C9C1LK3V5Q1,32131311,11231110,11231111,21111110,11231112
TOCZCECERT7A,ESF23FB2EE8707FB9397,KS121F45VPV8C9W3QFYH,KS123DZ63CL4S5D74XVG,KS124QR6F19BX4WPMW1H,KS1228C646D4PFRLP3PF,16141210,22111215,20321111,22101214,16141110
MYK8516SP18O,KS1237Q641KJ70G6JZ8C,KS440Y975RD841M02V3S,KS1277365WXN2Q5Q2VHY,KS1259D6L30YYG3XR3VL,ES6942CD173CAA05BA26,23171521,21161310,21161211,23151010,18151314
43BB9H5C7RSM,ESD2E40612EB020541B8,KS120FG6YP8PQYYNQY9B,KS127LT6CWQGNYWKXH5K,KS1217R6SMDJ0WQHN6LK,KS3RXKP22XFKLHUTQIEJ,23171510,20231210,20321111,20321022,21131010
QUNUE7A34MPY,KS122556LMQ829GZCCRV,KS127QD6R8SVZFYYKLLM,KS440Z26T60HXNGBDLL2,KS1267F6MSPN366LX7ST,KS120L96KMYTDJ48NRSH,36111110,11121110,17121013,26131114,23171810
XS12FZXOTCSZ,KS1200H6XYN1CR0G5NZ0,KS1217R6HYXYDKG52GHN,KS121W46N4VQRL4M1NZ2,ES71C18378814E6740D6,KS1200H6XYN1CR0G5NZ0,14111117,14111115,21161310,21161110,14111210
CRGB93WKCS4K,KS120GZ5YXC6YVM1NGPR,KS120LH6DHTBJYVLFKB3,ES648D39D54C87EDD5C8,ESE1B279F38C73E025BD,KS1218W78FGVPVP2KXPX,32131312,19121412,32131313,19121416,24131327
YZ9VLU8WPFQ2,KS122YN6108R0RSDXXRC,BGSDD5FB715C9C84D8AE,KS440Y66QZ713RJ4FQCH,KS126ZL6TXFKBYS81FPF,BGS2E1275F3C96CC1BA8,27121313,27111214,27111222,32161416,27121210
NGETL53CUK52,KS123J47437LZTH6N7ZX,ESC8D1BB5D784F1E5F33,KS124QR6F19BX4WPMW1H,ES1ADDE77FA0D7A9F24C,KS124JB619VXG6RQ810C,31151410,31151111,31151710,24161010,31151010
GYDBNIGZMK8J,KS440XG6F9DTD3VG7JTV,BGSFC4442439F14696EC,ESA91D8112EB9ECA3570,ES2F712D74818EF2888E,ES3780CE54ECBF6F1791,36161110,36161120,36161117,36161124,36161112
RRVGMDFZJOIG,KS1205W6CC3KVPSFH2Q6,KS122PM76DCYL9WC89Y7,ES9E9A9565C329709A50,KS121FD6V0JF1LKMF37Z,ES8C087D7EE8B81DA9C0,20341212,21131110,32151018,23121010,23101010
LOF683MJOZGX,KS120FG6YP8PQYYNQY9B,KS1275Z6908VHW76FRXH,KS7G2FX6L5L0NXGGHKMH,KSCFTLKLB8GE4VIJNVRR,KS122556LMQ829GZCCRV,23171510,23171541,23171810,23171710,11171020
PR46QHEQKMQP,ESA420F05EBBD34B3C2A,KS127R26PVSGVL35D7L1,KS122D46PJ09YVSBV9DW,KS1289C6QS0TSSB4PNGG,KS1H7C2ZC7LXQQ6UN22I,21121010,20251010,21111510,21121110,21131110
4MOPA94D8XER,KS123X777H5WFNXQ6BPM,KS441BM72CR5R1403KP2,KS122556LMQ829GZCCRV,KS123HX69V95SC2NJZYZ,KS126D668BLGSC15GFLS,27111225,27121312,20351010,32131011,27111222
TQ1LZ5RLTDCL,ESAEEF5760144B8210FD,KS123YD6FKBRB6PCBPMJ,KS1281M7573BG4S5QKMT,KS122CJ6ZVCCTTDGYB6B,KS125LS6N7WP4S6SFTCK,11221117,19141112,19161012,19141311,19111012
RSWG5T3IXO9I,ESEB1D4619E6E83A061D,KSMNXY6MPS1EDWJ8P6B0,KS1208P6ZMZ4N872Y7X5,KS1253H61TTR1FZWSRH4,BGS1ADAA36DB65721AA3,12101212,24161010,23171710,24161219,23171541
2MZ8M6XHIGX1,KS124QR6F19BX4WPMW1H,ESF0141DC2CB2921D70E,KS122NY60HCYYDXHQGQN,ES3887D0EF43C2DFE14D,KSFX6JBNDFS27G78LHSA,23171521,23151010,23151011,20341218,23151016
7JBX9K7MNCTI,ES86C12B1AA904C0F35F,KS1218W78FGVPVP2KXPX,KS122M96061ZS1DN6FP2,KS125LS6N7WP4S6SFTCK,KS7G2PN6Q42WPLR91C09,23171528,23171541,23171710,23171524,23171521
BALHJHJ3G24A,KS1218W78FGVPVP2KXPX,KS1217R6SMDJ0WQHN6LK,KS125446V6KJC45YF5WD,KS120WS63LRYQZ1CCMPG,KS680KR72KH02C5GM5TY,19111012,19111010,16141210,19111011,19101010
74X2EK3ZEZQA,KS1218W78FGVPVP2KXPX,ES76EAFFCB7FAE2C51CD,ES7A5D0AD38AB0F9D6C6,ES6307DDE7C7ABFDEA76,KS127ZG6DBSF76WF7VYX,27111320,23171310,27111314,27111322,27111318
RV4EIBKPK7FV,KS4425C7820LCHZS7VGX,KS1218H6QYLZC35BYH32,KS1208X76FB40ZXZXY03,KS122NY60HCYYDXHQGQN,KS128F265DV4XTBR70H7,19121416,32131312,19161111,19121011,19161110
F3GR94SZ2KUU,KS120L866C4LTQ8RHV2M,KS441V276PPDCWTPLVCZ,KS123JY6R6R7KBQYJ2Y5,ES899BA440FA3441F22A,KS122B071LMGXVTT3Z91,18171020,23151016,23161015,23161114,23151010
VWHHOLI54087,ESCC8F99B130EAC431A5,ES4654925D2963CB73D7,KS121YT721BY2F3M5YDR,KS1276B6094BBN4WY5CK,KS120PP6GL94HJDMN0TQ,36161126,24151317,23171534,23171710,23171524
N25WM72QLGDV,KS440SR65FDSYM6XM21G,KS123FF6ZJD7NDMHW0WL,KS1203W702ND09XHKJR5,KS1227P6FBK34WLH6X8Z,KS440LV6SDQYSFYTYC9D,19101010,19141311,19141110,19101314,19101710
QXO2DWN717YW,KS121XV72NK1F5DDJKLK,KS120PL67S4BQTP8NP8L,KS120HK5XY6JV257QLTX,KS126HS6R7MH1W08PMVR,ES9BB49F079A57E443CC,20291110,24161010,20321111,24131321,11221114
YWYMCS3Y4N5B,ESEA40DB0894E643E17C,KS1244S6WG3G56H16Q9H,KS127D361PF0FTXDZ7C4,KS125BH5X5W0R09ZW3B7,KS1219261TYVPMGX8KVQ,21111510,21111710,21131110,21121210,21121010
REAGUUCQB39B,KS120HK5XY6JV257QLTX,KS440PV6FRJ90X0QFNLY,KS440WB6JXXD43XXP1GJ,KS122556LMQ829GZCCRV,KS1218W78FGVPVP2KXPX,27121210,27121313,32131011,23101110,27111214
WR2V3TGAQHCB,KSKJX44T33B6D4UCC8CB,BGSDD5FB715C9C84D8AE,KS1217P66NK6BW72M9FH,KSSGSFTDVI0J638VZ2RV,KS123X777H5WFNXQ6BPM,23171521,32161416,23151010,26131114,23171710
Y3ZOMGN1EEXB,KS124VF5YCVWCW6NR1Z6,ES69297559170A17D44A,KS127PC65C9R7KLK0QZV,KSEJB8BGI0FO1LRQDDQP,KS1200364C9C1LK3V5Q1,23171712,23171524,23171541,23171535,23131116
ENVGUASMCJ2J,KS1280B68GD79P4WMVYW,KS124JB619VXG6RQ810C,KS4401Q6TM90DBQSF645,KS122Q96S1LT3253TW3H,KS126BT6PCWY2L72X1GS,23121010,23101010,23131115,23101110,23111310
AQVKIZZQY72W,KS4410Q6DM7PPR6ZC0P7,KS1203C6N9B52QGB4H67,KS441536VTGSWK6MDLMT,KS1217P66NK6BW72M9FH,KS441DK5ZDF8Q8FWL19R,25121010,23151016,32131111,11221117,23121210
FEPYDBSIWFVI,KS120H6772VQ0MQ5RLVD,KS125RT75ZYS4TCFJ0H8,KS122556LMQ829GZCCRV,BGSA720E33A12FF07972,KS124JB619VXG6RQ810C,15111011,32131510,32131516,15111013,32131526
9DD6EAF0EZT9,KS1203C6N9B52QGB4H67,KS4418877WW06JL2XBNJ,KS126X663B21NB77ZHSP,KS1270P6SLFCFT476Y3R,KS441LG5Y8XGW9TP7B4W,20291110,12101310,12101212,12101210,20231010
XX3LNC304NWF,KSALSL0U9E60WLJXI7B7,KS1259D6L30YYG3XR3VL,KS1228M6S0Q13JW8NV10,ES6A0D7EA1FC15B7AA92,KS7G2PN6Q42WPLR91C09,23171521,19101510,19101610,23151010,19101611
URQN3BZNHWCL,ES3937EEC3D5D7345412,KS1239C654FX6VZC3035,KS126HY6YLTB9R7XJC4Z,KS122VT6S2JJ5C5D80NF,KS120XM6K01BDQNVTK1Q,23171524,23171712,23171541,23171510,23171511
7HU3D3513LM7,ESE4C6DAB864E4F13841,KS7G1P76W2FRM88BQFJN,KS124M26JRWSGTXT7RXQ,KS4425C7820LCHZS7VGX,KS128J35W8FRP96V80DS,21121010,20251010,16141210,21131110,21111510
30AP7DVUF7Q2,ES1B6D238677CBD0A681,ESAEEF5760144B8210FD,KS680KR72KH02C5GM5TY,KS124VJ71BKMYXC1PP09,KS125WR68JRPG2YBFPP3,32121010,19121416,19161111,19121110,13141111
J2TIPLK5BOV3,KS120VB76P5WB69FVNRT,KS124FT6MYZG12N6X7CZ,KS124Q7711NGTXJ3SQWM,KS7G16D61SMNKDQZLKSV,KS120RN6FDTS9FLCH3T0,36161117,36161120,36161112,36161124,25112010
QLYLEWFVBFEJ,KS125B569R313XT23LHY,KS1241L6JYGTH7JV6N2X,KS1261Z68KSKR1X31KS3,KS7G4YT72YHJ3BVJ4P56,KS1281M7573BG4S5QKMT,21131110,21121010,21111510,21121210,21131010
8TH105OSZQG6,ESCE0C9EA47C719A51CF,KS7G16D61SMNKDQZLKSV,KS122556LMQ829GZCCRV,KS1259D6L30YYG3XR3VL,ES1E6E52B1EC24E20E6E,22111416,22111415,27121510,27121210,32131011
IPUV58OHCU0E,KS1281Y6QHJ8PQLHTZ6R,BGS10F94E4049444B523,KS124TG6C6GQ3RGYBJ3G,KS1200H6XYN1CR0G5NZ0,KS124QR6F19BX4WPMW1H,22101214,22111215,22101213,22101210,22111216
TB85VIF81J67,KS1266X77DX8LMF3CHKQ,ES13164C3C5650DB8ADC,KS1237L6PKFC8187JKW5,KS125SJ6J3FPRPLTSD7J,KSKJX44T33B6D4UCC8CB,11181015,19181312,11211010,25111110,25111810
NC62AHNWGU9B,KS1217P66NK6BW72M9FH,KS120GV6C72JMSZKMTD7,KS1217X6TT5N14H0N0P4,KS7G5J170LW5TFR1PHCV,ES8CF1DC51EE296520FF,27121510,27101024,17181110,23171310,27101212
FIQG01PYD819,ES1C53496B6F1ECEDD9A,KS1267F6MSPN366LX7ST,KS441075WGFJJ4GRFG2Q,KS125F678LV2KB3Z5XW0,KS441BG6SNZJWM0SN43N,23171612,23171611,23171610,18191520,20321022
KVQYWJ85GG0V,KS125F678LV2KB3Z5XW0,KS125MK6L8XN70ZS40ZY,KS125F678LV2KB3Z5XW0,KS1287R64YNBZGR50Y1N,KS1282W6V4RX7LC1FDH9,11151210,26101517,26101519,26142010,11151110
7X3BQWRMWLMA,KS128HP65N6N70YV5ZM7,KS124VG6WSJ4SKFZV1T6,KS123X777H5WFNXQ6BPM,KS1224W5XSXCJBNSLLVX,KS120B874P2P6BK1MQ0T,13141111,13121011,20271110,13141012,27111320
5QQB5I92WMSJ,KS7G2F36GFX1K55V6GK4,KS7G4T15W4RYVZTCDSWZ,KS122556LMQ829GZCCRV,KS124JB619VXG6RQ810C,BGS1ADAA36DB65721AA3,21121310,21141810,21121410,19111110,21121210
70S1F537YE0Q,KS123SS6LVFYNXQPGJZW,KS123MC78KV644P5DDZ0,KS440Z26T60HXNGBDLL2,KS122FB6H3NBQHKZWTBJ,KS1227V6WBR3BH3SJYSZ,25111110,36111110,25111518,11121110,25111610
QGA6X85ZZHJY,KS124QR6F19BX4WPMW1H,ES5FAE3A4F21AFC94173,KS123X777H5WFNXQ6BPM,ES3937EEC3D5D7345412,BGS7A8BE9165A60FE023,23171524,32171013,32161415,27111222,27111214
4520SZORK64M,KS122626T550SLQ7QZ1C,KS123HX6YG0PPBXV3922,KS1217568CHTXMHV7V47,KS1200H6XYN1CR0G5NZ0,ES6204EEE269AF03D4C4,23161012,15111013,23161015,26151117,23161016
3GGODLUGHT7E,KS4412W6XQYHSK0FTL67,KS127ZG6DBSF76WF7VYX,ESC5567F7A6FA12D0DCD,KS1200H6XYN1CR0G5NZ0,KS7G2F36GFX1K55V6GK4,11211010,11211014,11211211,18191217,11211016
B2KNFTU2GC5W,KS124QR6F19BX4WPMW1H,ES6860EBF2AF1A87EAF0,KS123F95Y4BFF41P3Z6C,KS1203S6MM7GLDM71WQD,KS4404S6YYWRS055SPRQ,19111012,25111610,25111110,16131010,19101010
X55PB4W6C8HS,KS123MC78KV644P5DDZ0,KS4425C7820LCHZS7VGX,KS123X777H5WFNXQ6BPM,KS1225763HZLCN8D3B0S,KS1259Z6F890LDXJRXYW,23151115,23151114,23151111,23151116,23151112
U50AP1WNSQHA,KS125BH5X5W0R09ZW3B7,KSKJX44T33B6D4UCC8CB,ES9351726FCFF4C7FA6A,KS1282L74XHKNNKDS8DP,KS1218W78FGVPVP2KXPX,32121010,32151014,32161416,14111110,32151018
Q3CYFWP5WLF0,ESAF97D5150F64F29FAD,KSQPGV2XZO8UMNCC49LK,KS124JB619VXG6RQ810C,KS125LS6N7WP4S6SFTCK,KS1275J6Z37CB9HL67TC,23171528,23171710,23171541,23171524,23171540
618LEU6ZU1TO,KS1253H61TTR1FZWSRH4,KS440PV6H6S2F16NLXYF,KS1200H6XYN1CR0G5NZ0,KSFX6JBNDFS27G78LHSA,KS1217P66NK6BW72M9FH,23171521,23151010,23151011,23151016,27121510
HG5ZMTGA46AY,KS120W86KJ30NQJCQ3ZP,BGSDD5FB715C9C84D8AE,ESF566A21E110A2D0187,KS1203W702ND09XHKJR5,KS1248T6MC5L69MZ2L3R,19101010,19141311,19111012,19111010,32161416
BXXA53XI3C7G,KS123X777H5WFNXQ6BPM,KS13USA80NE38XJHA2TL,KS125ZB6BWF5RY40BH1B,KS7G747655VG23WXMS9B,KS125MK6L8XN70ZS40ZY,23111310,23101010,19131211,23101110,11111012
N42X2EZC7FOV,KS1218B5WWXNDNQTN9MP,KS123Y76D7JBC3TT7S7W,KS122556LMQ829GZCCRV,KS123X777H5WFNXQ6BPM,KS121XS5Y65G7JJG1VV5,34151018,34151010,34151110,19101010,19141311
X8L008UHBXLB,KS120V86MZWV9Z9LKQY3,KS122C06Z8NDM5G6NYNT,BGSA780EA87680305404,KS4403G6XNX5KJSD906W,KS440ZY6GKB1KW3HR5FS,14111115,14111117,18141110,11221117,14111010
SH8LLRB7DFIX,KS125F678LV2KB3Z5XW0,KS125396806XPV2Z8XQ6,KS44175745H9Q0DPBDNT,KS1232D6PH6SBVWWPQWC,KS120626HMWCXJWJC7VK,23171524,23171712,23171541,23171534,23171710
H12PGX409WNZ,KS87FFW9YCOLV7GA5W5F,KS1218B62M9QRBY8WRSK,BGSA720E33A12FF07972,KS127NB6VPTVSF9N875L,KS127D361PF0FTXDZ7C4,23171521,15111011,23151010,23151210,23151016
SMNAWY0PEQLV,KS440P56Y9F0YMV0DW5D,ES1BEEB0EA9BCFD65927,ES8F73CC75C618D72F72,KS126LB63HNSY7XKDH0B,KS127R26PVSGVL35D7L1,19101512,27111222,27111214,27121313,27121210
WPRLPG7GVLHW,ES26F70DE1799788D6F9,KS121YT721BY2F3M5YDR,KS125F678LV2KB3Z5XW0,KS125BH5X5W0R09ZW3B7,KS1253H61TTR1FZWSRH4,27121210,32131011,27121510,27101212,27101110
1L0BZIPL3XT8,KS120C76T2L99X2YNKS3,KS4417D6KR1JMCDVG38G,KS125F678LV2KB3Z5XW0,KS123X777H5WFNXQ6BPM,ES501046F1CC91CBA0D3,19101610,19111211,19101611,25111110,19101410
OLT34KFF2JTJ,KS126HS6R7MH1W08PMVR,KS1200578T5QCYT0Z98G,ES4F42CA14B21F271165,KS123MC78KV644P5DDZ0,BGS409FD4E9C8053A315,32131526,19161111,32101010,32101110,32171018
CBZCXQUD8M82,KS124WD6XB7RT57LR817,KS124VF5YCVWCW6NR1Z6,ES76F4C57A88877D6D64,KS441FR6L2YYQLPZBQRC,KS1267F6MSPN366LX7ST,20251510,26111210,26111010,20341110,20311510
D3IRVXD2ZU4N,KS121Z26S4VJLQ1WXN21,KS123Y170CZM0V5Z3XXB,ES20CECA4FF83ECE8196,KS1218W78FGVPVP2KXPX,KS123B75Z8CKNHP05L6Y,36161117,36161120,36161124,36161112,36161110
T7DHT8D61098,KS120FG6YP8PQYYNQY9B,KS1227V6WBR3BH3SJYSZ,KS120SQ5W4Q57JMD2Y81,KS128866SHL94J005TTG,KS1282R607CFYF1FWJ74,21121110,21121010,21131110,21111510,32121312
LZHVEZ9RTD6E,KS120WQ677W47TWMCBB2,KS127D361PF0FTXDZ7C4,KS122M265VBKQ5BFJXYS,KS7G0C36YW29VS8KPC05,KS122V26MG4RFNJVPZH8,19101016,19101010,19111012,19111010,19111011
0VF616D3CV0L,KS120BV6SR75RBKQH0G3,KS124QR6F19BX4WPMW1H,KS122VV71XNN7Y03XJNN,KS7G7LT731301PM8PGN8,KS127J26CDD40K8NCPJ8,23171521,23151016,23151010,23171541,23111410
Q356J0JE3MKR,KS1228S6YKWXMH4M4DL7,KS121W46CJXQ5ZQ506MS,KS1228S6YKWXMH4M4DL7,KS4420D71YWJJ5Y4Q45N,KS123X777H5WFNXQ6BPM,16141210,23131312,27121210,32131011,27121510
Q01YHYA0EIVA,KS1203C6N9B52QGB4H67,BGS1ADAA36DB65721AA3,KS1218B5WWXNDNQTN9MP,KS1227G66P02RR405S78,ESF4847CE1556A3642F8,23121010,23121311,23111310,23121310,23121312
ANLIOBL7VJUZ,BGSDD5FB715C9C84D8AE,KS122556LMQ829GZCCRV,KS122C06Z8NDM5G6NYNT,KS124V75XDCT50MJXFT3,ESBF952629C36426E564,32161416,26131114,27111222,27121313,27121210
PAJX4B0A4SK2,KS125F678LV2KB3Z5XW0,KS680KR72KH02C5GM5TY,KS1282K6L2GNN4SDY2WN,KS123X777H5WFNXQ6BPM,KS12752715S2P1XNBR43,32161415,32131211,32161417,20341227,20301314
QCEDNIQB7R77,KS120BV6SR75RBKQH0G3,ESF7CBEBE067150B911F,ES8C6945DC3A8C3BEE38,KS121Z26S4VJLQ1WXN21,ES1F5A6344D37AF2F01B,27121510,27121210,32131011,27101024,27101212
WUG166S78KB2,ES84CBABDD4C4069AAB6,KS126456773GS63NCY8F,KS1266X77DX8LMF3CHKQ,KS125MK6L8XN70ZS40ZY,KS1282R607CFYF1FWJ74,11181015,21121110,21121010,11211010,11221117
IY7K6000U1R5,KS440536WM6PDGF81XR1,KS4415D768WF7MWNJV37,KS4408L61RHMD4XLWTM6,KS120L771PM275D58Q8Z,KS121Z26S4VJLQ1WXN21,21131110,32161010,32161416,23171541,23171528
J9S8U287M5C6,ESEB1D4619E6E83A061D,ES88C410DA4EE6A2FE77,KS6OGFO5124T49JOP6GQ,KS1281M7573BG4S5QKMT,KS7G20264NW3ZVV10T1S,25131410,32161311,25131710,25131810,25111510
9DXOQ2VPGSTQ,BGS1ADAA36DB65721AA3,BGSD2202B2068482C30B,KS4420D71YWJJ5Y4Q45N,ES8F73CC75C618D72F72,ES899BA440FA3441F22A,16141210,23131312,27121210,32131011,25111410
GK6T9DHSZNVP,KS1223966G4Q22CCCYC6,KS1283R6BBX34S61XLQS,KS4425C7820LCHZS7VGX,ES372587C5A024DC7A48,ES219375F93247CE5AE3,13121011,20271110,13141311,32131520,13141111
N7S3HMO1DXQ4,KS123S46J5HRBLZRMRJ0,ESB6859F09DF2E149CC9,KS121FD6C54FQXWLKZSF,ES13164C3C5650DB8ADC,KSQPGV2XZO8UMNCC49LK,19141311,19101010,19141112,19141110,19141310
1SQQQ5L2XOIO,KS4415D66ZZZ8Q8NNWWP,KS1225S77RQ7T10BMPXN,KS7G2FX6L5L0NXGGHKMH,KS4407H64CVBMTRQZRCF,KS122556LMQ829GZCCRV,32161416,32171022,32131526,32151014,32131525
IOLF63YA2KYL,KS1274M6JXHBLBGCGFFR,KS125XJ60FYZGT438D7Z,KS1220G68PD5STH2DL2W,KS122D46PJ09YVSBV9DW,KS1200H6XYN1CR0G5NZ0,21121010,20251010,21111510,21121110,21131110
HKV9DT94G8V9,ESDA73E01740F8D1E2E2,KS1200H6XYN1CR0G5NZ0,KS1258D71GC65F25H9TH,KS4420D71YWJJ5Y4Q45N,KS4401V5WX78L6JX0NW7,19141311,16141210,23171528,23171524,19141314
LG49FFQOKVC4,KS122W26SKGLZJ2KLF5M,KS122NQ6YXFQ2WCWT11F,KS1227F76Q36LXJTZTK1,KS7G5CT61NJMNH0V22KQ,KS127D361PF0FTXDZ7C4,32131111,23151215,23161111,15111013,23151214
TI2HUXMOZXRA,KS1203C6N9B52QGB4H67,KS1253H61TTR1FZWSRH4,KS121WH63JVNQKDGCPR9,KS125MK6L8XN70ZS40ZY,KS122C06Z8NDM5G6NYNT,23171529,23171541,23171543,23151410,23171111
E8C6TCNHJVAN,KS43I7T7CU4Q66EGVQLU,KS1218W78FGVPVP2KXPX,KS121YT721BY2F3M5YDR,KS12258757JQRQK8X5M9,KS1200H6XYN1CR0G5NZ0,24161218,11221117,27101012,11191710,27101110
DR756SSX82UF,KS122YN6108R0RSDXXRC,KS1220H6CP1BQGH9STNK,BGSD663E7801D0013709,KS681KH79MJLQDPB9T88,KS1203W702ND09XHKJR5,27121313,27111222,27111214,27121210,32131011
3J5H4L1M3TFQ,KS1253H61TTR1FZWSRH4,ES14FB5488E613768491,KS1200H6XYN1CR0G5NZ0,KS122HK6LN2MZHFY69GJ,KS1203W702ND09XHKJR5,23171714,23171524,23171712,23171716,23171541
2VHAK2X9PF16,KSZX7YZWNR5IDR1I2VMZ,KS123JY6R6R7KBQYJ2Y5,KS7G2F36GFX1K55V6GK4,KS123X777H5WFNXQ6BPM,KS127LW62SG0TTVKDYQJ,24161219,24111710,24161217,24111610,18171020
NZ9JN7K98XVI,KS4402T6094D6F35MTXR,KS1219N6Z3XQ19V0HSKR,KS121YT721BY2F3M5YDR,KS1259D6L30YYG3XR3VL,KS127ZG6DBSF76WF7VYX,23171510,11211112,11211211,32171011,23171541
WJSV0ZITYFIP,KS1218W78FGVPVP2KXPX,ESEB1D4619E6E83A061D,KS127R26PVSGVL35D7L1,ES8F73CC75C618D72F72,KS121W46CJXQ5ZQ506MS,20291110,32131520,32131526,32101010,32131311
OB7NUGPJ60SR,ES6978BEA54073B22038,KS127D361PF0FTXDZ7C4,KSQPGV2XZO8UMNCC49LK,ESF5E4E161916F0E64A4,KS123PM708XTL2N3FJNX,27121313,27111214,27111222,32131011,27121210
2OOUXQS1FOI0,KS441846K903WT1RYDKJ,KS441K2756CXYXBG990G,KS4425C7820LCHZS7VGX,KSQPGV2XZO8UMNCC49LK,KS125BH5X5W0R09ZW3B7,21131010,21131110,21121210,21121410,21121310
LPVOWCP77946,KSKJX44T33B6D4UCC8CB,KS125BH5X5W0R09ZW3B7,BGS3A9918446203012B2,KS1248N67V89TD6KBPT4,KS121F760MT5QS38TK2S,16141210,16141110,16111210,16111010,18141110
BWAUFXQP6XGH,KS1248T6MC5L69MZ2L3R,KS122556LMQ829GZCCRV,KS120B874P2P6BK1MQ0T,KS128F265DV4XTBR70H7,KSY4WFI1S164RQUBSPCC,19121416,32131312,23171521,19161111,19121011
7T3LJOKBZVYX,KS123BX70WDX3MFGSJ8N,KS122SG5Y0Q5YQM7V8KT,ESC0349B42B117848E6E,KS1241P6PXRCKTDSWHTV,KS441DK5ZDF8Q8FWL19R,22111512,23171541,22101411,23171810,12101212
0IMJYJCMRSEZ,LCSENPI130DLIIYU7AGB,ESE15CC456BBE39C7196,BGSE4F92B253B0FF8F19,KS1218B5WWXNDNQTN9MP,ESB38820A543FA4E3969,26111210,25111110,26111010,26141910,26101517
A6KSNJCZOBD9,KS1263K71W66XVVGKG2F,KS1208P6ZMZ4N872Y7X5,ES314A8628331352466D,KS4423G6BKW35ZSZ5N7C,KS1218B62M9QRBY8WRSK,23161116,32151015,25111110,25101110,23161114
NHYMAFCB3D6I,KS123CR60QBV4DRZJGZN,ES20CECA4FF83ECE8196,KS120V86MZWV9Z9LKQY3,KS124WD6XB7RT57LR817,KS1203W702ND09XHKJR5,20251510,20341110,20311510,13101010,20251110
9P7EQFJOD8VU,KS120F870XKPK0RFTKMC,BGS82603E5C39FB5157C,KS1259D6L30YYG3XR3VL,KS12621706P2NTMBQY45,KS120GV5ZXR64CJLL1J4,32131011,16141210,27121210,27121510,27111222
8L0UW6IK209E,KS123X777H5WFNXQ6BPM,KS128866SHL94J005TTG,BGSEE1E1C4671622F63B,KS686RZ6M19R2T9BJK73,KSVV7L26JZNZ4SX5QH95,32161419,32131527,32131412,32161416,32131526
XBAF4GELLX8E,BGSDD5FB715C9C84D8AE,KS125F678LV2KB3Z5XW0,KS121W46CJXQ5ZQ506MS,KS1284B609S18XT8N058,KS123X777H5WFNXQ6BPM,32161416,26131114,11221115,32151013,32161415
1LQXT229Q7IV,KS120B874P2P6BK1MQ0T,ES35C2F5485494E14BBC,KS120HK5XY6JV257QLTX,KS120VW6JMZHZXZGD72C,KS440PV6FRJ90X0QFNLY,32171028,19131910,23171310,27121210,19131911
8P0LW3895TX6,KS120SR6WD1FP76Z6GC2,KS1218W78FGVPVP2KXPX,KS1259D6L30YYG3XR3VL,KS121BS6QFLZVY39PMHD,KS1222J74V913YX7MFYV,15111011,15111013,20231210,20231010,12101310
5P52DWHZR4UR,KS122B071LMGXVTT3Z91,ESF0C9A7B3C4BB4D375D,KS125F678LV2KB3Z5XW0,KS1225S77RQ7T10BMPXN,KS124J05VR8T6WRZS9MT,23171528,23171521,23171710,23171541,23171524
5NMS6XVQPU3E,KS7G4ML61B2JX1H1003Z,KS121C76HJ5W4VDVBPNJ,KS125LY66QGRYZZSN05Z,ESF0C9A7B3C4BB4D375D,KSPSGF5MXB6568UIQ4BK,16141210,23171524,23171410,23171712,32131011
WKGUY0OFIPZN,KS441BD6GDRY13ZS287Z,KS7G55M6TRB1N24LW2P5,ESB38820A543FA4E3969,KS681KH79MJLQDPB9T88,KS1223L5YRZHWW1TB65W,23171310,23171410,23171612,23171611,11111012
TCHYGTMOV6KI,KS1270N6Z7WJQ5KVN0GG,KS127ZG6DBSF76WF7VYX,KS1248T6MC5L69MZ2L3R,KS124QR6F19BX4WPMW1H,BGSF8084532CF5245592,18151012,18141010,18141210,32171011,18141110
8J1UI9L69ISX,KS7G55M6TRB1N24LW2P5,KS123H46XPW3L3S07696,ESE1B279F38C73E025BD,BGSA7DCCDC1D023EA7F9,KS127D361PF0FTXDZ7C4,20341212,20341227,20341216,20341221,20341222
KZ27DQTROI91,KS125F678LV2KB3Z5XW0,KS4418H63Z3RP725L3BW,KSOVUQHJIJAIHI0SZNZ3,KS1218W78FGVPVP2KXPX,KSQPGV2XZO8UMNCC49LK,26141910,23151313,14171410,23161015,26141210
ONXD70FE07S3,KS440C365HRHPM9VQDFF,ES192DCB6EF143DC9DCC,KS125F678LV2KB3Z5XW0,KS1218W78FGVPVP2KXPX,KS120W86MGP2XXV2NDCC,19101010,19111010,19111011,19141311,19111012
3JYZBB27S9BU,KS1200H6XYN1CR0G5NZ0,KS1260H75ZNKZKJJVNF5,ES3C8650B6A0820DAFF4,KS1212B6QR5SK1LSD4S4,BGSB805E8E694CF5F05B,15111011,15111013,19121416,19161111,19121011
NB4GH2M5ZJA8,KS127ND61N6X4106QGB5,KS121056X529461ZF6XW,KS123HX69V95SC2NJZYZ,KS123DP6JFXMPMKNCLG4,BGS45DFDADF67DEB3377,20101010,25111110,25111518,25131710,25111515
KGCIO4UKAHYV,KS1267F6MSPN366LX7ST,KS1267F6MSPN366LX7ST,KS124DQ6JX0NX9DBFDM8,KS441S06L3NZBK0D6JM8,KSQPGV2XZO8UMNCC49LK,23111310,23111410,23111810,23111010,23121010
FP7AH2CSANHA,KS1203W6419RJG2KW4QS,KS120W86MGP2XXV2NDCC,KS441626TDSV2J6GBB86,KS120D96FHL88PZDKZKH,KS1219863VWXPRZL5LG2,19111010,19111011,19101010,19111012,19141311
W165AEJT70EB,KS121FD72ZG62L4LVSF8,KS121Z26S4VJLQ1WXN21,ESD6B3E26476FDF09DE3,KS2E2I3QL33QJG1BTFCZ,KS9859HJ5UHFJ7ODS0ZM,32161010,32161416,23171528,21111110,21131110
QTAYBGI0RR0T,KS126D668BLGSC15GFLS,KS1203W702ND09XHKJR5,KS120PQ6XD1JWMFQVJNW,KS127CR6S5TQJVYMG3HB,BGS409FD4E9C8053A315,32161416,32151014,32131526,32151018,32131520
ELW8IVI3RQAS,KS124745ZCN2G6TKC2QN,ES9E9A9565C329709A50,KS122CH79G2KSBRRJHTN,KS120LH6DHTBJYVLFKB3,KS1217R6SMDJ0WQHN6LK,11211112,14111210,11221117,24161220,11211110
EV6XGZ7CTM09,KS124GV78MYQ469S38M8,ES621714B943488C07C8,KS7G4ML61B2JX1H1003Z,ES6D557B9D5BE598FD74,KS441VT5Y6FNS7YNVML5,23171528,16141210,32151013,32161416,32151018
5RH8LX6DUT07,KS120FW686PGHL80ZGS7,KSQPGV2XZO8UMNCC49LK,KS122VJ6BSMHB6YCH502,KS120SQ5W4Q57JMD2Y81,KSQPGV2XZO8UMNCC49LK,23171528,20311210,20311710,20341212,36111210
0FVLC254ZH0Q,KS4407J6G3HPTRRSNZR6,KS124VQ6ZCMSRJTF4PM7,KS441PL6JPXW200W0GRQ,KS122CL64848WM1MVNSQ,ES20CECA4FF83ECE8196,32171029,32131527,11121110,23151215,17121013
L0H5QQJVWUPT,KS125KK70GW74FHKWFVQ,KS123Y170JP7JBSFVBSS,BGS4CDA2E23CE451E247,KS122626T550SLQ7QZ1C,KSQPGV2XZO8UMNCC49LK,16121510,27101110,27101212,19131211,16121110
HRLIAGP34SLQ,KS1206G6GQ3J165015ZB,KS121CQ5ZTC3C77PYYVL,KS441S06L3NZBK0D6JM8,KS1224W5XSXCJBNSLLVX,KS120FG6YP8PQYYNQY9B,23151010,23151016,23161114,23161015,18171017
LIM06ETCQR3E,ES39A67F403EB3EAAF1A,KS1265161XH6ZSH9QX65,KS7G2F36GFX1K55V6GK4,KS441J8781NSVPFKS701,KS1231M6M7DML5NQCX8V,23161012,23161015,12101010,12101212,23161013
56JD1BPO49IM,ES932A5EE6AD7069CE61,KS1253Q66NQSNHM7JR49,KS441DK5ZDF8Q8FWL19R,KS123X777H5WFNXQ6BPM,ESA3F0428E1E082505D6,27111222,27111214,27121313,19101010,27121210
T9XWI7084L9G,KS125PR6FFPHM75QYRKB,KS122D46PJ09YVSBV9DW,ES68B94492B5D30B11F6,KS4403G6XNX5KJSD906W,KS1203V5WXB7NG26XSR8,21121010,20251010,21111510,21121110,21131110
AADU908NM8H1,BGSDD5FB715C9C84D8AE,KS1269G64FJ1GZKV0GX9,KS1228S6YKWXMH4M4DL7,KS123X777H5WFNXQ6BPM,KS1203V5WXB7NG26XSR8,19111011,25111110,32161416,19111010,19111012
RXYCO8RBT4OB,KS122556LMQ829GZCCRV,KS1219261TYVPMGX8KVQ,KS123Y170CZM0V5Z3XXB,KS1203W702ND09XHKJR5,KS123L172S10107C4WTR,25101110,25111110,25111518,19161012,19141112
WP9JXI9B7C8D,KS4407F6YY6SBS730MJ8,ES9BD12EB76B360E0E89,KSQ39IM6T1T6MCGAI2LO,KSKJX44T33B6D4UCC8CB,KS124QR6F19BX4WPMW1H,32131520,32131526,32101010,32131523,32171022
AE2APZL90K3R,KS127MX6S0K86B13J69C,KS1200H6XYN1CR0G5NZ0,KSYO45M6II0E15Y5RP67,KS4407J75X4WDBY7RGLC,KS681KH79MJLQDPB9T88,32131520,32131111,32131526,23171521,32101010
QT8EGT3HFJY5,KS125F678LV2KB3Z5XW0,KSIDDB2VJJYDU67905S9,BGSDD5FB715C9C84D8AE,KS122556LMQ829GZCCRV,KS1269W6ZF8J5YJDDVN9,23171712,23171524,23171535,23131116,23171511
2K6T845Q7HCJ,KS1217P66NK6BW72M9FH,KS44175745H9Q0DPBDNT,KS4425C7820LCHZS7VGX,KS123X777H5WFNXQ6BPM,ES4E3148857AA502599E,32121312,32101110,32131526,32161010,23111310
05G00R5Y52PD,KS126HY6YLTB9R7XJC4Z,KS120MQ655HPY3MW500F,ES6307DDE7C7ABFDEA76,ESC5D43299E32C5B42AD,KS1200B62W5ZF38RJ7TD,23171510,19121710,17151010,19161111,19131910
0R3JSS3T14LY,ES99BD2F1F4D00916674,KS127ZG6DBSF76WF7VYX,KS441786F0PS9RV3QBS0,KS441K2756CXYXBG990G,KS1212B6QR5SK1LSD4S4,19111310,19101022,19101512,24131326,19101611
4AI7REFICGXL,KS1259D6L30YYG3XR3VL,KS123YM600CLQQD1GP56,KS120556WGBNC5V3VQXQ,KS124VJ71BKMYXC1PP09,ESCD8443577A42E8AB72,11161610,19121416,19161111,11151110,13141111
PE7YKRZ3FU0L,KS1200H6XYN1CR0G5NZ0,KS123MC78KV644P5DDZ0,KS124JB619VXG6RQ810C,KS1258D71GC65F25H9TH,KS123B75Z8CKNHP05L6Y,36161117,36161120,36161124,36161112,36161110
SRA6WB4KPBUN,KS1203C6N9B52QGB4H67,KS440MG760QSTMXJPN5H,KS1206V6K46N1SDVJGBD,ES8B03DAD3B526316ED9,ES7A07CF87C516875B23,16141210,16141110,32131011,27121210,16111010
DKN2K7IT7XXD,KSQPGV2XZO8UMNCC49LK,KS4417C74STWPWR9TNT1,KS124JC5VYDP6C91PB5W,KS1203W702ND09XHKJR5,ES3887D0EF43C2DFE14D,19111310,19101022,19101512,24131326,19101611
CO76O8QHE4QG,KS124JB619VXG6RQ810C,KS1208P6ZMZ4N872Y7X5,KS124JB619VXG6RQ810C,KS123H56W4F21M098TMZ,KS440WJ6DHN6H95Z82SR,20331014,16141210,32131011,27121210,20111310
PJPF240SHDKK,KS1226L6XYT1N27WRYJM,KS4404475JBQ0GSP7CX1,KS1200H6XYN1CR0G5NZ0,KS1218W78FGVPVP2KXPX,KS127J06MWW1FWXY62FN,36111110,36111318,11151410,25111310,11161210
CN31LYCFVP1X,ESFA9982A2A945E439CB,KS126HY6YLTB9R7XJC4Z,KSKJX44T33B6D4UCC8CB,ES1C53496B6F1ECEDD9A,ESD4D74CA4B5DD98A214,27101212,27121510,27101024,27121210,32131011
NOC2XI3RNC02,ES7A5D0AD38AB0F9D6C6,KS441075WGFJJ4GRFG2Q,KS120FG6YP8PQYYNQY9B,KS1203K6FQ749NJNRBBX,KS122T66BVPB3KY22M3S,36161117,36161124,36161120,36161112,36111318
WVF36ZPI288H,KS124Q3726PHM9JNS05D,KS125LS6N7WP4S6SFTCK,KS1238J5Z67LVF879RRH,KS122556LMQ829GZCCRV,KS127296VDYS7ZFWVC46,27121313,23171524,27111214,27111222,27121210
P1DHDGDLTGGD,ES8BE0063D3F5F9870F4,ESD07FEE22E7EC094EB8,KS126G76RCMD7LSXHZC0,KS4421B6105S1GF21ZW7,KS120436N14BN10FM7W8,19111010,19111011,19111012,23131115,23131110
JIUOIZ6AAIVW,KS122556LMQ829GZCCRV,KS120RN6FDTS9FLCH3T0,KS44086772RVPJQ1SVW6,ES8B8C52EA70D3BD184E,KS440W865GC4VRBW6LJP,22101214,22111215,22101210,22101213,22111216
X8ERTB74RS7G,BGS3C9BE4BAE8DF7B0AD,KS122556LMQ829GZCCRV,KS121966TYHFTSKSFV8R,KS122PF6FZS3609GDG0V,KS7G1Y070WZ4B8WX7VG3,27111110,23121010,23101010,23111310,23101110
2BILNPT95XJ3,KS1218W78FGVPVP2KXPX,KS123X777H5WFNXQ6BPM,KS122556LMQ829GZCCRV,KS120PG654CDDJ7C7Q53,KS120W86MGP2XXV2NDCC,19101010,19111010,19111011,19111012,19141311
5KB3PKBQY3OT,KS121Z26S4VJLQ1WXN21,KS123X777H5WFNXQ6BPM,KS1222C6YBJK3PVX1ZM0,ES7BC9A4E8143A261631,KS43I7T7CU4Q66EGVQLU,23151115,23151114,23171541,23151111,23151116
TT7F1UP4PHFA,KS122556LMQ829GZCCRV,KS124CD75ZCFN9ZFG6KD,KS128545YHM9XCD7BWR8,ESB7D4D9034BC8B2CAB1,KS120GV5ZXR64CJLL1J4,27121313,27111214,27111222,27121210,23111510
J7Q4KFMM0QPO,ES15BC88203CFFC6C38D,KS127QD6R8SVZFYYKLLM,KS122LZ73LBCYNVBL9N7,KS122556LMQ829GZCCRV,ES29C56D2465C253FC1D,19111011,19111010,32161311,19111012,19101210
XMD7QCQ3ZA8E,KS127ZG6DBSF76WF7VYX,KS1210K6DP0XRTSCWMTP,KS121Z26S4VJLQ1WXN21,ESEB1D4619E6E83A061D,ESEB1D4619E6E83A061D,17141810,20131312,20131214,33101010,20141010
M94W739V5745,ESB694F585A604C52560,KS124685Z7C03V020F5V,KS44175745H9Q0DPBDNT,ES8B03DAD3B526316ED9,KS124685Z7C03V020F5V,36101110,19101010,19141311,32151011,19141110
2D1JQBEXGFVN,KS125ZB6BWF5RY40BH1B,ES36640EBD9133DC4BB2,KS1218W78FGVPVP2KXPX,KS7G2FX6L5L0NXGGHKMH,KS441K2756CXYXBG990G,20291210,11221117,19131910,21141810,11221116
UGYFUNMAD1BX,KS1265L61XR6NN08GW7Z,KS1258D71GC65F25H9TH,KS441FM75ZDSSYXG6M84,KS1219677F286BXFPBNC,KS122W760S3H5X5HNC91,27111222,27121210,27121313,27111214,32131011
9YEQ96SJQA0P,KS120FG6YP8PQYYNQY9B,KS120L866C4LTQ8RHV2M,KS127TD6X5C909DYQ765,KSWV23J5W4F1T2N7C0NR,KS1203C6N9B52QGB4H67,13121011,20271110,20251410,13141111,13141311
EAFDZHDIDVKB,KS126DB6T061MHD7RTGQ,KS441S06L3NZBK0D6JM8,KS127D361PF0FTXDZ7C4,KS440K96L5VKMH3ZNBJ2,KS125Y462DTP41N0WP4M,19121416,32161416,32161418,19161111,32151014
CRZXC4VNIBLW,KS126X663B21NB77ZHSP,KS124RX787SQ1WVD8XF6,KS1263K71W66XVVGKG2F,ESD6900529C590F09DE6,KS1203V5WXB7NG26XSR8,19111011,19111010,19111012,19121011,25111110
QLLD0N53R4SI,KS122556LMQ829GZCCRV,ES750DFF3E0853E95124,KS123J07373VSJ0QY7BN,KS126X663B21NB77ZHSP,KS1208P6ZMZ4N872Y7X5,21131010,21131110,32151018,21121210,21121410
9MSZR0MZRD5D,KS120KG6WHGRLKG6DFS3,KS1218W78FGVPVP2KXPX,ES8B03DAD3B526316ED9,BGS8C242EEA2D277768A,ES4E81D4E042F468C897,32101115,23161012,23161015,15111013,23171541
65R96KHUB2RT,KS1203C6N9B52QGB4H67,KS441DK5ZDF8Q8FWL19R,ES29DDAE9CCE34160768,KS126SW5ZZYP3HXXPX1X,ES2F712D74818EF2888E,12101212,12101010,12101310,12101210,12131213
2Q9OJF3C07BT,KS121FD72ZG62L4LVSF8,KS1217P66NK6BW72M9FH,KS125BH5X5W0R09ZW3B7,KS441PP66W2WKCZJ7FR1,KS7G4ML61B2JX1H1003Z,16141210,32161010,32161416,21111110,32131011
CMH7LM2LW7ZR,KS122626T550SLQ7QZ1C,ESB80940F2FF8F573D42,KS124G778RBH736MX5J1,KS4407Q5Z676WM9G2VTW,KS122PH75MYR5J23KGVH,23121010,25111310,36111110,23111310,23121311
0RCTI8F34GAD,KS440Y87796WPP7W46RT,KS441786F0PS9RV3QBS0,KS1207164CW5X2SJPW43,KS120RN6FDTS9FLCH3T0,KS1228S6YKWXMH4M4DL7,19111310,19101022,19101512,24131326,19101611
U2AQHKNQJGE0,KS123YK6D01PTFBKT8NY,KS121056X529461ZF6XW,KS7G2F36GFX1K55V6GK4,KS1200H6XYN1CR0G5NZ0,KS4401T642KKKL4FQJMF,19131910,21131110,21131010,21121210,19131911
JN22Y4LGQTCD,ES932A5EE6AD7069CE61,KS126J46GGVZB8BGGXSY,KS1203W702ND09XHKJR5,KS125F678LV2KB3Z5XW0,KS125F678LV2KB3Z5XW0,19101010,19141311,19111010,19141110,19111011
2M9E5IMLZ6IO,KS127D361PF0FTXDZ7C4,KS441626TDSV2J6GBB86,KS4418462TTGKL3CWJHT,ES3937EEC3D5D7345412,KS120165YQ5Y4JGQC03L,23171524,16141210,23171712,23171541,23171510
MPN6937XNCML,KS121F45VPV8C9W3QFYH,KS120RN6FDTS9FLCH3T0,KS1206G7604VC40TDTF9,KS1280B68GD79P4WMVYW,KS1200H6XYN1CR0G5NZ0,32151014,32151019,17161010,23171712,23171524
ZOCJECB4YHBM,KS1219677F286BXFPBNC,ES1BEEB0EA9BCFD65927,ESEB1D4619E6E83A061D,KS126SW5ZZYP3HXXPX1X,ES6204EEE269AF03D4C4,19101512,19101611,19101022,19101511,36111110
ZE7BLP7DGT60,KS123KV6WF08H54CCZMF,KS121VP6YZVZXVB89MFD,KS122YN6108R0RSDXXRC,KS127D361PF0FTXDZ7C4,ESE1B279F38C73E025BD,27121313,27111214,27111222,17101110,27121210
V33YW1V49TDY,KS126SW5ZZYP3HXXPX1X,ES4E81D4E042F468C897,KS127D361PF0FTXDZ7C4,KS120H96HW4CCL1XGZXB,KS1259D6L30YYG3XR3VL,20171810,20171811,20171812,20311610,20231210
5U50FH61N7FD,BGS9E59CAEB2982CEC5B,KS441PL6JPXW200W0GRQ,KS1219261TYVPMGX8KVQ,KS128066XVJ3VBR23R8W,KS1205Z6NX9441WML598,11181011,27111214,27121313,27111222,32131312
7YFZRKLSPPCZ,KS125F678LV2KB3Z5XW0,KS441ML6ZTK71MVYGP67,KS13USA80NE38XJHA2TL,KS125ZB6BWF5RY40BH1B,KS4402B69W05DMZGMV9R,23171528,23171541,23171710,23171543,19131211
O1DS3HGW10C9,KS122556LMQ829GZCCRV,KSQPGV2XZO8UMNCC49LK,ES4A24B7D11092539EC2,KS1253H61TTR1FZWSRH4,ES6978BEA54073B22038,27121313,27111214,27111222,27121210,32131011
3SLA5GM4GSD5,KS127PG60Y3VLHJZY062,KS124685Z7C03V020F5V,KS1203V5WXB7NG26XSR8,KS1218W78FGVPVP2KXPX,KS1287R64YNBZGR50Y1N,19111010,19111011,19111012,19101010,19141311
J4BIOHK0VEYD,BGSB207414BB6B9E9EAB,KS122556LMQ829GZCCRV,KSQOOX1S2DYD0E1VVZ5X,KS127D361PF0FTXDZ7C4,KS121BS6QFLZVY39PMHD,23171524,23171712,23171535,19161012,23131116
GKCPOPXAXUJB,KS1218W78FGVPVP2KXPX,KS1203C6N9B52QGB4H67,KS124QR6F19BX4WPMW1H,KS440HG6L2FMWJBJDZQK,KS123YJ6KVWC91BTMB4R,15111011,15111013,15101010,32121010,19101010
LEJVGIFY1CAG,ESFCB156A8BC41655036,ES8F73CC75C618D72F72,KS124QR6F19BX4WPMW1H,KS121056X529461ZF6XW,KSYO45M6II0E15Y5RP67,23171510,23171521,23171541,23151010,23171524
YQTUV27UUBRJ,KS1239Z71LLXDMTGRJ5S,KS125F678LV2KB3Z5XW0,KS1218W78FGVPVP2KXPX,KSMIAVIJL46DP0KXCAH3,KS124546V0PF3HLQZ78V,11131312,32161416,11151110,11161410,32121312
C6A41L12IM29,KS440WB6JXXD43XXP1GJ,KS1203C6N9B52QGB4H67,KS124JB619VXG6RQ810C,KS1203X6ZDCNW2J3RC4X,ES284CDAFBB31218804B,19111012,19111010,19111011,18151310,16101010
6KN0Q48GCNUB,ESFA9982A2A945E439CB,ES2B622E9BDD0AABB07E,ES9B78F71AABE6DB73F6,KS128275ZSJDZ37SNG87,ESDE88522D5CAB41E894,16141210,32131011,27121210,27101212,27121510
Y95CPQRT3MF3,KS123S96VJ7HPK27PVFX,BGS1ADAA36DB65721AA3,KS126HY6YLTB9R7XJC4Z,KSUDU9T83UZ7CK5THOYD,KS1200H6XYN1CR0G5NZ0,23171521,23151010,23151016,23151011,23151020
6DMJLXDW0YCY,KS1239W6QZKL1H0TF1TJ,KS440PV6FRJ90X0QFNLY,KS1218L60PDVZX16NZT1,KS121Z26S4VJLQ1WXN21,KS4425C7820LCHZS7VGX,27121210,27121313,32131011,27111214,27121510
2R9PEGLNUKX4,KS1203V5WXB7NG26XSR8,ES7FB7FB752C1DCB7CA6,KS12621706P2NTMBQY45,KS127CR6S5TQJVYMG3HB,KS1222J74V913YX7MFYV,19111011,19111010,19111212,19111012,19111210
39MXFGBL0M3I,KS124H46Q2PP8YC1WQ06,KSKJX44T33B6D4UCC8CB,KS7G16D61SMNKDQZLKSV,ES4E81D4E042F468C897,KS4418462TTGKL3CWJHT,16141210,32131011,16141110,27121210,24151313
S1K9YE9O2M71,KS123ZJ5X02D3GL6CNQT,KS123Y56VDHMZ288XX1W,KS127D361PF0FTXDZ7C4,KS1253H61TTR1FZWSRH4,ES8A837D0DD657D1FD5C,36161117,19101010,19111012,36161120,36161112
0J1OULWOZQ48,KS122556LMQ829GZCCRV,KS123MC78KV644P5DDZ0,ES8A837D0DD657D1FD5C,KS1280B68GD79P4WMVYW,KS126SW5ZZYP3HXXPX1X,36161117,36161120,36161112,36161124,36161110
9Q1NI10KQSOS,KS4401967TXYW7DXV8QX,KS1200365FTR9X0M96T9,KS122556LMQ829GZCCRV,KS680KR72KH02C5GM5TY,KS1206V6K46N1SDVJGBD,16141210,16141110,32131011,27121210,16111010
DP5J7QMG1K4O,KS127887314GMCR1VRR5,KS124FP642Q7P7TBPPZN,ES99B020D66F6670BCA6,KS1276W6L2D0CXQXWHJN,KS1210M6L42L5M4YPFMV,27121313,27111214,27111222,27121210,32131011
HZ3ZSG9VWIEB,KS124WD6XB7RT57LR817,ES9C4BA42EEF41C08D62,ESA91D8112EB9ECA3570,KS128866SHL94J005TTG,KS441K2756CXYXBG990G,20251510,20321022,20341110,20311510,13101010
3PPSOHXF823Q,KS441VT5Y6FNS7YNVML5,KS683TD6K9QRLNY1PHN1,KS4420D71YWJJ5Y4Q45N,KS122VW78Q67XR4C3ZDW,KS121Z26S4VJLQ1WXN21,32151013,16141210,32151014,32161416,32151018
4HXIOBCFPHG4,KS120XP636CB5432F5TP,KS120RN6FDTS9FLCH3T0,KSQPGV2XZO8UMNCC49LK,ES3C8650B6A0820DAFF4,KS123X777H5WFNXQ6BPM,32131111,23151215,23161111,23161210,23151214
QOPWSUQFQNG8,KS123K75YGNHRWV33J0R,KS120MK63S6S8PDW2HYZ,KS1259D6L30YYG3XR3VL,KS1219977HCLGR8H96W8,KS1287M692W39DYZN8ZZ,32161416,21111110,32161418,26161110,32161010
AOTS98IZ3U81,KS7G0X05X94FX4T2DMFR,BGSDD5FB715C9C84D8AE,KS127D361PF0FTXDZ7C4,KS126S86N4K800BJBTQP,KS441426CFWZY06WC1J6,16141210,32161416,32131311,26131114,16141110
3LC6P0DRQFVF,KS1256V72T3PMM5X9R0X,KS120GV6C72JMSZKMTD7,KS122556LMQ829GZCCRV,BGSAE7B47A4E01B83B87,KS1228M6S0Q13JW8NV10,27111222,32161414,27111221,27121210,32131011
SRKPVI2C7RWE,KS4418H63Z3RP725L3BW,ES99B020D66F6670BCA6,KS7G09N768FLPTYZWXWV,KS122556LMQ829GZCCRV,KS126X663B21NB77ZHSP,23151313,23161015,23151410,11111012,11221117
BHAIIWI08L0H,ESFA9982A2A945E439CB,KS123YJ6KVWC91BTMB4R,KS126966H39MX8JKF9TX,KS122556LMQ829GZCCRV,KS120415VRMKCMYR91NZ,25131410,32161311,25131710,19111010,25131810
SWBKOK3QPWBS,KS1203T6J7F2P3TG6Y6K,ES8B03DAD3B526316ED9,ESE983FDBBC909D9B819,ESFA9982A2A945E439CB,ES381E2801E7BF20D210,22101310,22101312,32171011,32101110,22111218
27BM7FCJ0OSO,KS4413K71NZC1B6F29NJ,KS128866SHL94J005TTG,KS1239W6QZKL1H0TF1TJ,KS1262M75JR0VJF6P1JF,ESF5E4E161916F0E64A4,21111110,34151010,21131110,32161416,11191013
KCZF2TDCITEG,KS680KR72KH02C5GM5TY,KS123G471DSYSS0YDXWT,KS126HY6YLTB9R7XJC4Z,KS1280B68GD79P4WMVYW,KS1200578T5QCYT0Z98G,17141810,26151010,23171712,23171524,33111111
PRTZUF0UE99O,KS4415B77WWH2WCSVHCV,KS440QT6SGW2NTKMPT1Q,KS123MC78KV644P5DDZ0,KS123X777H5WFNXQ6BPM,KS123DP6JFXMPMKNCLG4,25111110,25131710,25111518,18192110,25131810
1923WVLCX7MM,KSQPGV2XZO8UMNCC49LK,KSET2IWJVEGUTA3JC9WG,ESFEAD2149FA4E7CD6FE,ESBF952629C36426E564,KSQPGV2XZO8UMNCC49LK,27111211,27121312,27111214,27121313,27111222
4X8SCX401L51,KS124WD6XB7RT57LR817,KS1200H6XYN1CR0G5NZ0,BGSD663E7801D0013709,KS122VT6S2JJ5C5D80NF,KS123X777H5WFNXQ6BPM,20251510,20341110,20311510,13101010,20251110
UQAAJ84RX6PR,KS122SG5Y0Q5YQM7V8KT,KS1228S6YKWXMH4M4DL7,ES9E9A9565C329709A50,KSDJCA4E89LB98JAZ7LZ,KS4411L6N4357XFJG17K,23171524,23171541,23171712,27111222,27121313
HDVNFF2WCFIE,KS126D668BLGSC15GFLS,KS121056X529461ZF6XW,KS120SQ5W4Q57JMD2Y81,BGSD663E7801D0013709,KS1200H6XYN1CR0G5NZ0,11191413,15111013,12111112,32101110,11221117
2MOVS0CDK36M,KS122556LMQ829GZCCRV,BGS44C84DFC79A18FF55,KS125Q164VVZ10LN2FBN,KS122B071LMGXVTT3Z91,KS128066XVJ3VBR23R8W,36111110,18131310,25111110,11191210,25111610
RMNZSYHRIPVT,KS120GV6C72JMSZKMTD7,ESF5E4E161916F0E64A4,KS1239W6QZKL1H0TF1TJ,KS121JN70DB9VHC8T9GN,ES51F304AA194C59F362,23121010,23111310,23101010,21111110,23101110
WJWXYOUHIF80,KS1276B6094BBN4WY5CK,KS121BS6QFLZVY39PMHD,KS1267F6MSPN366LX7ST,KS120BV6SR75RBKQH0G3,KS1218W78FGVPVP2KXPX,36161126,15111011,24151317,24151313,24151213
WVPUNWCGBSVK,ES20CECA4FF83ECE8196,ES449B0D2B4D5CEED7C7,KS123HX69V95SC2NJZYZ,KS122556LMQ829GZCCRV,KS122BM7899YNC6504SP,27121313,27111214,27111222,27121210,27111211
UG8POKI5BLW4,KS7G55M6TRB1N24LW2P5,KS441JM64022GT53T0LV,KS121ZT69B93MMXHS2N8,KS440PP604XS7CPXZXHL,KS120146S76B3ZKN68X3,20311610,33141012,33141410,33141013,23171541
IEW6OR6XN6LC,ES47BA93FC30E2F301DC,KS4407J75X4WDBY7RGLC,KS122555YNWMN79XR7DH,KS126456773GS63NCY8F,KS4418D6RW4837XPT884,32131520,22101214,22111215,32131111,32131526
1E4ZNZZE2TBS,BGS2EBE8AB8957186FB4,KS1219261TYVPMGX8KVQ,KS1203C6N9B52QGB4H67,KS122556LMQ829GZCCRV,ES26F70DE1799788D6F9,27121210,32131011,27121510,27101212,14171310
7GJCML8804FI,KS127D361PF0FTXDZ7C4,KS7G4435Y86B10HMV3H3,KS123X777H5WFNXQ6BPM,KS122W26SKGLZJ2KLF5M,KS122556LMQ829GZCCRV,19111310,19101022,19101512,19111012,36111110
B3D5050UI22K,KS124N46RMFSBQFLTM0L,KS1218W78FGVPVP2KXPX,KS1282R607CFYF1FWJ74,ESA3F0428E1E082505D6,KS127FH6RY182W88Z7JM,27111222,27111214,27121313,27121210,11161410
JK66KE9JFO2A,KS124JB619VXG6RQ810C,KS1218W78FGVPVP2KXPX,KS1212B6QR5SK1LSD4S4,KS1200H6XYN1CR0G5NZ0,KS1280B68GD79P4WMVYW,32171011,32131510,32171017,11191111,32131526
Q0NEZH1U9C24,KS7G55M6TRB1N24LW2P5,KS125H26P1ZTQSB90SPN,ESBF952629C36426E564,KS1218W78FGVPVP2KXPX,KS1208P6ZMZ4N872Y7X5,23171528,23171710,23171541,23171524,23171540
O50DW1MF07OL,KS4402175903S3CYQ6CK,KSFJRPQN2KI79W0X0BU6,KS1276X6Y2L3ZCT22HJ0,ES3887D0EF43C2DFE14D,KS1281N6YRB0FN640PH8,23151120,23151115,23151114,23151116,23151111
EYKC2MNG806W,ES8B03DAD3B526316ED9,KS125ND687ZNB659FK3Z,KS4413K71NZC1B6F29NJ,KS126SW5ZZYP3HXXPX1X,KS1200H6XYN1CR0G5NZ0,34151010,11191013,18161310,34151110,11221117
WEDNYA3S9UCK,ES3BCDCBECB6A64FA826,KS7G55M6TRB1N24LW2P5,KS7G2F36GFX1K55V6GK4,KS122556LMQ829GZCCRV,KSKG9OA3NDST6929VROF,26141910,14121310,25111110,25111310,25111610
RUZU5E3VMK0P,KS123X777H5WFNXQ6BPM,KS1215Z6TK2JY562DFD4,KS120BV6SR75RBKQH0G3,KS1253H61TTR1FZWSRH4,KS123F467RW662V3R2XQ,19161111,19111011,19111010,19111012,32131210
PGYAP9EIB0TA,KS13USA80NE38XJHA2TL,KS1223966G4Q22CCCYC6,KS1204L6HNLVRQVG3JHR,ES372587C5A024DC7A48,KS1245B75K22FQSVG892,23171528,19101015,32131520,23171710,19101010
0X9A8F8BOR2K,KS125BH5X5W0R09ZW3B7,BGS6712A075FC970319B,KS7G2F36GFX1K55V6GK4,KS6840J6LR0TLQ86LZJC,KS1218W78FGVPVP2KXPX,11151110,11151010,23171524,32121312,23171712
TBW4YBYPJQWY,KS127D361PF0FTXDZ7C4,KS44175745H9Q0DPBDNT,KS7G747655VG23WXMS9B,KS122W760S3H5X5HNC91,KS441LY691MT0N689MWR,23131115,23171310,27111320,23131110,23131116
28PU8HN8XZ4O,KS122C06Z8NDM5G6NYNT,KS4403N78HGDCH7M583G,KS127HT6PY61NVMR3PWG,KS440SR65FDSYM6XM21G,ES8112FBBD916F633942,19101010,19141311,23151115,19101314,19141110
4QXXVA2IEUC1,ESC7ED06EEAC1B209A6C,KS1253H61TTR1FZWSRH4,KS4407N6CMTCYT0NYSVM,BGSB1AA3A12976AFDDA2,KS122556LMQ829GZCCRV,27101024,27121510,32151014,32161416,27101212
KYXADHIYUHWY,KS122NS6ZXC3WVSSSW2H,ES75388526FA5C8C8C76,KS121W46CJXQ5ZQ506MS,KS122C06Z8NDM5G6NYNT,KS440PV6FRJ90X0QFNLY,23121010,23101010,23111310,23121311,23121312
AR0KO31NZSXP,KS1207164CW5X2SJPW43,KS1200H6XYN1CR0G5NZ0,KSKJX44T33B6D4UCC8CB,KS1227P6FBK34WLH6X8Z,BGS2E1275F3C96CC1BA8,16141210,16141110,32131011,12131213,12101212
LRZQ8BXY6RKV,KS121XY60R6Z5C3R172K,KS123Y56VDHMZ288XX1W,KS441DK5ZDF8Q8FWL19R,KSKG9OA3NDST6929VROF,KS124JB619VXG6RQ810C,19101010,19141311,19111010,19141110,19111012
HN3F9ZXQERBK,ESAE6A1B33E444CD8862,KS1217J6B5FTXYYNSTZY,KS1265F71V3PY4KH0JW5,KS1203V5WXB7NG26XSR8,BGS9008FFE7C995EBDD4,20231010,19111011,21131010,20231210,19111010
2073O9YCM9PO,BGSBC6553CCF3F292F02,KS122HK6LN2MZHFY69GJ,BGS8757C49A631008ACE,KS1217P66NK6BW72M9FH,KS125RT75ZYS4TCFJ0H8,32131526,32131520,32131510,32171011,32101110
01M4Y04LF3CF,KSY4WFI1S164RQUBSPCC,KS1226Y6DNDT05G7FJ4J,ESE32E789240D17A61B7,KS124N379LGJFBGL6PPQ,KS122SG5Y0Q5YQM7V8KT,20131312,23171541,23171521,33141214,20131216
JCZLXOZV4W5N,KS122B568MKWX1K9STGP,KS127D361PF0FTXDZ7C4,KS122YN6108R0RSDXXRC,KS121W46CJXQ5ZQ506MS,KS120RN6FDTS9FLCH3T0,27121313,27111214,27111222,32161416,27121210
LU57BQ0U75CN,KS1228S6YKWXMH4M4DL7,KSZX7YZWNR5IDR1I2VMZ,KS1241Z70408SM2F42HK,ESBF3D51B7AF0070EC8D,KS1203X6ZDCNW2J3RC4X,19111012,19111010,19111011,12131213,19161111
8QU30EX7KI13,KS126X663B21NB77ZHSP,KS121YT721BY2F3M5YDR,BGSD663E7801D0013709,KS44086772RVPJQ1SVW6,KS123HV5WHQXDMXZ667K,22101214,22101213,22111215,11191413,32151018
QUVAKSWRZQE5,BGSBC6553CCF3F292F02,BGSDD5FB715C9C84D8AE,KS1218W78FGVPVP2KXPX,ESA3847CC2A145924D5C,KS120WT70DM8WX59219Z,27111214,27121313,27111222,27121210,32161416
SZDXIMYN4U9B,KS126HS6R7MH1W08PMVR,KS7G2F36GFX1K55V6GK4,KS126SW5ZZYP3HXXPX1X,ES32D9DAFE37545AE8B6,KS122D46PJ09YVSBV9DW,21121010,21131110,21111510,20251010,21131010
2UDX1ZFMQ6I4,KS125Y462DTP41N0WP4M,ESFA9982A2A945E439CB,KS440ZC661D1D248K9QG,KS1202178XCJM148RWS4,BGSBC6553CCF3F292F02,19121416,19161111,23151215,32161416,32151019
8RFC9VD5SO2N,ES5F80D4A3BDF9BB9069,KS4421765YF4MX2SQZSX,KS440M678F6NGFKV10Y8,KS1218H6YTH21VYCT4YN,KS1217568CHTXMHV7V47,19111012,19101010,19111011,19111010,19141311
GYR58MX4YQQ1,KS121Z26S4VJLQ1WXN21,KS1205W6CC3KVPSFH2Q6,KS127D361PF0FTXDZ7C4,KS1287M692W39DYZN8ZZ,ESA420F05EBBD34B3C2A,20341212,20341227,20341216,20341217,21111110
GFXRK1MPLA10,KS1253H61TTR1FZWSRH4,BGSAA93822820DF21114,KS127ZG6DBSF76WF7VYX,KS441K2756CXYXBG990G,KS122SG5Y0Q5YQM7V8KT,32151014,32151018,32161416,23171541,32161417
L40FOC9KCX61,KS12752715S2P1XNBR43,KS124GV78MYQ469S38M8,KS122VP5W9LZ8TRNFJY0,KS441XL6K7MG8NCHYDC0,KS123HV5WHQXDMXZ667K,16141210,23131312,16141110,22101214,32151018
WKZIRNK6ZHH3,KS441DK5ZDF8Q8FWL19R,KS124VJ71BKMYXC1PP09,KS124X67987XF85L4KQS,KS124G66QWSYM012SWS5,KS126JR6F5V2TRCLB1H5,23171510,23151010,13141111,20271110,13121011
ETYR9X20BW2M,KS1203W702ND09XHKJR5,KS120436N14BN10FM7W8,ES66EEB1C4C8D34B0CE0,KS122NY60HCYYDXHQGQN,KS43I7T7CU4Q66EGVQLU,19111010,19111011,19111012,19101010,12131213
POCR0VHV1NM3,ES5515E43EB7FBC6BB6A,KS1247G5XL3XDDF18YX0,KS120W86MGP2XXV2NDCC,KS125BH5X5W0R09ZW3B7,KS44086772RVPJQ1SVW6,19101010,19111010,19111011,19111012,19141311
DHIHPSMTK7P6,KS124QR6F19BX4WPMW1H,KS1289C6QS0TSSB4PNGG,KS7G2PN6Q42WPLR91C09,KS1265M698X7BRS20SWP,KS7G1YH6989K60428HFJ,27111222,20231210,20231010,20241110,27121210
9VMHVR04JCRW,KS1203W702ND09XHKJR5,KS4418H63Z3RP725L3BW,ES8B03DAD3B526316ED9,KS122556LMQ829GZCCRV,ESF5E4E161916F0E64A4,21111110,21131110,32161416,32161010,32121010
TSUJT70Y2RL4,KS4418H63Z3RP725L3BW,ES1AE014948D7C1AD5AD,KS1218W78FGVPVP2KXPX,KS7G7LT731301PM8PGN8,KS1218W78FGVPVP2KXPX,23121010,23121311,23111310,23121312,23111410
ZZQO17RV2Y7C,KS128HP65N6N70YV5ZM7,KS680KR72KH02C5GM5TY,KS440PX70147DD63BTWM,ESCA52100E7DBDF47A7F,KS122556LMQ829GZCCRV,32161416,15111013,13141111,13141012,32101110
D0NKVDKIPDHS,KS126X66JWSPRBZJSZZ8,KS1267F6MSPN366LX7ST,KS1282X64QGHTFWQ8J2Y,ES3CFFFE227B9801719B,ESB13CB1EF6E7151141A,26131014,11211014,32131526,32121312,11211211
0IGBV7U2AJA7,KS123X777H5WFNXQ6BPM,KS123X777H5WFNXQ6BPM,KS124WD6XB7RT57LR817,ES886154C56DD7EB0AFF,KS124QR6F19BX4WPMW1H,20251510,20341110,20311510,13101010,20251110
AKFD18TLTY7W,KS124QR6F19BX4WPMW1H,KS441K2756CXYXBG990G,ES8F0D73ED4F952B6A48,KS44241613XS4PFB9NNS,ES2CC185FC27BC0DF8FE,27121117,22101214,22111215,22101213,27121325
F0ZADF5JJ002,KS122556LMQ829GZCCRV,KSQ99JKTZ4VRBARWNW2X,ESCB38C6B130340D9E34,KS7G4T15W4RYVZTCDSWZ,KS127H05WDKJ5BPKWVH2,21121310,21141810,27121510,27101212,27101024
X6WB68Q0J9M4,KS1227P6FBK34WLH6X8Z,KS122YN6108R0RSDXXRC,KS122J56PZMMFL1SVY1F,KS1258C6LQ2LJHNXP5MP,KS122556LMQ829GZCCRV,27121313,27111214,27111222,27121210,32131011
K7DD1T46MH7G,KS125F678LV2KB3Z5XW0,KS123ZK6L4QMKHQPZJ1N,KS7LO8P3MXB93R3C9RWL,KS1201H611BT3GJ16LF6,ESB38820A543FA4E3969,18141010,18191516,23111410,18151012,18151213
QMN7D922WAHD,ES5F80D4A3BDF9BB9069,KS1203C6N9B52QGB4H67,KS123X777H5WFNXQ6BPM,KS122P86NZFH1GP38G15,KS125RF5YH46KGJZ0SP6,19111012,19111011,19111010,19101010,12131213
PIAGF9AHO3K5,KS7G4ML61B2JX1H1003Z,KSQPGV2XZO8UMNCC49LK,KS121DS6GB09TFN7RLX0,KS124FJ6XTZW8297NQG8,KS1265L61XR6NN08GW7Z,27121210,32131011,27111222,27121322,16141210
KYB8VODMR5QS,KS126HY6YLTB9R7XJC4Z,KS128B16WQ7F1T5KVPGS,KS127D361PF0FTXDZ7C4,KS1217R6SMDJ0WQHN6LK,KS123YJ6KVWC91BTMB4R,19111012,19111010,19111011,12131213,19101010
1TGLNSS2PMIA,KS120XP636CB5432F5TP,KS126DB6T061MHD7RTGQ,KS441NS6G86NC7BV1S6Y,KS125F678LV2KB3Z5XW0,KS126966H39MX8JKF9TX,25131410,32161311,25131710,25111110,25131810
GUUW05802XVX,KS1263K71W66XVVGKG2F,KSV9519BLAEVU93G9AIA,KS121Z26S4VJLQ1WXN21,KS123X777H5WFNXQ6BPM,KS440Y975RD841M02V3S,27121210,32131011,27121313,27121322,27111222
6PO0M24US73W,KS128296MSCLM11LM55F,KS1203T6J7F2P3TG6Y6K,KS7G4B36HF83RTCXV4QB,KS1284M622VT3F77037Q,KS441CZ6CZZXNMRR28CV,27101212,16141210,21111414,25111110,27121510
M8RT419FG4UB,KS122CX79LYK5C881P71,KS4418M6DLSHH5DV8CXM,ES9FB32769C9772653CA,KS122HK6LN2MZHFY69GJ,KS7G2F36GFX1K55V6GK4,20311610,23151115,20311810,23151111,23151116
0IOFIFOQ6PK5,BGSDD5FB715C9C84D8AE,KS440726NL4QJRHCMR43,KS120XM6K01BDQNVTK1Q,KS1218W78FGVPVP2KXPX,KS121056X529461ZF6XW,32161416,26141210,26131114,26141910,32151013
L6CKNC7GIU13,KS123X777H5WFNXQ6BPM,KS1200C5XQWW78VQ5ZYL,KS120RQ729S7CR8GSZ95,KS123HX69V95SC2NJZYZ,KS122626T550SLQ7QZ1C,19111110,19101310,23171716,19101314,23171524
MPA7DZVHLTMG,KS1203C6N9B52QGB4H67,KS127YF631YF6JYZNX9P,ES7A07CF87C516875B23,KS123MC78KV644P5DDZ0,BGS20FBC5D71F4590933,32161010,32161416,21121210,21131110,27111222
UZFK8UT0CVS4,KS560WWYRXCX5ABQRPKB,ES1E6EFF7F7429763B50,KS1280B68GD79P4WMVYW,ES87FCA5D890BF2CCEB6,KS1241P6PXRCKTDSWHTV,27111222,27121313,27111214,27121322,27121210
IY2S530TJ2T9,KS29Q4GOD54F7XXG63HX,KS1259D6L30YYG3XR3VL,ES55B61E59E9550C663D,KS121F760MT5QS38TK2S,KS123MC78KV644P5DDZ0,13101010,20251510,31151410,20251110,23171611
PCZA3SFGHO4Q,KS1227P6FBK34WLH6X8Z,KS4415D768WF7MWNJV37,KS1256W6MPKRNM11QMPM,KS1267F6MSPN366LX7ST,KS4407H64CVBMTRQZRCF,32171022,32161416,32151018,32131526,32171024
LV76MF4NNKM9,KS128716HL1C1Y0ZS84Q,KS121Z26S4VJLQ1WXN21,KS4418H6DF21VK4NHKWB,KS122C06Z8NDM5G6NYNT,KS1264X6Q6902BJMLNCB,26111210,26111010,18141010,18191516,26111110
G77Q9VJUHBP9,KS441ZY6P0PDB5DWTRB8,KS120SR6WD1FP76Z6GC2,ESE72BE6B14B7D2375F8,KS1224W5XSXCJBNSLLVX,KS1218B62M9QRBY8WRSK,23131117,23131115,23171510,23131110,27111320
PLA8JZ9DS2UL,KS1265K7167WTNMBJK42,ESBF952629C36426E564,BGSDD5FB715C9C84D8AE,KS1219863VWXPRZL5LG2,KS1218W78FGVPVP2KXPX,27111222,27111214,27121313,27121210,27121322
IU31E90GDRRA,KS1217P66NK6BW72M9FH,KS122D46PJ09YVSBV9DW,ESC291FBF2F1B35C80BC,KS4424T6DJM4SGHQMBS1,KS123X777H5WFNXQ6BPM,22101410,21121010,20251010,21111510,21121110
QC2VD8IQWFJR,KS440JQ6CH2PLBZVTYLV,KS126X663B21NB77ZHSP,ESF23FB2EE8707FB9397,KS1203V5WXB7NG26XSR8,KS7AASDV6UOE7VFBGF4D,22111215,20321111,22101214,19111011,19111010
5WOQDNVQJ4U4,KS122556LMQ829GZCCRV,KS12043750BK3KLG30B5,KS126X663B21NB77ZHSP,KS125B56QRYZLXXCSM5Q,KS123X777H5WFNXQ6BPM,32161311,19101010,19111010,19141311,32161416
K7H01STXMZI9,KS1218W78FGVPVP2KXPX,KS440ZZ6HJGY92HPTWCV,BGSFBB6D23D7E7518584,KS4400P73W7HVMVZ7HCB,KS124216XT0CJXQQND1F,11211010,11221117,19151210,33151210,11231112
MJL5H168287S,ES6814090E8437816F9A,KS440XG653B0ZK3926JF,BGSDD5FB715C9C84D8AE,KS124VF5YCVWCW6NR1Z6,KS121BS6QFLZVY39PMHD,36161117,36161124,36161120,36161112,36111318
7X1RCQ1M0CU2,KS1282T6VG8BBVGX6ZS8,KS1218W78FGVPVP2KXPX,ESF5E4E161916F0E64A4,KS4407H64CVBMTRQZRCF,ESF08B7CF6980EB50E60,32161416,32171022,21111110,19101012,32151018
ZUB3ZUPSLSIY,KS124DX6G31F5M9ZHNGC,KS126256R04NWVG6Y5C0,KS441626TDSV2J6GBB86,KS120V86MZWV9Z9LKQY3,KS125PR6FFPHM75QYRKB,23151215,23161111,11151110,23161015,23161210
C5RQNSVSOJRP,KS1238J5Z67LVF879RRH,KS123X777H5WFNXQ6BPM,KS1203X6ZDCNW2J3RC4X,KS125ZB6BWF5RY40BH1B,KS440PV6FRJ90X0QFNLY,19111012,19111010,27121313,27111214,27111222
C41Q6L4JDGJ8,KS124QR6F19BX4WPMW1H,ES6978BEA54073B22038,KS123QD780L8N96VD1RM,KS123X777H5WFNXQ6BPM,KS125F9784GQ819LH2GL,27121313,27111214,27111222,27121210,32131011
XNY2X15XJXNE,KS121JN70DB9VHC8T9GN,KS1200H6XYN1CR0G5NZ0,KS127D361PF0FTXDZ7C4,KS4425C7820LCHZS7VGX,KSQ39IM6T1T6MCGAI2LO,12101212,12101210,12101010,12131213,12101310
7F10TB81OUVW,KS124GV78MYQ469S38M8,KS125BH5X5W0R09ZW3B7,KS122CJ6ZVCCTTDGYB6B,ES8E169C1E1771773EF4,KS1222C6WKYWRKRXQCR0,20341214,20341218,23171524,23171541,23171510
CVGJJ1WSFDIB,KS120HK5XY6JV257QLTX,KS126HY6YLTB9R7XJC4Z,KS1200H6XYN1CR0G5NZ0,ESE964A5C87B5F70631B,KS4401Q6TM90DBQSF645,23131115,23171712,23171716,23131116,23131312
KVV411QIZRMT,KS121JN70DB9VHC8T9GN,KS122SL5WTJX85LBXZFC,KS121Z26S4VJLQ1WXN21,ES36F4349696AA6C1AD0,KS123X777H5WFNXQ6BPM,32131522,32131526,32101010,32131520,27111313
D2TO1KVTORP5,KS126SW5ZZYP3HXXPX1X,KS1284B609S18XT8N058,ES75388526FA5C8C8C76,KS120GZ5YXC6YVM1NGPR,KS1218W78FGVPVP2KXPX,11221115,23171210,23171810,23171541,12101212
A3Z5NCY31ZR7,KS122P063X6NGMHLP002,KS124JB619VXG6RQ810C,KS124CH623PFBJS8T5KM,BGSDD5FB715C9C84D8AE,KS440ZZ6HJGY92HPTWCV,23171521,32161416,23121010,23151010,23171541
QF4TIINJV5S1,KS1241J6ZY2S66SZG3QS,KS1282K6QK68NJHMG8V2,KS1215N6SL764TFMM7V9,KS126Z571V94RM5X6TKG,KS441DK5ZDF8Q8FWL19R,21121010,20251010,21111510,21121110,21131110
OTUO4UW590Z9,KS1200H6XYN1CR0G5NZ0,KS4425C7820LCHZS7VGX,KS441846K903WT1RYDKJ,ESB38820A543FA4E3969,ES9BD12EB76B360E0E89,21131010,21131110,21121210,21121410,21121310
28MSABBKAZJM,KS1213Q5Y632QWZ7PVVS,KS121BS6QFLZVY39PMHD,KS126D668BLGSC15GFLS,KS1265D6RGJL2Y4J6V5B,KS1200H6XYN1CR0G5NZ0,15111011,32121010,15101010,15111013,27111320
8BV5ZHP6PNU0,KS124GV78MYQ469S38M8,BGS794951D216441A250,KS7G2F36GFX1K55V6GK4,KS120SQ5W4Q57JMD2Y81,KS1282R607CFYF1FWJ74,19101010,19111010,19111012,19141110,19141311
KWE4BX4LR9TJ,KS1225S77RQ7T10BMPXN,ES6714A12AEE8AEC178E,KS124JB619VXG6RQ810C,ESEB1D4619E6E83A061D,ES88B57ED66145A4A23A,14111210,23171712,23171524,23131116,23171511
5NC0MHXBOH57,KS1200H6XYN1CR0G5NZ0,KS122SG5Y0Q5YQM7V8KT,KS123F95Y4BFF41P3Z6C,KS1258T726SRJLTWL70J,BGS1ADAA36DB65721AA3,18151213,23171541,18151313,23171810,23171522
DEWD6L5HRJAE,KS7G4ML61B2JX1H1003Z,ESEB1D4619E6E83A061D,KS1203W6419RJG2KW4QS,KS122556LMQ829GZCCRV,KSGDZ4VMK1WCGQCE1KUT,23171524,23171712,16141210,19111011,19111010
RGHR4X51MO5J,KS122556LMQ829GZCCRV,KS123Y56VDHMZ288XX1W,KS1265471ZT1HMHWH9NY,KS122LP63R02H2Y6M04S,KS441WD75CKH6JF3WRCW,19101010,19111010,19141311,23161014,19141110
5TK9VJ0VA0ST,KS122ZN5W4DW5ZFSJHQ5,KS126BK72NQVGDQ6Q7K3,KS1203W702ND09XHKJR5,KS122556LMQ829GZCCRV,KS1259D6L30YYG3XR3VL,20311610,20341110,18141210,16131014,20251510
KK7X34UDC4FH,KS120HL62LT111PDC7HS,KS124VJ71BKMYXC1PP09,KS127NB6VPTVSF9N875L,KS7G0S16FTG6TB0QZD2F,KS123SS6LVFYNXQPGJZW,32121312,19141311,19101010,32161010,32161416
OW2R576VILVQ,KS1259D6L30YYG3XR3VL,KS7G09N768FLPTYZWXWV,KS126X663B21NB77ZHSP,KS1203W702ND09XHKJR5,KS124JB619VXG6RQ810C,19101010,19111010,19141112,19111011,19131211
0A690Q5N5KXQ,KS127D361PF0FTXDZ7C4,KS126X663B21NB77ZHSP,KS124685Z7C03V020F5V,KS441ST66XY7925GFPCM,KS12160602V51N7SJSX8,16141210,27101212,32131011,27111210,27121210
V0DSZRK6ILCG,ES71C18378814E6740D6,KS7G0Z579RRP7TRC2L9T,KS1265660DX5R55XBXDD,KS441PC61LH6SWW9P97Q,KS1216V6BW9W9PWLVHP8,23131115,19181010,23131110,32181013,23131112
RUWNN6LXYNUW,ES3CDF4F5564949F81DB,KS440726NL4QJRHCMR43,KS4424364KPJX7Q4X3YC,KS441SR6VQ8S7SWCKJ21,KS4418M6DLSHH5DV8CXM,19111310,19101022,19101512,24131326,19101611
2853UY8U118Q,KS1226Y6DNDT05G7FJ4J,KS127RR61H1X4CYBBZF5,KS127H05WDKJ5BPKWVH2,KS122WB6X37SXSRGC07F,KS1203V5WXB7NG26XSR8,19111011,19111010,12131213,19111012,12101212
17TZ63RRPNCS,KS1239W6QZKL1H0TF1TJ,KS122556LMQ829GZCCRV,KS121BS6QFLZVY39PMHD,ESFEFEFDBA0B3BC39881,KS441DK5ZDF8Q8FWL19R,23171712,15111011,23171524,23131116,23171716
6J3RTXYMSCNX,KS126HY6YLTB9R7XJC4Z,KS1200X6V3937RSF8VVM,KS126K06YSWLGCMB6B0Y,KS123X777H5WFNXQ6BPM,KS1217R6SMDJ0WQHN6LK,23161012,23161015,23161116,17101110,13101010
V5NLZL7HVWR3,KS1203W6419RJG2KW4QS,KS7G4T15W4RYVZTCDSWZ,KS122YX74FWQWFSKPJW0,KS1254170QB67VTMR84C,KS1219863VWXPRZL5LG2,32131011,27121210,16141210,21121310,27111222
00ZKOM2ZKF5B,ESB38820A543FA4E3969,ES9BFF31054D4C3ECA87,ES76F4C57A88877D6D64,ES9E9A9565C329709A50,ES246381C6B751E993D6,17171510,32181013,17141110,31141210,17171610
1ZOD9GEVGUK1,KS122SG5Y0Q5YQM7V8KT,KS124H46Q2PP8YC1WQ06,ESFA9982A2A945E439CB,ESA06FF72BE26A829A7F,KS440XG653B0ZK3926JF,16141210,23151215,32131011,16141110,23171541
TD9JYJ3CT5Q5,KS4403P68Z3K0R3WZW84,ES19C4A31A5044820BA6,KS440726NL4QJRHCMR43,ESA91D8112EB9ECA3570,KS123X777H5WFNXQ6BPM,27111320,19131910,23171521,26151214,23171541
ATDFNMDLSXJN,KSNN9D1M22OT1VOJAGLK,KS121206HM1NHQTPGFFL,KS1253H61TTR1FZWSRH4,KS120SQ5W4Q57JMD2Y81,KS7G0C36YW29VS8KPC05,20341219,23151115,23151114,23151116,23151111
1HQB1EG4OHPN,ESF586319EAC399E9394,KS1241P6PXRCKTDSWHTV,KS120VC7108H86J50CYW,KS124QR6F19BX4WPMW1H,KS6IKJI01W6JVQPVQJTR,11171012,11181014,32131511,32131526,11171013
JX5TD44K1J6F,KS1203T6FQ855MDWZ51F,KS1207Y5XBMWD4PCQWW7,KS1219677F286BXFPBNC,KS124WD6XB7RT57LR817,KS4420H75G906GRK0QJZ,20251510,23171528,11131113,32101010,21171010
HAEWABHB7ZHE,KS1282N6NQMZ95M1HJ7L,KS124QR6F19BX4WPMW1H,KS1275J6Z37CB9HL67TC,KS123X777H5WFNXQ6BPM,KS124JB619VXG6RQ810C,23171528,23171710,23171541,23171524,23171540
L1TKU04VPWYM,KS1248T6MC5L69MZ2L3R,KS120RN6FDTS9FLCH3T0,KS127CS79GV081FMJYKZ,KS122ZY767SXP12641Q1,KS120RN6FDTS9FLCH3T0,32131111,32131526,32131520,32101010,32171022
L0DGH6M3SGUR,KS1280B68GD79P4WMVYW,KS1217568CHTXMHV7V47,KS124F463KMJQGJ9DGGV,BGS8757C49A631008ACE,KS441VT5Y6FNS7YNVML5,27121313,27111214,27111222,27121210,32131011
VZ01SOSR2HVN,KS1217P66NK6BW72M9FH,KS4401D6PYRMFQC4HR62,KS122NY60HCYYDXHQGQN,KS120LB6XV5409BCQ0NF,KS440W865GC4VRBW6LJP,23161012,15111013,23161015,23161016,11221117
CH1WY6POGI3E,KS7G09N768FLPTYZWXWV,KS1282R607CFYF1FWJ74,KS1265N6Q8R9WTY8PB27,KS126HY6YLTB9R7XJC4Z,ESED820E6065D9AA8D6F,27121321,27111223,21121110,21121010,21131110
AAXA3BL13VCG,KS122556LMQ829GZCCRV,ES75388526FA5C8C8C76,KS1265F71V3PY4KH0JW5,KS122556LMQ829GZCCRV,KS1245R6XZNLCYVQFDM8,27111320,19161012,27111314,19181410,32131520
9UZC2PLHS95T,KS1217P66NK6BW72M9FH,KS122LZ73LBCYNVBL9N7,KS122B071LMGXVTT3Z91,KS1221N6Y93NC5QGP0TG,KS127ZG6DBSF76WF7VYX,26111010,26111210,32161311,26111110,26111310
NJD5SLOC8D6J,KS4418H63Z3RP725L3BW,ES20CECA4FF83ECE8196,ES9E9A9565C329709A50,KS7G82H74NBVCV9RJBFJ,KS1281M7573BG4S5QKMT,18171014,14121910,14121310,18121010,14111117
HH5LF6A4FEJG,ES29DDAE9CCE34160768,KS123MC78KV644P5DDZ0,KS126HY6YLTB9R7XJC4Z,KS125F678LV2KB3Z5XW0,ES13C7FC90D85F430031,27121413,27121313,27111214,27121414,27111222
YRW6OWH8VLIG,KS1238H659P08Z726BK8,KS121Z26S4VJLQ1WXN21,ES20CECA4FF83ECE8196,KS128B16WQ7F1T5KVPGS,KS1217P66NK6BW72M9FH,19111012,19111010,19111011,27111214,27121313
KHD1YUJEDODW,KS1282T6STD9RJZ677XL,KS1200H6XYN1CR0G5NZ0,ES3059A62D4FF54CD4ED,KS121YT721BY2F3M5YDR,KS121BS6QFLZVY39PMHD,21161211,21161310,16141210,15111011,21161210
0V0NJJ63XVFI,KS123X777H5WFNXQ6BPM,KS122556LMQ829GZCCRV,KS686Y976L1WJ98QFSD4,KS1228S6YKWXMH4M4DL7,KS1253H61TTR1FZWSRH4,21131010,15111013,22111215,22101214,32131526
BV2IZSFWI45A,BGSB805E8E694CF5F05B,ES886154C56DD7EB0AFF,ESD45EAB54A83A5255D6,KS120BV6SR75RBKQH0G3,KS123X777H5WFNXQ6BPM,15111011,15111013,32161416,23111410,32121010
1AU9DSAV917R,KS120FG6YP8PQYYNQY9B,ES6C29DABFE2921A7EA3,KS1217J65JY9FWFKQR0C,KS121W46CJXQ5ZQ506MS,ESE1B279F38C73E025BD,19141311,19141112,19131211,19101010,19141314
6SW1YK83GSGC,KS128866SHL94J005TTG,BGS794951D216441A250,KS122D66ZXYMB2T0HT81,ESEB1D4619E6E83A061D,KS122626T550SLQ7QZ1C,19101010,19111010,19111012,19141110,19141311
Z79HQTYLU58F,KS4DOAH8RJ88A8BZ4EY6,KS122W26SKGLZJ2KLF5M,KS126X663B21NB77ZHSP,KS1248T6MC5L69MZ2L3R,ESEB1D4619E6E83A061D,32171028,32161416,32161010,32121312,11221117
6QDY4LMCT64Z,KS126JR6F5V2TRCLB1H5,ES6204EEE269AF03D4C4,KS1241P6PXRCKTDSWHTV,KS1261W6S12LL9NC21GQ,KS1253D6B27CMTZ496YL,19101010,19141311,23171510,19111012,19141110
MVIBZYFGGK82,ES332FCE9855C791ABC4,KS126256R04NWVG6Y5C0,KS128456FPN85WYD0SH8,KS122NS70VX2DP2290H9,KS1265D6RGJL2Y4J6V5B,19101018,19101011,10111010,11221117,27111320
DQVUL7JMDXUB,KS121XY60R6Z5C3R172K,KS120XP636CB5432F5TP,KS125F678LV2KB3Z5XW0,KS4418462TTGKL3CWJHT,BGSDD5FB715C9C84D8AE,32131111,32161416,26131114,18171015,32151013
RRBAEJZ286QP,ESA2046B83319C31C349,KS123F95Y4BFF41P3Z6C,KS7G4XR784Q66ZDX1WKL,KS4418M6DLSHH5DV8CXM,KS6840J6LR0TLQ86LZJC,23171524,23171712,23171510,23171541,23131116
5VLWOJTXCF0K,KS120WQ677W47TWMCBB2,KS121W46CJXQ5ZQ506MS,BGSB9A5A49020C6E0886,KS7G2F36GFX1K55V6GK4,BGS1ADAA36DB65721AA3,19111012,19111010,19101010,19111011,19141311
M1XGB1BOTM1C,KS127CR6S5TQJVYMG3HB,KS128716HL1C1Y0ZS84Q,KS1222G6RD9GBB7Q6FY5,KS680KR72KH02C5GM5TY,KS1203X6ZDCNW2J3RC4X,19111012,19111010,19111011,12131213,21131110
13HLOZESJNCR,KS7G2FX6L5L0NXGGHKMH,KS124JB619VXG6RQ810C,KS124MH6ZSZDFV5XXYQ4,KS4418462TTGKL3CWJHT,KS4403G6XNX5KJSD906W,23161012,15111013,11221117,23161015,20291210
FLB7WXRUM2LH,KS126HY6YLTB9R7XJC4Z,KS441PL6JPXW200W0GRQ,BGSDD5FB715C9C84D8AE,KS124QR6F19BX4WPMW1H,KS125WR68JRPG2YBFPP3,32161416,19121416,32121010,19161111,26131114
ZJEE1B34RQVZ,KS1227N6MSF1WZ4B566W,KS7G7X55ZKBF0R0WCSZQ,KS681QS60M1FK19YRHG4,KS123X777H5WFNXQ6BPM,KS123X777H5WFNXQ6BPM,23161012,23161015,19101010,19141311,23161210
82OXLMYQS8CG,KSKG9OA3NDST6929VROF,KS125B569R313XT23LHY,ES70CD6E89F6DAD8F319,KS128296MSCLM11LM55F,KS126X663B21NB77ZHSP,25111110,25111610,25101110,25111518,11151110
9KKH4A3YJTU7,KS821U8XQRM3KNTJ84N7,KS1227D60Q7225FTK55V,KS121F760MT5QS38TK2S,KS1253H61TTR1FZWSRH4,KS120406FZSMTZF4M5SH,27111320,19101010,27111314,19141110,19141311
TWBOZD1AT7O7,KS1265D6RGJL2Y4J6V5B,ES6A85F7857B9B6BDE81,ES44C38C0A5850449C4A,ES1C53496B6F1ECEDD9A,KS121YX5XHV5QPYV2TXL,19111012,19111010,19111011,12131213,19111212
KVCBZYIYN62U,KSQPGV2XZO8UMNCC49LK,KS1230H6C990449W00PS,KS1217R6SMDJ0WQHN6LK,ES32D9DAFE37545AE8B6,ESAB2C2E5E7E78A3527D,21131010,11191210,27101110,32131011,27121210
WFMAX9FKE4VZ,KS122LZ65M6D6TNYLP9Q,ES3D0D72D0902084BC20,KS123B75Z8CKNHP05L6Y,KS127CR6S5TQJVYMG3HB,KS125LY66QGRYZZSN05Z,36161117,36161120,36161124,36161112,32161416
LQV62J16W8MI,KS1267F6MSPN366LX7ST,ESB641A019499F7A06AE,KS122626T550SLQ7QZ1C,KS44175745H9Q0DPBDNT,ESF7CBEBE067150B911F,16141210,32131011,27121510,27121210,27101212
9ZL5Y31K88NO,KS440Z26T60HXNGBDLL2,KS122556LMQ829GZCCRV,KS1241P6PXRCKTDSWHTV,KS1218W78FGVPVP2KXPX,KS126HY6YLTB9R7XJC4Z,36111110,11121110,17121013,26131114,25111310
R16WU19LF2OJ,KS123196V19HLL2MP68M,KS1287R6DDZH5ZG0BQQK,KS121F45VPV8C9W3QFYH,KS126L563YF9YNQQQ832,ES72D57E1BC4BB22BBB0,11211010,11211014,11211016,11211310,11211015
UL6LGJLPEFJA,KS1218W78FGVPVP2KXPX,KS125DM72D0FYK043X4N,ES8B03DAD3B526316ED9,KS1265P60HXFPH0VLFVP,ES6942CD173CAA05BA26,23171521,23151010,24151213,23171710,18161010
5D0P92K38P6F,KS122556LMQ829GZCCRV,KS122YN6108R0RSDXXRC,KS441K2756CXYXBG990G,KS121T569X502KJPS0F3,KS120GV5ZXR64CJLL1J4,27121313,27111214,27111222,27121210,32131011
3IBG3HKCQWB0,KSOVUQHJIJAIHI0SZNZ3,KS128B16WQ7F1T5KVPGS,KS1263K71W66XVVGKG2F,KS124JB619VXG6RQ810C,KS1203W702ND09XHKJR5,19111012,19111010,19111011,12131213,19101010
AR42DDKOXN4K,KS124JB619VXG6RQ810C,KS123FM6FGKFC3195NL3,ES4E3148857AA502599E,KS7G747655VG23WXMS9B,KS123MC78KV644P5DDZ0,12101210,12101212,12101310,20231010,12131213
53UTIUMW6ASG,KS4401967TXYW7DXV8QX,KS1203V5WXB7NG26XSR8,KS4407J75X4WDBY7RGLC,KS1253H61TTR1FZWSRH4,ESB7D4D9034BC8B2CAB1,19111011,32131520,19111010,19111012,32131111
0N114PY4FNGB,KS124G66QWSYM012SWS5,KS125F678LV2KB3Z5XW0,BGSD0A6861A9594DD89D,KS120VD5ZH331TPJQYHK,KS1224W5XSXCJBNSLLVX,27111222,27121313,27111214,27121210,27111221
MTZ1FPR7H4PZ,KS124JB619VXG6RQ810C,ES1C53496B6F1ECEDD9A,ES7A07CF87C516875B23,KS1203C6N9B52QGB4H67,ES15B16B907D759C1EC2,11161610,11151110,11181210,11151010,11161310
QUO2XQZ21XG7,KS1200H6XYN1CR0G5NZ0,KS123X777H5WFNXQ6BPM,KS126CM78T30RTP4PBYM,KS122CS7329GG3VZ9YVM,KS440Z26T60HXNGBDLL2,36111110,18151118,11121110,17121013,26131114
ZM8JKX2Y5L3E,KS121Z26S4VJLQ1WXN21,KS124QR6F19BX4WPMW1H,KS1267F6MSPN366LX7ST,KS125B569R313XT23LHY,BGS871E7020BF5C9A97D,23171711,23151012,23171212,23171810,23171211
VPOUI0OMOMS9,KS1265N6Q8R9WTY8PB27,KS122M270SB75HL309DJ,BGS1E1B7E03C22EE6F65,KS122F96DJHT3ZXB8FCZ,KS122QS605532V3N3VR6,19151210,27121321,11161010,27111223,23121010
ECYJXP7X80NH,KS124QR6F19BX4WPMW1H,BGS2E1275F3C96CC1BA8,KS121F760MT5QS38TK2S,KS122556LMQ829GZCCRV,KS440726NL4QJRHCMR43,12131213,12101212,12101310,12101210,20231010
52XOVYXHZPDS,KS125F678LV2KB3Z5XW0,KS7G4T15W4RYVZTCDSWZ,KS7G09N768FLPTYZWXWV,KS1267F6MSPN366LX7ST,KS124QR6F19BX4WPMW1H,21121310,21141810,21121410,19111110,21131010
2MROP2BYEE2A,KSQ99JKTZ4VRBARWNW2X,KS125B45YZ8FF6LVXX3G,KS121056X529461ZF6XW,KSDJCA4E89LB98JAZ7LZ,KS1203W6419RJG2KW4QS,23171524,19111011,32161416,23171712,19111010
VR081I1CCMN3,KS1228M6S0Q13JW8NV10,KS440RS6HR8H9ZRSBVLR,ES66EEB1C4C8D34B0CE0,KS122B071LMGXVTT3Z91,KS1248N67V89TD6KBPT4,11211112,13111210,18151213,23151013,23171522
SKYWCOQ5LDL7,ES8E169C1E1771773EF4,KS125TB6YR6236RKM563,KSQPGV2XZO8UMNCC49LK,KS126HD6VL9XVJ2V08HC,KS440Z26T60HXNGBDLL2,20341214,23171510,36111110,23171541,23171710
EHOU6QLZ2RWG,KS122P76RK0FDFPLR32K,KS125F678LV2KB3Z5XW0,KS125KL5Z50L4J0MJ95R,KS123V474VZ7GZLDN11M,KS5S1X799BL7UH79PT17,23121010,23121311,23111310,19111011,23101010
MNTFK7ORFQLA,KS1261W6S12LL9NC21GQ,KS125LS6N7WP4S6SFTCK,KS122556LMQ829GZCCRV,ESA91D8112EB9ECA3570,ES8B03DAD3B526316ED9,23171521,18191516,23171541,18151213,23171524
GAE9DR5DBDXB,KS1238H659P08Z726BK8,KS1241P6PXRCKTDSWHTV,KS125B569R313XT23LHY,KS1259D6L30YYG3XR3VL,KS127ZG6DBSF76WF7VYX,27111214,27121313,27121013,27111222,27121210
NUSG9L9Q3CYB,KS120HK5XY6JV257QLTX,KS7G4X66Q33J9N7G9J4J,KS125F678LV2KB3Z5XW0,ES75388526FA5C8C8C76,KS127H05WDKJ5BPKWVH2,27111320,27111314,27111225,32171018,27111322
3RSVZ2E186GV,KS126DB6T061MHD7RTGQ,KS121Z26S4VJLQ1WXN21,KS1218W78FGVPVP2KXPX,KS126CW6FTY27NN730V3,KS121Z26S4VJLQ1WXN21,18151213,18191516,18111115,32121010,18191525
MNJTULR7Z3UO,KS4411H6DM87QLDT97JT,ESF92222331B3CF32764,KS121Z2775J1MHNJ03HM,ESB38820A543FA4E3969,KS440JG6WST2V8SD4K2Y,15111012,14111117,11221117,14111210,14111115
CZAFR0RWM4F7,KS1203W6419RJG2KW4QS,KS124WD6XB7RT57LR817,KS1207L6QQP6TYRGY3L9,KS7G0PW6D0N7DHW3YXF6,KS123X777H5WFNXQ6BPM,20251510,16141210,19111011,19111010,27101212
IBTH05YS0WI4,ESF0C01F4A5BE2D33EAF,BGS6B74232DC84D86E97,KS124JB619VXG6RQ810C,KS121FD6V0JF1LKMF37Z,KS122D46PJ09YVSBV9DW,21131110,21121010,20251010,21111510,21121110
BETRLZSCXCRH,KS440X76WQQP92FXSGVW,KS1206Q6LBTPFC8TY5K0,KS9859HJ5UHFJ7ODS0ZM,ES5F80D4A3BDF9BB9069,ES6714A12AEE8AEC178E,19111012,19111011,14111210,19111010,19101010
PYWDRDPMPCEJ,KS440Z1754M82K9VYJFV,KS1264K793QY5Q1BSXNF,KS127R26PVSGVL35D7L1,KS124JB619VXG6RQ810C,KS1218H6YTH21VYCT4YN,19141311,20341221,19101010,19141110,20311910
XI1S9NPAXUZM,KS1203C6N9B52QGB4H67,KS4401967TXYW7DXV8QX,KS124QR6F19BX4WPMW1H,ES3CFFFE227B9801719B,KS122J56PZMMFL1SVY1F,36151511,32131526,32161416,32121312,11221117
M3T19LF6HPKY,KS124GS69JDX0HLVZZS3,ESC7FA9C2F88986150E7,KS126HY6YLTB9R7XJC4Z,KS124QR6F19BX4WPMW1H,KS1280B68GD79P4WMVYW,23171528,23171710,23171541,23171524,32171011
5WFW5Q52DEZH,KSCH2TPBQX91532Y3Q8E,ESF80FF10258D686691A,KS123X777H5WFNXQ6BPM,ES76EAFFCB7FAE2C51CD,KS120VD5ZH331TPJQYHK,27111222,27121313,32131011,27121210,16141210
XD9CSS9TOQW9,KS123Y56VDHMZ288XX1W,KS1217P66NK6BW72M9FH,KS126SW5ZZYP3HXXPX1X,KS123X777H5WFNXQ6BPM,KS1227P6FBK34WLH6X8Z,19101010,19141311,19111010,19141110,19111012
4DSXLSUTOTHL,KS4407H64CVBMTRQZRCF,KS122W867PQYM4N75YWR,KS1253H61TTR1FZWSRH4,KSCH2TPBQX91532Y3Q8E,KS127D361PF0FTXDZ7C4,32161416,32171022,32151014,32131526,32151018
0Z6M9ZMXZX3V,BGS8B8D42612C037B185,KS440726NL4QJRHCMR43,KS121996CBWZX0W48B64,KS4407J75X4WDBY7RGLC,KS1233L6BGZ6R7D2FX0H,17111510,32131520,25111110,25111610,32131111
XAYPNTRFZWKX,KS1217P66NK6BW72M9FH,KSKG9OA3NDST6929VROF,KS440W865GC4VRBW6LJP,KSYO45M6II0E15Y5RP67,KS1218B62M9QRBY8WRSK,23171521,23151010,23151011,23171541,23121010
6AZ8YGCVHLBP,KS440726NL4QJRHCMR43,KS1227K6DGHN5PZTCDD0,KS128BF6TYRZLF58T01Z,ES8B03DAD3B526316ED9,KS125BH5X5W0R09ZW3B7,11211010,32131516,11211016,26151214,26151114
XQ531D1KDK2Y,KS1253H61TTR1FZWSRH4,KS7G4ML61B2JX1H1003Z,KS4415B77WWH2WCSVHCV,KS120RN6FDTS9FLCH3T0,KS122YN6N9Q3JFJXV01G,16141210,32131011,27121510,27101212,16141110
FS58BQZACGBV,KS1241L7737YL9MVMX76,KS1217J65JY9FWFKQR0C,KSQ99JKTZ4VRBARWNW2X,BGSADA90D2986CD3E35B,ES84834128DEDF821260,24161217,24161219,11221117,19131211,19141112
PJQ50XCXMSY3,KS127D361PF0FTXDZ7C4,KS122556LMQ829GZCCRV,KSY4WFI1S164RQUBSPCC,KS1228M6S0Q13JW8NV10,BGSA58290F8CF9B2D2A3,19111210,19111212,19101410,19111213,23171521
MAS41RU08L4P,KS441SC642HY26N78WXW,KS120BV6SR75RBKQH0G3,KS1217R6SMDJ0WQHN6LK,BGSADA90D2986CD3E35B,KS125LS6N7WP4S6SFTCK,24161217,24161219,23111410,23112013,18151121
HOPQ0UX5PGEM,KS127RT62P0W9B6Y0LTY,KS440726NL4QJRHCMR43,KS126CM78T30RTP4PBYM,KS1219570C4LCP9ND4FH,KS687QX65Q8MX9JLHYH0,32131612,25111610,25111310,25111110,32131520
LKW5E11DXKU2,KS125BH5X5W0R09ZW3B7,ES8B03DAD3B526316ED9,KS441K2756CXYXBG990G,KS126Z16TCTSGFDXT56P,KS124VP65VSFMX87DD66,23151215,23161111,32131111,23161210,23151214
O0CADSMIQACA,ESED820E6065D9AA8D6F,KS4407J6G3HPTRRSNZR6,ESFB6F6182E69DA80843,KS121Z26S4VJLQ1WXN21,KS124JB619VXG6RQ810C,32171029,11171016,32131527,11211010,32171022
SJKOQZEY6QMJ,KS120436N14BN10FM7W8,BGSAE7B47A4E01B83B87,BGS6BF85B9F471BED8B0,ESF0C01F4A5BE2D33EAF,ESB38820A543FA4E3969,19111011,19111010,19111012,19101010,32161414
8CYSY8L5BQKM,KS125B45YZ8FF6LVXX3G,BGSDD5FB715C9C84D8AE,KS123Y76D7JBC3TT7S7W,KSY4WFI1S164RQUBSPCC,ES72D57E1BC4BB22BBB0,32161416,32151014,21131010,32151018,19101010
G9NCBEKGV1BB,KS440S66DFM34BM1MH7H,KS122556LMQ829GZCCRV,KS4425C7820LCHZS7VGX,KS1219P6MRT9KQQKGRYH,KS441DK5ZDF8Q8FWL19R,11151110,11151010,11151210,20291110,11161610
SANKB23JPMKR,KS441796583QGTMKQY3M,KS441S06L3NZBK0D6JM8,ESE1B279F38C73E025BD,KS120ZG5Z4HL47QBVR0X,KS120WV6TVNLWNKRGSMM,19101022,19111310,19101512,24131326,19101611
7VG6N968XF6V,KS1218W78FGVPVP2KXPX,KS127YF631YF6JYZNX9P,KS441K2756CXYXBG990G,KSKJX44T33B6D4UCC8CB,KS44086772RVPJQ1SVW6,32161010,32161416,21121210,21131110,32151014
X73A4RH7GN93,KS1241P6PXRCKTDSWHTV,KS125PD6W9XB0S99PZ1L,ES8F73CC75C618D72F72,KS1218W78FGVPVP2KXPX,KS123X777H5WFNXQ6BPM,20311610,20311810,20341110,20311510,20251510
3SDYGFLIJI18,ESEE2FE3695A215DC6DC,KS122556LMQ829GZCCRV,KS1203C6N9B52QGB4H67,ES8F0D73ED4F952B6A48,ES9E9A9565C329709A50,27121117,27121325,27111210,32131111,27121310
UXN3E6OQE09O,KS1281M7573BG4S5QKMT,KS121Z26S4VJLQ1WXN21,KS1280B68GD79P4WMVYW,ES39A67F403EB3EAAF1A,KS441FM75ZDSSYXG6M84,23151115,23161012,23161015,23151114,23161013
9JP50EOZORXV,KS120PQ6XD1JWMFQVJNW,KS122556LMQ829GZCCRV,KS128G66RG96FZNHFCXY,KS440YQ6YSWBD14T5W7D,KS124GV78MYQ469S38M8,14141110,23171710,14111210,14111117,23171521
L35JRJ9R3VP8,ESED820E6065D9AA8D6F,ESF6784E14B1812D7FE4,KS1259D6L30YYG3XR3VL,KS127ZG6DBSF76WF7VYX,BGS33C91FD776084E25E,23171541,23171810,23112013,23171710,23111410
5O7O7GRI9ETM,KS1256W6MPKRNM11QMPM,KS122ZY767SXP12641Q1,KS126706DPFD3354M7YK,ES8B8C52EA70D3BD184E,KS122556LMQ829GZCCRV,22101214,22111215,32131111,22101210,22101213
X7N89LTAJW25,ES3937EEC3D5D7345412,KS4412T77FRTH3KW7PYW,KS7K2A142LYPQ2Q5N1Q6,KS4425C7820LCHZS7VGX,KS121YT721BY2F3M5YDR,23171524,23171712,23171541,23171510,23171511
OKILP4VN2V27,KS441ZY6P0PDB5DWTRB8,KS1254G739VBXHP430DV,KS122P86NZFH1GP38G15,BGSE4F92B253B0FF8F19,KS1217P66NK6BW72M9FH,23171510,23171524,23171541,26111210,23171716
YIE8MYLACYDC,KS121YT721BY2F3M5YDR,KS1258B6FBG9B2CQ169N,KS127YF631YF6JYZNX9P,KS127P8798Q169DNXBQF,ES3C8650B6A0820DAFF4,32161010,32161416,21121210,21131110,21131010
BZNMTR28J9BF,KS1200H6XYN1CR0G5NZ0,KS1226L6XYT1N27WRYJM,ES1BEEB0EA9BCFD65927,KSQPGV2XZO8UMNCC49LK,KS124RX787SQ1WVD8XF6,19101512,19101611,19101022,19101511,36111110
XJCN0CL5NKDI,KS120Z470N04DCZV5SSD,KS1282V6RW0T9X7HH284,KS1244J76BBG2CTNYHYR,KS120RN6FDTS9FLCH3T0,KS127D361PF0FTXDZ7C4,23171712,23171524,23171511,23131116,23171541
I7G9BSL7L9BG,KS1241P6PXRCKTDSWHTV,KS1241P6PXRCKTDSWHTV,KS122QK6TH01FWQ9X8CH,ES6C29DABFE2921A7EA3,ESC235A3116F5FA627A9,18191516,19101010,19141311,19131211,19141112
TF1UF3G86C2G,KS1228M6S0Q13JW8NV10,KS121TD6R6MR1LXD6XZ6,BGS1ADAA36DB65721AA3,KS1200H6XYN1CR0G5NZ0,KS1282R607CFYF1FWJ74,19111011,19111010,19111012,19101010,21121110
6IF31D2O25TG,KSCH2TPBQX91532Y3Q8E,KS681KH79MJLQDPB9T88,BGS7BF4C03B6C4EE78B5,ES3937EEC3D5D7345412,KS1287R64YNBZGR50Y1N,23171524,27121510,27101024,23171712,23171541
E7PI8WEJI4P0,ES93B57691B92F1190C2,KS1208P6ZMZ4N872Y7X5,ESDC71ADB625C6AF8112,KS121015YX330W3PZD68,KS122CS6VVDJ1FYVYVLJ,24141110,18101010,26141910,12121610,25131610
XF1PI2OOQ42N,BGS8437F19861907A34D,KS120HK5XY6JV257QLTX,KS121Z26S4VJLQ1WXN21,KS440PV6FRJ90X0QFNLY,KS121Z26S4VJLQ1WXN21,32161010,32161416,32151018,32131525,32121312
UQGX8UWTK7S1,KS125BH5X5W0R09ZW3B7,KS121Z26S4VJLQ1WXN21,KS1267F6MSPN366LX7ST,KS125ZB6BWF5RY40BH1B,KS1287M692W39DYZN8ZZ,21111110,21131110,32121312,32161416,21121210
YC5EAARDQV9K,KS441S06L3NZBK0D6JM8,KS128096WDMTSBC10DX2,KS127ZK6MBRN29QBC755,KS7G20264NW3ZVV10T1S,KS1224W5XSXCJBNSLLVX,17101110,32171011,17101010,17171610,32101110
CD23V4XN1FVQ,KS125BH5X5W0R09ZW3B7,ES6C29DABFE2921A7EA3,KS1218W78FGVPVP2KXPX,KS7G37J67H7964VW29DH,KS125F678LV2KB3Z5XW0,16141210,32131011,19101010,27121210,19141311
LMSP94RWGKG5,KS441LY691MT0N689MWR,KS122C06Z8NDM5G6NYNT,KS1282M68WL9T4YH3SLF,ES247E73D0513B602714,KS7G16D61SMNKDQZLKSV,25111110,25111610,25111518,27111320,25111310
3OPPOYDVFD9J,KS7G0XN6BMFZ0L4T0WZB,KS123B75Z8CKNHP05L6Y,ES2F712D74818EF2888E,ESED820E6065D9AA8D6F,KS1219P6MRT9KQQKGRYH,36161117,16141210,36161120,36161124,36161112
6RL0NWRN57LW,KS123YJ6KVWC91BTMB4R,ES39E5C01E1593CE9E72,ESAEEF5760144B8210FD,KS441K2756CXYXBG990G,ES76F4C57A88877D6D64,11221117,19111012,19101010,19141311,19111010
FFLZM764JWTE,KS122556LMQ829GZCCRV,KS440726NL4QJRHCMR43,KS121HY73QBW532M5W4D,KS120RN6FDTS9FLCH3T0,KS1226Y6DNDT05G7FJ4J,32101125,23151010,26151214,23171543,23151016
8QK4Z91PLAYY,KS1226G65C5SZWSX3WJQ,KS7G09N768FLPTYZWXWV,BGSA720E33A12FF07972,KS1282R607CFYF1FWJ74,ESFA9982A2A945E439CB,15111011,32101013,15111013,32101010,32131526
6W6N080G9F4O,KS1241P6PXRCKTDSWHTV,KS127RT62P0W9B6Y0LTY,KS121YT721BY2F3M5YDR,KS120PQ6XD1JWMFQVJNW,ES97950ED1C1EF84AC29,32131612,32131520,14111118,32131611,32161416
KREG167D6VNX,ES5269FD2583B0B9875C,KS126SW5ZZYP3HXXPX1X,KS1237L6PKFC8187JKW5,BGS5AAA63037EEDA09EC,KS126JR6F5V2TRCLB1H5,20251510,23131110,23131115,23171510,16131015
BKTMAV6763V1,KS1270P6SLFCFT476Y3R,KS1254M61BGY7J0JY7RW,KS441K2756CXYXBG990G,KS122FN6YY4S2D9BNSW4,ES31EB08E14C5E93F4E8,33141216,20241212,11211010,20291110,11211211
095EGVT67K37,KS1218W78FGVPVP2KXPX,KS124QR6F19BX4WPMW1H,KS120NW68F2HJMBWBCF8,KS122556LMQ829GZCCRV,KS125KH5ZB7KNM89MQ7J,27121012,23171716,23171712,23171524,23131312
3661L08KGFP9,ES330CA52F22BBE253D3,ES70CD6E89F6DAD8F319,ESA5839C44D0970CF79F,KS121YT721BY2F3M5YDR,KS1241J6PC0N3DT65QG8,16141210,21121110,21121010,16141110,32121312
KPM4SJSSZXQT,ESDF44DC766ED1E22E32,KS7G48560M3J3TR2XHDB,KS126X663B21NB77ZHSP,KS122556LMQ829GZCCRV,ESEB1D4619E6E83A061D,12101310,15111010,19131910,11221117,11211211
4NXVKDC9X5JZ,KS123J36CN950KHKWC4T,KS121Z26S4VJLQ1WXN21,ES2F32D3C54C12C60760,ESEB1D4619E6E83A061D,KS122BL6107G2Z27JWJW,36111010,19151210,22111215,22101214,22111211
3YJZ99106AK3,KS126SW5ZZYP3HXXPX1X,KS125BH5X5W0R09ZW3B7,KS1280B68GD79P4WMVYW,KS1253Q66NQSNHM7JR49,KS7G0B36XDYVR4071N7K,18191210,20171710,18191316,32161416,21121010
68CFFF8TX134,KS125F678LV2KB3Z5XW0,KS4403H60RHC7598V94K,KS121056X529461ZF6XW,KS122HK6LN2MZHFY69GJ,KS124F463KMJQGJ9DGGV,27121313,27111214,27111222,27121210,32131011
7OTKUDE358TR,KS126DB6T061MHD7RTGQ,KS1200H6XYN1CR0G5NZ0,ESAEEF5760144B8210FD,ESC5567F7A6FA12D0DCD,KS1280B68GD79P4WMVYW,32161416,32121010,32121312,32121011,11221117
O4PYAP3JFW79,KS1200X6V3937RSF8VVM,KS126966H39MX8JKF9TX,KS1253H61TTR1FZWSRH4,KS1289H6HWQ73WH5MFRD,KS120GV5ZXR64CJLL1J4,25131410,32161311,25131710,25131810,25111510
XGMPW5D3GO8J,KS4407H64CVBMTRQZRCF,KS120XD77GTR3W3GXHBF,ES2884E132F1A422AC8F,KS126D668BLGSC15GFLS,KS0R7EAFEF4YURUY3RZR,25111110,32171022,32161416,25111610,25111518
1DFSTS3YQFBZ,ESEB1D4619E6E83A061D,KS127TD6X5C909DYQ765,KS1267F6MSPN366LX7ST,KS124VF5YCVWCW6NR1Z6,KS123TK71Y1M95Y6XC7Z,13141111,13141110,13151510,13141012,13121011
1ITQPQ4BW34S,KS1258B6FBG9B2CQ169N,KS121W46CJXQ5ZQ506MS,KS441626TDSV2J6GBB86,KS7G16D61SMNKDQZLKSV,KS122SG6MGJL68QMW1QZ,26141210,19101314,19101313,19141311,19101010
WHWKMY9X8SYL,KS440Y975RD841M02V3S,KS12571603WK30XFFFKS,KS124745ZCN2G6TKC2QN,KSKG9OA3NDST6929VROF,KS121YT721BY2F3M5YDR,36161117,36161120,36161112,36161124,36161110
M4NIX4R5B92H,ES5F80D4A3BDF9BB9069,ES76F4C57A88877D6D64,ESB38820A543FA4E3969,KS127P86WSCDXYK8C6KW,KS125MK6L8XN70ZS40ZY,19111012,19111011,19111010,19101010,12131213
01002GOAPADJ,ES8B03DAD3B526316ED9,KS121056X529461ZF6XW,KS1258B6FBG9B2CQ169N,KS123MC78KV644P5DDZ0,KS7G1P76W2FRM88BQFJN,16141210,19101314,19101010,19141311,19101313
JSBNU69IM8OS,KS124FC71W4B4KNSST93,KS123MC78KV644P5DDZ0,KS125LS6N7WP4S6SFTCK,KS1200578T5QCYT0Z98G,KSQPGV2XZO8UMNCC49LK,23171524,23171712,27121510,32131011,27121210
W8TR98W07FIL,KS124QR6F19BX4WPMW1H,KS1217R6SMDJ0WQHN6LK,KS123BW775J89VSVGJG6,KS1218B5WWXNDNQTN9MP,KS7G2F36GFX1K55V6GK4,24141110,20291110,26151214,32171028,14111117
XY4G8ON3W9HX,KS1228M6S0Q13JW8NV10,ES314A8628331352466D,KS127CR6S5TQJVYMG3HB,KS120GV5ZXR64CJLL1J4,KS441FM75ZDSSYXG6M84,27121313,27111214,23151115,27111222,32161416
F9HKJF0U2RUP,KS121Z26S4VJLQ1WXN21,KS120C76T2L99X2YNKS3,KS122556LMQ829GZCCRV,ESF8DB92734DAA403142,KS441JJ6PY9HSDKNLQH3,23171310,23171410,25111110,11221117,25111610
AFVNUY822Y0E,ES75388526FA5C8C8C76,KSE3NCSOUNL673CLVSC7,KS125YV76YSLN6F9T2NN,KS7G2F36GFX1K55V6GK4,KS440QS66YCBN23Y8K25,23121311,26151111,23121010,23101010,20221210
43TUYKTK61B7,KS1219261TYVPMGX8KVQ,KS125F678LV2KB3Z5XW0,KS122PL70D99VRWMFM2T,KS7G7LT731301PM8PGN8,KS125Z26XB67Y67KBRYP,11181013,11181014,11151110,11181210,11211010
3RZSJ49ITN7S,KS440W865GC4VRBW6LJP,ESFCB156A8BC41655036,ESE1696A8BFEB1A17575,KS121416Y3FSJSQY10G6,ESEF6CBFE27C71B28816,32151014,23171510,32151018,32161416,32131411
EJAM4RCERSW2,KS126X66JWSPRBZJSZZ8,KS120WT70DM8WX59219Z,KS7AASDV6UOE7VFBGF4D,KS120B874P2P6BK1MQ0T,KS122CH79G2KSBRRJHTN,11211014,11211112,11211211,11211113,11211110
USX9DXZNKQWQ,BGS409FD4E9C8053A315,KS126HY6YLTB9R7XJC4Z,KS1206Y6W7F5JS3VBTFL,KS1241J6PC0N3DT65QG8,KS1258L73H5QSVQVXSGN,16141210,21121010,21121210,21131110,32131526
TLCQFMUIW7J3,KS122556LMQ829GZCCRV,KS441K2756CXYXBG990G,KS125NC72PG02V0MH1WQ,KSRRBWG8H00VVA5PXTB0,KS124J6748R99NVBBKBX,25111610,25111110,25111310,10131210,23171521
OAT0LEUPK9IP,KS120RN6FDTS9FLCH3T0,KS7G09N768FLPTYZWXWV,KS44086772RVPJQ1SVW6,ESE7CA30002FF7223764,KS126HS6R7MH1W08PMVR,26101517,11151110,26142010,25111110,26141910
RNRNUYHE8JVR,KS122HK6LN2MZHFY69GJ,KSQPGV2XZO8UMNCC49LK,KS1218W78FGVPVP2KXPX,KS123Y170CZM0V5Z3XXB,KS1218W78FGVPVP2KXPX,19161012,19141114,19161111,19181312,19121011
4FODMJMBFOGE,KS125KK70GW74FHKWFVQ,KS120QQ6ZN003B8B7FK1,KS122555YNWMN79XR7DH,KS123MC78KV644P5DDZ0,KS126BM74VLHGCD1P8Z1,23171310,23171410,16121510,27101110,20291110
PV4H1RZF1U6V,KS122556LMQ829GZCCRV,KS124CD75ZCFN9ZFG6KD,ES10D7F9EC848A141EDB,KS124JB619VXG6RQ810C,ES8B03DAD3B526316ED9,23171521,23151010,23111510,23151016,24141210
CG99L349DQ1G,KS687QX65Q8MX9JLHYH0,BGSD663E7801D0013709,KS123X777H5WFNXQ6BPM,KS121Z26S4VJLQ1WXN21,KS121YT721BY2F3M5YDR,25111610,25111310,25111110,14171110,10131210
3I2IWMC07LBL,KS121Z26S4VJLQ1WXN21,KS122B16Y09Y48N1HZCD,KS1253H61TTR1FZWSRH4,KS122YN6108R0RSDXXRC,KS128BF6TYRZLF58T01Z,27121313,27111214,27111222,27121210,32131011
TIRC9ZD76SZN,KS440Z1754M82K9VYJFV,ES1E6EFF7F7429763B50,ES75388526FA5C8C8C76,KS9859HJ5UHFJ7ODS0ZM,KS1227P6FBK34WLH6X8Z,20341221,19131112,20311910,19131110,19131111
T1EQC37RLN36,KS441075WGFJJ4GRFG2Q,KS7G6NP6R6L1H1SKFTSY,ES3F1A0ACC572C7C4371,KS124F463KMJQGJ9DGGV,KSVV7L26JZNZ4SX5QH95,27121313,27111214,27111222,27121210,32131011
EZXLEAYCDY1Q,KS123NJ76GJLK91JS75M,KS4408G6MS8XGP5X7126,ES3C8650B6A0820DAFF4,KS121TP68VPZF07NBS5Q,KS7G55M6TRB1N24LW2P5,25131410,25131710,32161311,25131810,25111110
768TQW8DO3PX,ES26F70DE1799788D6F9,ES7924580B83F9FC2E20,BGS4563DFBF3F7EEAA55,KS120ST66K9HBSZ7MPS3,KS4425C7820LCHZS7VGX,27121210,32131011,27111222,27121510,27121313
0ODWMQX5GGOM,ES9BD12EB76B360E0E89,KS7G5CT61NJMNH0V22KQ,KS7G4ML61B2JX1H1003Z,KS120VB76P5WB69FVNRT,ESEB1D4619E6E83A061D,16141210,32131011,27121210,16141110,27111222
CXHHDAS1CO1R,KS120GV6C72JMSZKMTD7,KS121Z26S4VJLQ1WXN21,KS124WG732M8CKGG55BK,KS1200H6XYN1CR0G5NZ0,ESE0791019D52949B971,16141110,16141210,23161015,23161012,23161114
1DLUCLLE4A2G,KS1284B609S18XT8N058,KS122QN79JX7121NWYZ8,KS440726NL4QJRHCMR43,ESEB1D4619E6E83A061D,KS126F16DNB1WP0JWMHG,23121010,27111222,23111310,27111214,23101010
O58OAFLKTAWM,KS120W86MGP2XXV2NDCC,KS120M86QF6X6S7QP3GG,KS123MC78KV644P5DDZ0,KS122SG5Y0Q5YQM7V8KT,KS126D668BLGSC15GFLS,19101010,19111010,19111011,19111012,19141311
2SGNGYF4TPA5,KS1238D6SC8NVDVCSMRB,ESE15CC456BBE39C7196,KS4417N61DB04000S10C,KS441K2756CXYXBG990G,ES8C087D7EE8B81DA9C0,22101214,22101213,22111215,22101210,23151215
3DZXLRGNJZM3,KS1206Y6W7F5JS3VBTFL,KS121YT721BY2F3M5YDR,KS7G2F36GFX1K55V6GK4,KS128HP65N6N70YV5ZM7,KS4418462TTGKL3CWJHT,16141210,32161416,32131011,16141110,27121210
2QG6TUQ54X1I,KS1216S76GTKN00BTHP1,KSKJX44T33B6D4UCC8CB,KS122YN6108R0RSDXXRC,KS7G4ML61B2JX1H1003Z,KS1218W78FGVPVP2KXPX,32131011,27121210,16141210,27111222,27121322
ZPPEP69NGPCI,KS1218W78FGVPVP2KXPX,KS121Z26S4VJLQ1WXN21,KS121BM6VGMJPK7X7938,KS125RT75ZYS4TCFJ0H8,KS1259D6L30YYG3XR3VL,32131510,32131520,32131526,32171011,32131517
E59O2EE75C7Q,KS120SQ5W4Q57JMD2Y81,ESC30CE730D2C915B3D0,KS1259D6L30YYG3XR3VL,KS1287M692W39DYZN8ZZ,KS4407H64CVBMTRQZRCF,32161416,32171022,21111110,32131526,32171024
J36TCFKJNAWN,KS127D361PF0FTXDZ7C4,KS440Z26T60HXNGBDLL2,KSJF3PBD3995K6E0OF1Z,KSWF5CX0VFKMUQF3RJNP,KS122B568MKWX1K9STGP,32161416,36111110,23171521,23151010,32161415
G4OGB1LRXGKE,KSQPGV2XZO8UMNCC49LK,KS126256R04NWVG6Y5C0,KS122556LMQ829GZCCRV,KS441NW6L8RQ4GD0HFRX,KS680KR72KH02C5GM5TY,32161416,32161415,32131526,15111010,32101110
IYHOSDQE3NHW,KS1233L6BGZ6R7D2FX0H,KS127D361PF0FTXDZ7C4,KS440W865GC4VRBW6LJP,KS124685Z7C03V020F5V,BGSBC6553CCF3F292F02,19101010,19141311,19111010,19141110,19111012
VXGL1QGOUO8Z,KS1200H6XYN1CR0G5NZ0,KS123X777H5WFNXQ6BPM,ES1B33296DDAE6EFAC74,KS1265L61XR6NN08GW7Z,KS1212B6QR5SK1LSD4S4,27111222,27121210,27121313,27111214,32131011
29SEVL7FQ8AB,KS1200H6XYN1CR0G5NZ0,ESE0688A148E76FA86B8,KS7G7K873Z87GNGYHQKB,ES99B020D66F6670BCA6,KS120RN6FDTS9FLCH3T0,19121416,19121511,19121414,23171510,19121110
IRCVCZ8P5AIE,KS4417C74STWPWR9TNT1,KS44023635DFP7CYKJ45,KS121BS6QFLZVY39PMHD,KS124DX6G31F5M9ZHNGC,ESDBF7EDAAB24135F426,19111310,19101022,19101512,24131326,19101611
YKIZ8V886N7H,KS125Y462DTP41N0WP4M,KS1280B68GD79P4WMVYW,KS4401T642KKKL4FQJMF,ESEB1D4619E6E83A061D,KS123J36CN950KHKWC4T,21131010,19121416,22111215,22101214,21131110
MK3P6OWYEGPM,KS121XY60R6Z5C3R172K,KS125F678LV2KB3Z5XW0,ESE8E6C89348587B4CCC,KS7G2VT72L9WMFRCG4G0,ES93F8B89DCFEB3D8E20,11171010,11171110,11181010,11221117,14111115
F8S0X7M2MM4P,KS120626HMWCXJWJC7VK,ES6C29DABFE2921A7EA3,KS44175745H9Q0DPBDNT,KS124MT6ZDZLF0M8JM6X,KS1267F6MSPN366LX7ST,19101010,19141311,19141112,19131211,20191214
UUZPEAL2W37D,KS0H2UFQQANFK8S4VWES,KS123X777H5WFNXQ6BPM,KS1267F6MSPN366LX7ST,KS127D361PF0FTXDZ7C4,KS124GV78MYQ469S38M8,17141110,17121113,17171610,17141910,17121115
RUTVLYJMWUOC,KSQ99JKTZ4VRBARWNW2X,ES5776B97B8C9A47143E,KS1219261TYVPMGX8KVQ,KS1284N6ZGVR60Z44TGW,KS125MK6L8XN70ZS40ZY,23171521,23151010,23151016,23151011,23151020
EH0QBVRPAGTG,KS121W46CJXQ5ZQ506MS,ESF133786E79EAB07854,KS1226Y6DNDT05G7FJ4J,ES830BC4124A10A8482C,KS1200H6XYN1CR0G5NZ0,32101120,11191012,32171011,32101110,32171024
H7U0S3KDZ4PP,ESB7D4D9034BC8B2CAB1,ES8F73CC75C618D72F72,KS1280B68GD79P4WMVYW,ESEC5CB54F6D2688834D,KS122C06Z8NDM5G6NYNT,27121313,27111214,27121413,27121414,27111222
I3AL6EJA1V2T,KS1248T6MC5L69MZ2L3R,ES9E9A9565C329709A50,KS1227P6FBK34WLH6X8Z,KS124H46Q2PP8YC1WQ06,KS441K2756CXYXBG990G,16141210,32131011,16141110,27121210,27101212
LQGA3QUPO4JN,KS1215Z6TK2JY562DFD4,ESFA8AF897DDAFCFCE52,KS122HK6LN2MZHFY69GJ,KS1218W78FGVPVP2KXPX,KSQPGV2XZO8UMNCC49LK,23151115,23151111,23151116,32131210,23151112
WB0F4X6VVWNH,KS1253H61TTR1FZWSRH4,KS441K2756CXYXBG990G,ESC96EF3C585505BF8B3,KS123X777H5WFNXQ6BPM,KS44175745H9Q0DPBDNT,24151314,25111010,24151222,18121210,24151313
5A2X54U44QUN,ESEB1D4619E6E83A061D,KS123YJ6KVWC91BTMB4R,KS440ZB6SL0GGNRMHH11,KS680KR72KH02C5GM5TY,KS1281M7573BG4S5QKMT,11151110,11191514,32161421,21111410,11151010
2XG48RA4DV56,KS125B569R313XT23LHY,KSKG9OA3NDST6929VROF,KS441K2756CXYXBG990G,KS1280B68GD79P4WMVYW,KS1265P60HXFPH0VLFVP,21131010,32131311,27111222,21131110,32171018
U7C1A7YJ8HQD,KS122M270SB75HL309DJ,KS128HP65N6N70YV5ZM7,KS122556LMQ829GZCCRV,KS1265F6HQJ2KFBS4F95,KS440HB7807HC77KVQN6,19151210,23131110,23131115,11161010,19131910
JAGXLQ0S5RMJ,ES7F774162E2780F8ADB,KS128F265DV4XTBR70H7,KS121W46CJXQ5ZQ506MS,ES43869431F72FA3328B,KS125BH5X5W0R09ZW3B7,19121416,32131312,19161111,19121011,19161110
Y8U40QCU5WMG,KS120C76T2L99X2YNKS3,KS1229Q700MZ1HVZNWJR,ESCC8F99B130EAC431A5,KS1217R6SMDJ0WQHN6LK,KS124VJ71BKMYXC1PP09,14111117,14111114,13141111,20271110,25111110
CSG4OFDTRC85,ESC0125793FA9AA2156E,ES9262EB46A460722CB4,KS1267F6MSPN366LX7ST,KS1253Q66NQSNHM7JR49,ESEE2FE3695A215DC6DC,21141810,21151010,19111110,21161110,32131111
IO2F2NATD4GW,KS120SQ5W4Q57JMD2Y81,KS7G7LT731301PM8PGN8,KS440RS6HR8H9ZRSBVLR,KS7G2F36GFX1K55V6GK4,KS440CJ703086SWDK8MJ,22111416,22111215,22111311,22101214,22111216
DALMJEGQTOAM,KS127D361PF0FTXDZ7C4,KS122B365W41ZC27H30Z,KS120ZX7019J4V8DHBTM,KS127296VDYS7ZFWVC46,KS1213Q5Y632QWZ7PVVS,19161111,23171524,23171712,23101010,19161012
4X6G4YWKOODV,KS126K06YSWLGCMB6B0Y,ESED820E6065D9AA8D6F,KS7G4956GFZ2FR5Y8YBC,KS127Y978519ZR40DPMP,KS122VP5W9LZ8TRNFJY0,16141210,23131312,16141110,23161012,23161015
ZYV9BINMYXDH,KS122W96T2T9J5PZ0VMP,KS127D361PF0FTXDZ7C4,ES38C838634C9F2E7B7F,KS127D361PF0FTXDZ7C4,KS440HS73NJXM7J77TN4,23171521,23151010,23171710,18151121,23151016
JWU7SA7IDI09,KS1254M61BGY7J0JY7RW,ESEAE801D753FD7B7877,KS127D361PF0FTXDZ7C4,KS124VJ71BKMYXC1PP09,KS4424M5X5KZR9Y74M17,21161310,21161211,33141216,20241212,26161110
HSHV1Y04Z4VC,KS43I7T7CU4Q66EGVQLU,KS124DQ6JX0NX9DBFDM8,KS120SQ5W4Q57JMD2Y81,ES8B03DAD3B526316ED9,KS128866SHL94J005TTG,23111310,23111410,23111810,23111010,23121010
NV4F0TE2J403,KS7G6J46GFF6BJH38BHN,KS124DX6G31F5M9ZHNGC,KS126W56XHNSNBZGRSHT,ES39E5C01E1593CE9E72,KS441XL5XWK01P2CW4J2,18191410,16141210,18141110,16111210,16141110
1GQIT8D9GX2H,KS440PV6FRJ90X0QFNLY,KS123HV5WHQXDMXZ667K,KS1228M6S0Q13JW8NV10,KS127QD6R8SVZFYYKLLM,KS1281M7573BG4S5QKMT,22101214,22101213,27121210,27121313,22111215
0XT9VYSKE5M0,ESE15CC456BBE39C7196,KS1282K6L2GNN4SDY2WN,KS122556LMQ829GZCCRV,KS1218W78FGVPVP2KXPX,KS127D361PF0FTXDZ7C4,32161415,32131211,32161417,32131210,32161416
Q7X7B7P9JYQN,KS1227P6FBK34WLH6X8Z,KSQPGV2XZO8UMNCC49LK,ESA2046B83319C31C349,KS1217R6SMDJ0WQHN6LK,KS121Z26S4VJLQ1WXN21,14111117,14111115,14111210,14111114,14111116
ONTQX45JOQYN,KSZX7YZWNR5IDR1I2VMZ,KS123X777H5WFNXQ6BPM,KS122YN6108R0RSDXXRC,KS120SR6WD1FP76Z6GC2,KS124G66QWSYM012SWS5,27121313,27111214,27111222,27121210,32131011
NPAS8PP40EEV,KS1218W78FGVPVP2KXPX,KS126X663B21NB77ZHSP,KS120WT63K4HC6NX7QXV,KS122VL71WF050TPW0V7,KS7G4J165LRPBDYWF4Z4,19161111,19121011,19161012,18151014,19121711
MYD8YH304A8P,KS7AASDV6UOE7VFBGF4D,KSALSL0U9E60WLJXI7B7,KS121F45VPV8C9W3QFYH,KS121Z26S4VJLQ1WXN21,KS120BV6SR75RBKQH0G3,23171521,23151010,23171541,23151016,23171524
72J8NP9S8E9G,ES4E3148857AA502599E,KS122P76RK0FDFPLR32K,KS123X777H5WFNXQ6BPM,KS441PL6JPXW200W0GRQ,KS440HB7807HC77KVQN6,23121010,23121311,23111310,23131110,23101010
1AVYE45QZ9VX,ES899BA440FA3441F22A,KS123X777H5WFNXQ6BPM,KS128CZ6DQ0BHGHP16PW,KS121996C1P31W0YZVNF,KS126CM78T30RTP4PBYM,23131115,23131110,27111320,32121312,11191111
4PEVH4QLCEQ4,KS7G55M6TRB1N24LW2P5,KS122556LMQ829GZCCRV,KS123X777H5WFNXQ6BPM,ESCE0C9EA47C719A51CF,ESD45EAB54A83A5255D6,22111416,22111415,22111413,22101312,22101311
39BMTH2I5P7V,KS123YJ6KVWC91BTMB4R,KS120SR6WD1FP76Z6GC2,KS126HD6VL9XVJ2V08HC,BGSD9FE7563B24D87BF4,BGS794951D216441A250,23171510,19101010,19111010,19111012,19141110
QTXHI15CQZCU,KS1280B68GD79P4WMVYW,ESD2EDF2E51D7C90FD5F,KS1218W78FGVPVP2KXPX,KS441J8781NSVPFKS701,ESB4149C63B4F6081616,20311610,12101010,12101212,20341110,20251510
NF27E6L8XCGM,KS123Y76D7JBC3TT7S7W,KS122B071LMGXVTT3Z91,KS1217R6SMDJ0WQHN6LK,ESE1B279F38C73E025BD,KS124185YLQVDB991J8N,19101010,19141311,19111012,19111010,19131211
VNASJP0ESUSW,ESFA9982A2A945E439CB,KS440S66DFM34BM1MH7H,KS127D361PF0FTXDZ7C4,KS1287R64YNBZGR50Y1N,KS123MC78KV644P5DDZ0,11151110,11151010,32121312,11151210,11161610
YC3S0DPJHSG0,KS127PY6XCQSQ6R44N9K,KS120SR6WD1FP76Z6GC2,KS1226B6N54XJ43HGGJ2,KS1248R6Y5W63Z1JDZCQ,KS7G7LT731301PM8PGN8,13101010,20251110,20251510,20101510,20341110
KGEUIDJIPNF8,ESFCB156A8BC41655036,KS124416HQSCT1J2JQVJ,KS440296L69Y2L5ZCFCC,KS440PV6FRJ90X0QFNLY,KS1200H6XYN1CR0G5NZ0,11161010,23171510,11171012,19151210,11181013
YC4I6H1M3JLZ,KS127D361PF0FTXDZ7C4,KS440R072CLZFQ3FWGG1,KS122Q96S1LT3253TW3H,ES45217293E8DD1D36F0,KS125ZB6BWF5RY40BH1B,21141810,23121010,23101010,23101110,23111310
DDQG6X4Z5W67,KS1205H6HZDXGDV2R0QZ,KS1282N6NQMZ95M1HJ7L,KS121JN70DB9VHC8T9GN,KS44175745H9Q0DPBDNT,KS1206V5WFXYXG27QYFD,16141210,16141110,16141410,27101212,23131010
SQ0P82KB700U,KS124416HQSCT1J2JQVJ,KS123NJ76GJLK91JS75M,ESACEE6C9DFF25CD2AC9,KS1259D6L30YYG3XR3VL,KS1218W78FGVPVP2KXPX,11161010,11231110,11151110,25111110,11171012
R8DOUFMGL7DA,KS128B16WQ7F1T5KVPGS,KS127D361PF0FTXDZ7C4,KS127ZQ6S99BVGV14YXC,ES3C8650B6A0820DAFF4,KS440ZZ6HJGY92HPTWCV,19111012,19111010,19111011,12131213,20231210
1JRJ5XFEUB4O,KS1203V5WXB7NG26XSR8,ES899BA440FA3441F22A,KS43I7T7CU4Q66EGVQLU,KS1228M6S0Q13JW8NV10,KS1253Q66NQSNHM7JR49,19111011,19111010,19111012,12131213,19101010
KNE1YBMZPSCT,ES3C44B919B5FF6F5B6E,ES1E6EFF7F7429763B50,KSKJX44T33B6D4UCC8CB,KS1280B68GD79P4WMVYW,KS1272Y6RFNZKNGWDWMB,23121010,23121311,19131112,23111310,23121312
4DBZXAI9IINE,KS440ZD755Q6PXM8Y1T8,KS122556LMQ829GZCCRV,KS126966H39MX8JKF9TX,ES9BD12EB76B360E0E89,KS1259D6L30YYG3XR3VL,25131410,32161311,25131710,25131810,25111510
6GS8G8TACY15,KS122PT6RKPQ5KLM3XYH,KS122NR5WBK04FGMP0HD,KS128BK6JSSHNT5QDPMX,KS1265D6RGJL2Y4J6V5B,KS1263K71W66XVVGKG2F,23111310,23121010,23101010,23121312,23121311
JL6L91F4X2BF,ESE00213B4D58BD54EC1,ES5515E43EB7FBC6BB6A,KS127TM77R0Q3WRTVT0T,ESD45EAB54A83A5255D6,KS123MC78KV644P5DDZ0,23171521,24161010,23151010,23151011,23151016
M72UJZ4N1XL8,ES750DFF3E0853E95124,KS120FX64YN9QHCWS5KM,KS1251262YCM9F4B2TRJ,KS120076FGP5WGWYMP0F,KS4403G6XNX5KJSD906W,20341221,19141311,19101010,19141110,21131010
8SMQP72T4YUR,KS122QG6F0WSF1GQQ6XT,KS122556LMQ829GZCCRV,KS120ZC6XFGG98FXT3J2,KSDMUMHE63DLB9OKKW37,KS441S06L3NZBK0D6JM8,23171528,21121310,32161010,21131010,21121410
GGSNPUEVJLZF,KS7G0S16FTG6TB0QZD2F,KS120GV5ZXR64CJLL1J4,ES932A5EE6AD7069CE61,ES17F5AEC3D1C20AF8E8,ES77ACB49889FF7A1FD0,23131113,16141210,32131011,27121210,27121313
8VHMEWCJN6OC,ES8B03DAD3B526316ED9,KS1225S77RQ7T10BMPXN,KS120W86MGP2XXV2NDCC,KS127CL6X4QFQJBVRK85,BGS901DCAB75EFCF988F,19101010,19111010,19111011,19111012,19141311
WRPMEHRTVCE3,KS1203W702ND09XHKJR5,ES87885D4EDB576917C4,KS1218W78FGVPVP2KXPX,KSQPGV2XZO8UMNCC49LK,KS124JB619VXG6RQ810C,19101010,19111010,19141112,19111011,19131211
YPV2JRCHT1TP,KS124JB619VXG6RQ810C,ES38C838634C9F2E7B7F,KS1218B62M9QRBY8WRSK,KS440K96L5VKMH3ZNBJ2,KS1219261TYVPMGX8KVQ,32161416,32161418,32151014,32131512,32161010
109ZDO0D3FVN,KS440Z26T60HXNGBDLL2,KS441DK5ZDF8Q8FWL19R,ESA420F05EBBD34B3C2A,KS440PS5X9N45NZTNVXY,KS1220H6CP1BQGH9STNK,36111110,17101110,13101110,11121110,17171610
3DGS9GT0R0VI,KS124CH623PFBJS8T5KM,KS126Z96STZD3JX27V02,KS128B16WQ7F1T5KVPGS,ES6307DDE7C7ABFDEA76,KS124QR6F19BX4WPMW1H,19111012,23171521,19111010,19111011,12131213
0QXEB7C5KTSI,KS127D361PF0FTXDZ7C4,ES8F73CC75C618D72F72,KS1200H6XYN1CR0G5NZ0,KS121FF73FPRD54WNWG8,KS1258B6FBG9B2CQ169N,32161010,32161416,32151010,19101314,21111110
2T2A1Q4P24L6,KS1227V6WBR3BH3SJYSZ,KSJZBX5H3PQ74JFOI21M,KS1217X6TT5N14H0N0P4,BGS1ADAA36DB65721AA3,KS441FM75ZDSSYXG6M84,23151115,23151114,23151111,23151116,23151112
QX1UM55F1HGA,ESBF952629C36426E564,KS123CV5ZJR1YX0T1PK0,ES39A67F403EB3EAAF1A,ES9BD12EB76B360E0E89,ES5440CBCF35D3D83980,12111110,19111011,19111010,19101210,23161012
MVIHCWI64CIY,KS125B569R313XT23LHY,KS128F265DV4XTBR70H7,KS124QR6F19BX4WPMW1H,KS441S06L3NZBK0D6JM8,KS441LG5Y8XGW9TP7B4W,19121416,32131312,19161111,19121011,19161110
QLEZZ1R2ROIK,KS125PC6JNQW658X4N1G,KS1284M622VT3F77037Q,KS683SQ6ZD2227YN4C93,KS1248P6CJ6XH85L8SX2,ESCA0BFEB37232309699,22111215,22101213,22101214,22111211,27121316
F8WXKK2ABKVB,KS125F678LV2KB3Z5XW0,KS125Y462DTP41N0WP4M,KS1203W702ND09XHKJR5,KS127D361PF0FTXDZ7C4,KS127PD6XH0GQ380FJ3N,19121416,19161111,19121011,19161110,19121511
ORK1DJRWEDBC,KS126DB6T061MHD7RTGQ,KS127H05WDKJ5BPKWVH2,KS125F678LV2KB3Z5XW0,KS121Z26S4VJLQ1WXN21,KS122556LMQ829GZCCRV,32161416,32121010,32121312,32151014,32151013
CCE4HAECP3GK,KS1217P66NK6BW72M9FH,KS1233N5Z0RM8G4MT4C9,KS127W76TX98WB84VHV2,KS441K2756CXYXBG990G,KS122HN63RD7JX5WNCJ8,25111110,25131710,19121416,19161111,25111518
NSN2S8NN16UX,ESF8DEA415CA897576BA,KS4425C7820LCHZS7VGX,ES8A837D0DD657D1FD5C,KS4424P6G7QVWXC3B756,KS126HY6YLTB9R7XJC4Z,36161117,36161120,36161112,36161124,27121313
0L879W5DY4LR,KS121W46N4VQRL4M1NZ2,KS123X777H5WFNXQ6BPM,KS121Z26S4VJLQ1WXN21,KS122BL6107G2Z27JWJW,KS122BL6107G2Z27JWJW,27121210,27121510,27101212,32131011,27121313
ELZAWR7ZJ8FN,KS7G7LT731301PM8PGN8,KS120076FGP5WGWYMP0F,KS7G2F36GFX1K55V6GK4,KS1217568CHTXMHV7V47,KS680KR72KH02C5GM5TY,26151117,18192011,26151114,26151215,26151216
KJ49YD82795E,KS126706DPFD3354M7YK,KS121Z26S4VJLQ1WXN21,KS1227V6WBR3BH3SJYSZ,KS1219677F286BXFPBNC,KS121YT721BY2F3M5YDR,11171020,11211113,32171018,15101113,11191014
O4P0K9K20GVF,KS441V276PPDCWTPLVCZ,KS120SQ5W4Q57JMD2Y81,KS120WQ677W47TWMCBB2,KS120MG6W03JCFGKFHHC,ES7A07CF87C516875B23,19111012,19111010,19101010,19111011,19141311
422TA83RU7MY,KS123Y170CZM0V5Z3XXB,KS1218W78FGVPVP2KXPX,ES44C38C0A5850449C4A,ES899BA440FA3441F22A,KS1223966G4Q22CCCYC6,19111012,19111010,19111011,32131520,19111212
07H0UMS48IW5,KS683SQ6ZD2227YN4C93,KSS30WWC1QZQY5T61CS5,KS126M166T8716PPYKSG,KS4425C7820LCHZS7VGX,KS122NY60HCYYDXHQGQN,21121010,21111510,21131110,21121410,21111410
X2AJGZ36N3FR,KS120PL63HT8CXQ6LPDR,KS441JJ6PY9HSDKNLQH3,KS124VJ71BKMYXC1PP09,ES8482BFD8FFC96EF5CB,KS44175745H9Q0DPBDNT,23171310,11221117,13141111,20271110,23171410
RHDVUSPQYASY,KS121056X529461ZF6XW,KS1203X6ZDCNW2J3RC4X,KS120SQ5W4Q57JMD2Y81,KS123MC78KV644P5DDZ0,KS121Z26S4VJLQ1WXN21,19111012,19111010,19111011,12131213,19101010
BUPL5ROSZHX1,KS120SQ5W4Q57JMD2Y81,ES9B78F71AABE6DB73F6,KS127PY6XCQSQ6R44N9K,KS122556LMQ829GZCCRV,KS128716HL1C1Y0ZS84Q,13101010,20251110,20251510,16151010,27121210
TNVV1GFBCHZ6,ES377B09FC94503C5689,KS123X777H5WFNXQ6BPM,ESAF97D5150F64F29FAD,KS1256W6MPKRNM11QMPM,ES99B020D66F6670BCA6,23171521,23151010,12101310,23151016,23171543
3XHYTDBU2J08,ESBF952629C36426E564,KS121FF73FPRD54WNWG8,KS123RL6QKGVXHZGHP67,KS7G4ML61B2JX1H1003Z,ES87885D4EDB576917C4,32161010,32161416,16141210,32151010,32151018
IT38CX5DNSVB,KS120XD77GTR3W3GXHBF,KS440R072CLZFQ3FWGG1,KS121BS6893JT49LJRPL,KS121W46CJXQ5ZQ506MS,KS1280B68GD79P4WMVYW,25111110,25111610,25111518,25101110,25111515
G345K5DJ3RZQ,KS1218W78FGVPVP2KXPX,KS127LL6Y6KV7VXW07P8,KS1282K6L2GNN4SDY2WN,KS1203W702ND09XHKJR5,ESA2046B83319C31C349,32161415,32131211,20191310,32161417,32131210
I6YB9PDGKRJW,ESF16CC2D0470262E9CA,KS120016K8T4NSLN5Q6K,KS127ZG6DBSF76WF7VYX,ESE1B279F38C73E025BD,KS120LB6XV5409BCQ0NF,19111011,19111010,23161012,19101010,15111013
V84FC3XQ8VA8,KS4425C7820LCHZS7VGX,KS124H568S1F92XY25VR,KS1207164CW5X2SJPW43,KS1203W6419RJG2KW4QS,KS1227P6FBK34WLH6X8Z,16141210,23131115,19111011,23131110,19111010
9BH2MPGL9U0U,KS1207D5ZZHHQZ7JBD7G,KS1253H61TTR1FZWSRH4,ES76F4C57A88877D6D64,KS680KR72KH02C5GM5TY,ESB38820A543FA4E3969,16141210,32131011,16141110,27121210,27101110
V01705SFLYG6,BGS608F6687987420449,KS7G4ML61B2JX1H1003Z,KS44086772RVPJQ1SVW6,KS4418371TN1X41T1P3G,KS123MC78KV644P5DDZ0,16141210,32131011,27121210,32121011,16141110
PCGQ6PE2FDZL,KS122SG5Y0Q5YQM7V8KT,KS441DK5ZDF8Q8FWL19R,KS127D361PF0FTXDZ7C4,BGS1538C874DBDC17646,ESEB1D4619E6E83A061D,19111011,19111010,19111012,12131213,19101210
V59HOTGDUQ6D,KSQPGV2XZO8UMNCC49LK,ESEB1D4619E6E83A061D,KS122556LMQ829GZCCRV,KS43I7T7CU4Q66EGVQLU,KS1219K6K2NY0V711DDD,21111210,27121112,32151021,27111210,32161416
8GIYRNQ1M3A2,KS1210K6DP0XRTSCWMTP,ESEB1D4619E6E83A061D,KSEO6A04QBOG4I9E79SG,KS440B06L35CZZ8SMZJN,KS123X777H5WFNXQ6BPM,23121010,23121311,23121310,23111410,23151010
Y620N8TTEAVT,KS127CR6B7KHCLWC4L20,KS123X777H5WFNXQ6BPM,KS123YJ6KVWC91BTMB4R,KS120VC7108H86J50CYW,KS440XG6F9DTD3VG7JTV,23121010,32131511,23111310,32131520,32131526
YA8WHOFYM0TM,KS126KM6B6MSWNZDVR14,KS7G0S16FTG6TB0QZD2F,KS1259D6L30YYG3XR3VL,KS1218B62M9QRBY8WRSK,KS1203T6J7F2P3TG6Y6K,32121312,21121210,32171011,32101110,32161416
I54PUGQ9MLPN,KS122J56PZMMFL1SVY1F,ES71DF12E05A578C3755,KS121056X529461ZF6XW,KS122556LMQ829GZCCRV,KS121Z26S4VJLQ1WXN21,27111214,27121313,27121510,27111222,27121210
NTJK2GZAUGTT,KS125F678LV2KB3Z5XW0,KS124MN6480FZQZYDF7Q,KS1200H6XYN1CR0G5NZ0,KS120XM6K01BDQNVTK1Q,KS123MC78KV644P5DDZ0,26141210,26141910,20231210,12131211,20241112
WSHMLFZKICWM,KS1218W78FGVPVP2KXPX,KS122W26SKGLZJ2KLF5M,KS120DV6SCZV6WPL2233,KS125Z26XB67Y67KBRYP,KS121W46CJXQ5ZQ506MS,31121110,11181013,18171013,31151210,11181014
EVSTYGX8860I,BGSA720E33A12FF07972,KS124QR6F19BX4WPMW1H,KS1259D6L30YYG3XR3VL,KS1206R6J3HDQV8PPC87,KS120MQ655HPY3MW500F,15111011,15111013,17151010,19161111,32131516
FCD6MZSGIPPS,ESEB1D4619E6E83A061D,KS122556LMQ829GZCCRV,KS120XM6K01BDQNVTK1Q,KS127D361PF0FTXDZ7C4,KS441ZY6G3YT7CVHY3KY,27111214,27121313,27111222,27121210,27121110
F90KM3TZK3NY,ESFA9982A2A945E439CB,KS123YD6FKBRB6PCBPMJ,ESF5E4E161916F0E64A4,KS125396806XPV2Z8XQ6,KS1200H6XYN1CR0G5NZ0,21111110,21131110,23161012,23161015,32161416
Q3Q5PCNIL847,KS441626TDSV2J6GBB86,KS441JJ6PY9HSDKNLQH3,ESB4C707E98B551DE4A2,KS1281M7573BG4S5QKMT,KS122B071LMGXVTT3Z91,23171310,19131211,19101016,19141112,23171410
8WBGPFWCINVS,KS125BH5X5W0R09ZW3B7,KS7G2PN6Q42WPLR91C09,KS122556LMQ829GZCCRV,KS124QR6F19BX4WPMW1H,KS123Y56VDHMZ288XX1W,19101010,19111010,19141311,19141110,19111012
E4Y5X6ZIE5AP,ESF7CBEBE067150B911F,KS122556LMQ829GZCCRV,KS7G747655VG23WXMS9B,KS127J06MWW1FWXY62FN,KS122WB6X37SXSRGC07F,36111110,36111318,11151410,25111310,11161210
A7SLKD4QJD7B,KS440W865GC4VRBW6LJP,KS121ZK6CBY90WTJYPVM,ESB04BCB6189A2CB271E,KS123X777H5WFNXQ6BPM,KS128275ZSJDZ37SNG87,17141810,20131312,20331010,20131216,32101114
CUUQ4YE0WF3V,KSQPGV2XZO8UMNCC49LK,KSCFTLKLB8GE4VIJNVRR,KS122556LMQ829GZCCRV,KS1217568CHTXMHV7V47,KS121Z26S4VJLQ1WXN21,11171020,26151117,18192011,26151114,26151215
6GS0JVC9S902,KS1203X6ZDCNW2J3RC4X,KS123H8759405VLYXGLP,KS1203W702ND09XHKJR5,KS122556LMQ829GZCCRV,KS7G747655VG23WXMS9B,19111012,19111010,19111011,23151115,19101010
9RYOHCKNEWJR,KS122556LMQ829GZCCRV,KSMNXY6MPS1EDWJ8P6B0,ES9BD12EB76B360E0E89,KS122556LMQ829GZCCRV,KS120XD77GTR3W3GXHBF,25111110,25111610,25111518,25101110,25111515
C9B2R9K9LJ3L,KS127D361PF0FTXDZ7C4,ESEB1D4619E6E83A061D,KS4421B6105S1GF21ZW7,KS122556LMQ829GZCCRV,KS1203V5WXB7NG26XSR8,23131115,23131110,19111011,19111010,19111012
O9SPDU3NM0SX,KS120LH5W508G8HMY9GG,ES9E9A9565C329709A50,KS123YM600CLQQD1GP56,KS122B071LMGXVTT3Z91,KS7G2F36GFX1K55V6GK4,19121416,19161111,19121011,17141810,19161110
PXYW7DQTBF6B,KS123YH6B5Z6Q799424R,KS1259D6L30YYG3XR3VL,KS123FD6BP1YLD3WG9FG,ES38C838634C9F2E7B7F,KS127D361PF0FTXDZ7C4,19131211,19141112,18151118,19141314,19141113
KJ20Z0E677MC,BGS982C52CA577AF0357,KS1218N6GQGB3TDPLM9Y,ESE1B279F38C73E025BD,KS4417C74STWPWR9TNT1,ESAEEF5760144B8210FD,19111310,19101022,19101512,24131326,19101310
1361BGMY4IQZ,KS4407H64CVBMTRQZRCF,KS125BH5X5W0R09ZW3B7,KS126SW5ZZYP3HXXPX1X,KS120LH5W508G8HMY9GG,KS123Y170CZM0V5Z3XXB,32171022,32161416,32131526,32151014,32131525
JAP7EAS0O5DG,KS1227S6GJRHSMQ76QK6,KSQPGV2XZO8UMNCC49LK,ES3937EEC3D5D7345412,KS1281M7573BG4S5QKMT,KS124JB619VXG6RQ810C,23171524,23171712,23171541,23171510,23171511
UGWUBUGR6E7G,KS4419G6XM9LZWZ2Q9R8,KS440F476G8SKQRTH4CY,KS122WD6WKYPDQKTQN63,BGSD663E7801D0013709,KS44086772RVPJQ1SVW6,23171541,23171510,23171810,25121312,23171710
DO0FK46WQ28K,KS1210674JQVCN6F1V19,ES381E2801E7BF20D210,ESCC5B38A4D7A768FE7E,KS1230W79VHJQSFBXW2G,KS1218B62M9QRBY8WRSK,36161117,36161124,36161120,36161112,36161110
F57VH2D3LS11,KS7G7K873Z87GNGYHQKB,KS1207164CW5X2SJPW43,KS126HY6YLTB9R7XJC4Z,KS1265D6RGJL2Y4J6V5B,KS120D96FHL88PZDKZKH,16141210,23171510,32131011,27121210,16141110
NH671PJ0AK26,ES8B867675B7DA42B6CF,ES688C7DC5E9F6F678E7,ESE0D6A2674ADCCED0F1,ES8B03DAD3B526316ED9,KS123X777H5WFNXQ6BPM,11171114,23111410,23121010,23111310,11181017
FOKZIXZAREIY,ESEB1D4619E6E83A061D,KS120LK70665WL8LBX8G,KS125F678LV2KB3Z5XW0,KS1208P6ZMZ4N872Y7X5,KS122556LMQ829GZCCRV,23151016,18151213,18151710,23151210,23171541
VB99RWTF07GB,KS125F678LV2KB3Z5XW0,KS441846K903WT1RYDKJ,KS122556LMQ829GZCCRV,KSQPGV2XZO8UMNCC49LK,KS124QR6F19BX4WPMW1H,21131010,21131110,21121210,21121410,21121310
PLYO0SU0R7G0,KS121Z26S4VJLQ1WXN21,KS126706DPFD3354M7YK,KS441S06L3NZBK0D6JM8,KS13USA80NE38XJHA2TL,KS126256R04NWVG6Y5C0,23111310,23101010,25111110,23101110,26141910
W1YE8UNA9WK4,KS122P16DMVQL50L733L,KS1267F6MSPN366LX7ST,KS125MK6L8XN70ZS40ZY,KS4405777820N153M82L,KS4401T642KKKL4FQJMF,23121010,23101010,23121311,23111310,23101110
SJB4LVCRFMKS,KS127DT5VXHK1M161316,KS1218W78FGVPVP2KXPX,ESA6EF2FD3872374BF62,KS127PD6XH0GQ380FJ3N,ES75388526FA5C8C8C76,36161120,18121012,18191318,18191517,18151214
X5X64OS9GXCP,KSCH2TPBQX91532Y3Q8E,KS1248L77TSY3J2V2XC1,ES2F712D74818EF2888E,KS1218W78FGVPVP2KXPX,KS125RV5ZRHFGPJPKD8W,19111010,19111012,19101010,19111011,19141311
MUXFZJDCY98Q,ES899BA440FA3441F22A,KS1224W5XSXCJBNSLLVX,KS440PV6FRJ90X0QFNLY,KS124RX787SQ1WVD8XF6,KSKJX44T33B6D4UCC8CB,27111222,27121210,27121313,27111320,27111318
T8MMDFBHPSOJ,KS127M36PQPZLCDRJ5FB,KS1218W78FGVPVP2KXPX,KSCH2TPBQX91532Y3Q8E,KS123X777H5WFNXQ6BPM,KS123HV5WHQXDMXZ667K,23161012,23161015,15111013,22101214,32151014
VU5WP8MVU2YE,KS126HY6YLTB9R7XJC4Z,KS1212B6QR5SK1LSD4S4,KS122GT6JKK1CC52DWGH,ES3CDF4F5564949F81DB,KS1282K6L2GNN4SDY2WN,32161415,27111320,20231210,27111314,27111225
EEIQFJ097NDG,ES8112FBBD916F633942,KS1206Y6W7F5JS3VBTFL,KS124JB619VXG6RQ810C,ES4E55E2CC427CF883C3,KS125PD6W9XB0S99PZ1L,20311610,20311810,16141210,23151115,23151111
GBNU3M3TD7UR,KS1227P6FBK34WLH6X8Z,KS127D361PF0FTXDZ7C4,KS126HY6YLTB9R7XJC4Z,ES35D1BBF1CB1331BBA7,KS1218W78FGVPVP2KXPX,17141910,17171610,17171510,20271010,17141110
OLQ54WFUGEG1,BGS1ADAA36DB65721AA3,KS7G2F36GFX1K55V6GK4,KS126YC6X4DNKKPN2W0W,ES4E55E2CC427CF883C3,KS121YT721BY2F3M5YDR,19101010,19101021,19111011,11221117,19141110
3VM1U0MRUCZG,KS120SQ5W4Q57JMD2Y81,KS124MH6ZSZDFV5XXYQ4,KS1241J6PC0N3DT65QG8,KS12752715S2P1XNBR43,BGSB4E1D5CA81759D758,21121010,21121210,21131110,23161012,21111510
DXDF6YV2VP6F,KS126D668BLGSC15GFLS,KS1218W78FGVPVP2KXPX,KS123X777H5WFNXQ6BPM,KS681KH79MJLQDPB9T88,KS122556LMQ829GZCCRV,32161416,11191413,15111013,32151018,11221117
I5N6DBXF9REX,ESD329DFE7AF20305B61,KS126X663B21NB77ZHSP,ESFA9982A2A945E439CB,ESE52554401C20B866F9,KS1287W6WGP53ZW1Y9G4,13101010,11191514,21161310,11181210,11151110
GYMDM0L2LJK4,KS1284B609S18XT8N058,KS122F96DJHT3ZXB8FCZ,KS7G7LT731301PM8PGN8,KS4417C74STWPWR9TNT1,KSQ39IM6T1T6MCGAI2LO,19111310,19101022,19101512,24131326,19101611
CW790PDW5PY6,KS127ZG6DBSF76WF7VYX,KS1276T5ZVB4Q66TM92D,KS126X663B21NB77ZHSP,KS1200H6XYN1CR0G5NZ0,ESC5567F7A6FA12D0DCD,23121010,23101010,23111310,23121311,23101110
MBWU5JSLHGMR,ESE1B279F38C73E025BD,KS4407G738TDFF425V8C,KS123H8759405VLYXGLP,KS120RN6FDTS9FLCH3T0,KS440PV6FRJ90X0QFNLY,19111012,19111011,19111010,23151115,23151111
BXANJ4X5A5XI,KS121Z2775J1MHNJ03HM,KS122555YNWMN79XR7DH,KSDMUMHE63DLB9OKKW37,KS127CM62SBF3CQSBBH3,KS44175745H9Q0DPBDNT,20341221,21121310,32161010,20311910,21131010
YZSILU3NDZ3C,KS128066XVJ3VBR23R8W,KS124046TRJDP25WFPYC,KS560WWYRXCX5ABQRPKB,KS7AASDV6UOE7VFBGF4D,KS7G7RG6HZ6DJGX617R2,27111222,27121313,27111214,36111110,27121210
IWDRYHB9640R,KS127WQ632MH4X9JDYN9,KS440JQ6CH2PLBZVTYLV,KSY4WFI1S164RQUBSPCC,KS123J07373VSJ0QY7BN,KS1282N6NQMZ95M1HJ7L,23171521,23151010,23151016,23171541,23171310
G9P01ZULGTDT,ESB38820A543FA4E3969,KS120XD77GTR3W3GXHBF,KS1259D6L30YYG3XR3VL,KS1265D6RGJL2Y4J6V5B,KS123X777H5WFNXQ6BPM,25111110,25111610,25111518,25101110,25111515
G1KVR6AX8KXX,KS125F678LV2KB3Z5XW0,KS125MK6L8XN70ZS40ZY,KS441LF7187KS0CV4B6Y,KS124QR6F19BX4WPMW1H,KSQPGV2XZO8UMNCC49LK,23171524,23171712,23171511,23131116,23171510
O841LCLJZ9KV,ES381E2801E7BF20D210,KS126PF6PJY1N0ZX5R0P,KS1213Q5Y632QWZ7PVVS,KS4413K71NZC1B6F29NJ,KS126X663B21NB77ZHSP,23121010,34151010,23121311,23171528,23171710
ZH4YYBKHTAB9,KS1222G6RD9GBB7Q6FY5,KS1218B62M9QRBY8WRSK,ES48DC8725830674E88F,KS680KR72KH02C5GM5TY,ESF6784E14B1812D7FE4,23171541,23171810,23171710,21111110,23112013
1Q8PJ1YDOT94,KS124QR6F19BX4WPMW1H,KS123KV5XCDSJW5YWGYQ,ESDC58629CA141F03F92,KS1203C6N9B52QGB4H67,KS44086772RVPJQ1SVW6,18121110,11221117,23141111,18121610,23141110
NYZHHIZEBG9K,KS1282R607CFYF1FWJ74,KS122556LMQ829GZCCRV,KS1282N6NQMZ95M1HJ7L,KS1203W702ND09XHKJR5,KS120GV5ZXR64CJLL1J4,27121313,27111214,27111222,27121210,32131011
J5TAC9PFHJ1O,ES9BD12EB76B360E0E89,KS126ZZ7012DHZLZ9GC0,KS1281M7573BG4S5QKMT,BGSD77209831104706B3,KS7G2FX6L5L0NXGGHKMH,11211010,11211014,23151215,11211016,11211211
5YVMTD503779,KS122HK6LN2MZHFY69GJ,KS1231K75PP5CD1Y3J5M,KS440ZZ6HJGY92HPTWCV,KS127D361PF0FTXDZ7C4,ES2CC185FC27BC0DF8FE,27111214,27121313,27111222,22101213,22101214
7TW1PUWSNFFY,ES81A4322023A99593FE,KS127D361PF0FTXDZ7C4,KS680KR72KH02C5GM5TY,KS7G4ML61B2JX1H1003Z,KSQPGV2XZO8UMNCC49LK,16141210,32131011,16141110,27121210,27101110
U4XSZJNVC7HR,KSQPGV2XZO8UMNCC49LK,KS1259D6L30YYG3XR3VL,ESE1B279F38C73E025BD,KS128066XVJ3VBR23R8W,KS1217R6SMDJ0WQHN6LK,36111110,11191210,32101211,25111310,14111117
VKYMZLO9LNDC,KS441K2756CXYXBG990G,KS1200578T5QCYT0Z98G,KS43I7T7CU4Q66EGVQLU,KS1218W78FGVPVP2KXPX,KS7G55M6TRB1N24LW2P5,23171712,23171524,23171716,23171510,23171541
MBO4KF9OQKZ6,KS1203W702ND09XHKJR5,KS440NM6N05DM8TSV6QZ,ESE80B169A55ACA65FEB,KS124JB619VXG6RQ810C,KS7AASDV6UOE7VFBGF4D,27111214,27121313,27111222,27121210,27121322
3KEYYN2W8G4U,KS120RN6FDTS9FLCH3T0,KS1289C6QS0TSSB4PNGG,ES31EB08E14C5E93F4E8,ESDC58629CA141F03F92,KS126X663B21NB77ZHSP,23141111,23141110,11221117,23161013,23141214
5SEBBMJXMIKW,KS1239W6QZKL1H0TF1TJ,ES32D9DAFE37545AE8B6,ESEB1D4619E6E83A061D,KS122SG5Y0Q5YQM7V8KT,KS1203Y62Y4C11XJ6PHP,19101010,19111010,21131010,19141311,19131211
D7YXW1TBRWR9,KS122716P0Q9TPWQFJH3,KS120HC606XFBV3FV9PQ,KS1280D6WW0KLRNRMWTC,KS122556LMQ829GZCCRV,KS123MC78KV644P5DDZ0,16141210,23151115,23151111,23151116,16141110
QUSSJHMOTOY9,KS7G2F36GFX1K55V6GK4,KS12621706P2NTMBQY45,KS124JB619VXG6RQ810C,KS124QR6F19BX4WPMW1H,KS1200H6XYN1CR0G5NZ0,26111210,26111010,26111110,26141910,25111110
YGS0JX9AMSM5,KS122NX79W5LSNS07C02,KS127D361PF0FTXDZ7C4,KS680KR72KH02C5GM5TY,KS120SQ5W4Q57JMD2Y81,KS125HM6044N46LPQLH1,23121010,23171528,23121311,23171541,23111310
1ENNGAY37VG6,KS126HS6R7MH1W08PMVR,KS125F678LV2KB3Z5XW0,KS124G66QWSYM012SWS5,KS12161691DMDRWTSBL3,KS126X663B21NB77ZHSP,16141210,16141110,32131011,27121210,27101212
T860X5ZU2ZUE,KS121W46CJXQ5ZQ506MS,KS125BH5X5W0R09ZW3B7,KS1253H61TTR1FZWSRH4,KS122556LMQ829GZCCRV,KS1239W6QZKL1H0TF1TJ,19111011,19131211,19111010,19141112,19101010
9LBB4M0A6MDM,KS124XH6KL9NKKZ36SRQ,KS441ZY6P0PDB5DWTRB8,KS1218W78FGVPVP2KXPX,KS124046TRJDP25WFPYC,KS1201477MH4F3DJK1RC,23171510,23171524,26151117,18192011,23171541
7YH3Y8A6M968,ES899BA440FA3441F22A,KS122556LMQ829GZCCRV,KS1218W78FGVPVP2KXPX,KS1259D6L30YYG3XR3VL,KS1280B68GD79P4WMVYW,20291110,20321022,11221117,12101010,32101010
3V1VQYLBOS46,KS681KH79MJLQDPB9T88,KS121T566W7S1042N6ZM,ESB38820A543FA4E3969,ESEB1D4619E6E83A061D,ES4E81D4E042F468C897,19141112,19131211,11221117,20291110,19141311
A1RYZTBVHUAZ,KS120SR6WD1FP76Z6GC2,KS122PZ6PCZ9JYT0Y5WH,KS120SR6WD1FP76Z6GC2,ESE3DCB914A93A90AA1D,KSVWD0GLP4WYXAA0ONLF,11181210,23151115,11161610,11191514,11151110
RX0B3CIPTNPN,BGS1B34146CFE8069125,KS120GV5ZXR64CJLL1J4,KS1218W78FGVPVP2KXPX,ES6D509E2EEF4C312414,KS1229V75JRKRC5S980K,27111222,27121313,27111214,32131518,32131011
DYBOJ520HH3F,KS1239W6QZKL1H0TF1TJ,KS128BF6TYRZLF58T01Z,KS127D361PF0FTXDZ7C4,KS123B75Z8CKNHP05L6Y,KS123X777H5WFNXQ6BPM,36161117,36161120,36161124,36161112,36161110
F65J1VRKF4HT,KS1217P66NK6BW72M9FH,ES8B03DAD3B526316ED9,KS123X777H5WFNXQ6BPM,KS120LB6XV5409BCQ0NF,KS125MK6L8XN70ZS40ZY,23161012,15111013,23161015,23161016,32161416
0909JFJFL12Z,KSQPGV2XZO8UMNCC49LK,KS1259D6L30YYG3XR3VL,KS127M36PQPZLCDRJ5FB,BGSDD5FB715C9C84D8AE,KS125BH5X5W0R09ZW3B7,23161012,32161416,23161015,26131114,15111013
QESUX9L0IJKC,ESFA9982A2A945E439CB,KSQPGV2XZO8UMNCC49LK,KS122F377FV66S5LZS9T,KS1261Z68KSKR1X31KS3,KS120VC7108H86J50CYW,24131313,32131511,32131520,23111410,32131526
Y8MLNCGFQDPS,KS1278R6PH24T8S2PQW6,ES73168232D9BF210A32,KS128866SHL94J005TTG,KS125F678LV2KB3Z5XW0,KS123Y170JP7JBSFVBSS,23171541,23171810,18151113,18151217,23171710
H7PSXMDX52F7,KS120RN6FDTS9FLCH3T0,KS122Q06J9GH89J2NQXL,KS1218H6YTH21VYCT4YN,KS126SW5ZZYP3HXXPX1X,KS126X663B21NB77ZHSP,19141311,19101010,19141110,19101710,19141310
5B8SNTHT7UGV,ES65C485CF3B67FE16DF,KS1282R607CFYF1FWJ74,KS1270P6SLFCFT476Y3R,KS441JJ6PY9HSDKNLQH3,KS7G55M6TRB1N24LW2P5,27101212,27121510,23171310,32131011,27121210
J8LU25WSEVI9,KS124QR6F19BX4WPMW1H,KS4415B77WWH2WCSVHCV,BGS166A638195D1E2BAE,ES39E5C01E1593CE9E72,KS441PC61LH6SWW9P97Q,32101110,32101010,23131115,23131110,32131526
FZDTC5PAYGAA,KS441S06L3NZBK0D6JM8,KS126HY6YLTB9R7XJC4Z,KS122BM7899YNC6504SP,KSIDDB2VJJYDU67905S9,KS120F870XKPK0RFTKMC,32131011,27121210,16141210,23171712,23171524
I72W4OEBMQPJ,KS124JB619VXG6RQ810C,KS1281M7573BG4S5QKMT,KS122RM6RTFWYVZQB39Q,KS1218V6D1NWTXTCWP33,KS122556LMQ829GZCCRV,23161015,23151215,23161111,23161012,23161210
6A4RYAEK5A0X,ESE1B279F38C73E025BD,KSKJX44T33B6D4UCC8CB,KS1226L6XYT1N27WRYJM,KS1203W6419RJG2KW4QS,KS4420H75G906GRK0QJZ,19111011,19111010,23171528,19111012,12131213
BU1IADYW8WR4,KS123B75Z8CKNHP05L6Y,KS1218W78FGVPVP2KXPX,KS1241J6PC0N3DT65QG8,KS124QR6F19BX4WPMW1H,BGSDD5FB715C9C84D8AE,36161117,36161124,36161120,36161112,32161416
NP84DYT9MOGE,ESE32E789240D17A61B7,KS122556LMQ829GZCCRV,KS125F678LV2KB3Z5XW0,KS1227V6WBR3BH3SJYSZ,KS122TN6QW0F40J15TTM,11171010,11171110,11211010,11181017,21131010
F2HEQY8LBKYY,KS127WQ632MH4X9JDYN9,KS1282T6Q5K730ZTFM2W,KS125MK6L8XN70ZS40ZY,KS124DW6HC1M531VXC5M,KS121BS6QFLZVY39PMHD,15111011,17131010,22111514,15111013,15101010
PVS7HZIOYKL1,KS7G4YT72YHJ3BVJ4P56,ESF6784E14B1812D7FE4,ES2F712D74818EF2888E,KS123ZJ5X02D3GL6CNQT,KS1203W702ND09XHKJR5,19101010,19111012,19111010,19141311,19141110
9NXMKTO6JRU7,KS12027766237GNG6G37,KS440C365HRHPM9VQDFF,KS1258T6SX2DT0HGTJP5,KS441LG5Y8XGW9TP7B4W,ES3A33737C74D25D112A,11211010,27111210,11181017,32181013,32171022
HK6HMRTIEHC2,KS121Z26S4VJLQ1WXN21,KS1224W5XSXCJBNSLLVX,KS1227P6FBK34WLH6X8Z,KS121Z26S4VJLQ1WXN21,KS4411H6DM87QLDT97JT,14111117,14111210,14111115,27111318,14111116
QOHN3DG60E1E,KS680KR72KH02C5GM5TY,KS123S46J5HRBLZRMRJ0,BGSB4E1D5CA81759D758,KS127D361PF0FTXDZ7C4,KS120RN6FDTS9FLCH3T0,19101010,19141311,19141110,19101710,19101314
R7GOKLVA2UHT,KS1218W78FGVPVP2KXPX,KS127Y978519ZR40DPMP,KS1218H6YTH21VYCT4YN,KS124G66QWSYM012SWS5,KS1218W78FGVPVP2KXPX,19141311,19101010,19141110,19101710,19141310
1VPIVXSYTP4J,KS4407F6YY6SBS730MJ8,KS122F377FV66S5LZS9T,KSKG9OA3NDST6929VROF,KS126HS6R7MH1W08PMVR,KS1230H6C990449W00PS,11191210,24131313,32131523,32131520,32131526
MW04U923O359,KS123X777H5WFNXQ6BPM,KS1217P66NK6BW72M9FH,KS125WN75QF8L8MCRC7P,KS124JB619VXG6RQ810C,ES1417F79ED88ACEE6CC,21131110,21131010,21121210,21111510,21111710
KGVXLOBICLW2,ES69F016F911ABB9D44E,ES56EB33E5F30F8F03CF,KS1218W78FGVPVP2KXPX,ES249EC655339813E06E,KS1263K71W66XVVGKG2F,19111010,19111012,19111011,19101010,19141311
ZN1F0FP8BPG2,KS1203W702ND09XHKJR5,KS441PC61LH6SWW9P97Q,ES2AAD427D871251857E,KS126HS6R7MH1W08PMVR,KS124F463KMJQGJ9DGGV,27121313,27111214,27111222,27121210,32131011
3RMZM4QI31HO,KS1203W702ND09XHKJR5,ESE0688A148E76FA86B8,KS441J8781NSVPFKS701,KS7G8525X7883RGCHLWF,KS122556LMQ829GZCCRV,19121416,19121511,19121414,19121110,19161111
QHXSIPNARUR3,KS44175745H9Q0DPBDNT,KSVV7L26JZNZ4SX5QH95,KS441ZZ6LG9Q8L5FY3GT,KS1261Z68KSKR1X31KS3,KSKJX44T33B6D4UCC8CB,16141210,32131011,16141110,16151010,27121210
5DMUP1YVWQJ8,KS120496P0NDBPKP322Z,ESE964A5C87B5F70631B,KS121FC62SMJJD40TYZ4,KS126DB6T061MHD7RTGQ,BGSCDD2E5ED999B08E3D,19101010,19111010,19111011,19111012,32101011
Z2RCU8KD9GNL,KS1218W78FGVPVP2KXPX,ES247E73D0513B602714,BGS6F400F918C2E2D16A,KSQPGV2XZO8UMNCC49LK,KS124586HG4VGCKJ5XCJ,16141210,25111110,25111610,25111518,32131011
MNT6U777LDM1,ES71C18378814E6740D6,KS121CX75Q8F638ZCJVZ,KS1253H61TTR1FZWSRH4,KS1217P66NK6BW72M9FH,KS124VR68PRNLVLWXYZ1,25111110,25131810,25131710,25131410,25111518
2W85YPS859TX,KS441846K903WT1RYDKJ,KSWR4RCZQM7RAQNUFC40,KS1259D6L30YYG3XR3VL,ES47BA93FC30E2F301DC,KS1218H6YTH21VYCT4YN,23121010,19141311,19101010,21131010,19141110
9XX0BJ05MXCP,KS125BH5X5W0R09ZW3B7,KS124JB619VXG6RQ810C,KS560WWYRXCX5ABQRPKB,KS122556LMQ829GZCCRV,KS7G2F36GFX1K55V6GK4,27111222,27121313,27111214,27121210,32131011
P5WPVI06B8MS,KS121JN70DB9VHC8T9GN,ES1F3103108F544A5461,KS120BV6SR75RBKQH0G3,KS1239W6QZKL1H0TF1TJ,ESCA52100E7DBDF47A7F,22101311,22111416,22101312,22101310,22111415
GKZJRUMXQW3B,ES6204EEE269AF03D4C4,ES5F5B7360E527A2CDF1,KS123YJ6KVWC91BTMB4R,KS122PG79GBGKLPG9WNK,KSKJX44T33B6D4UCC8CB,15111013,32161416,23161012,23161015,32121312
SLK0PLZTE44R,BGSDD5FB715C9C84D8AE,KS123X777H5WFNXQ6BPM,KS121XY60R6Z5C3R172K,KS122C06Z8NDM5G6NYNT,KS440W3640PNXPGB5MSW,32161416,26131114,18171015,23171611,32151013
1T6I8UXK02RA,KS122Q26BWQ1PK3Y74C0,KS121Z26S4VJLQ1WXN21,KS120VC7108H86J50CYW,ESA68E69A441441F3A8B,KS120RS69QPFBRSLFWQL,23121010,19101310,23171541,23112013,23121311
5RGSG6A8MLIK,KS4425C7820LCHZS7VGX,ES90E7D675F0553381A2,KS1265F71V3PY4KH0JW5,BGSBC6553CCF3F292F02,ES2538347AA3A4C346C9,27101024,27121510,27101212,23151010,27121210
RNLQLFWUUIU5,KS124685Z7C03V020F5V,KS122C06Z8NDM5G6NYNT,KS7G2PN6Q42WPLR91C09,KS120W86MGP2XXV2NDCC,KSUFQLJGROWLD4H39874,19101010,19141311,19111010,19111011,19141110
NJ53TISN96FF,ESEB1D4619E6E83A061D,ES7AC98A03E7159112B5,KS122VT6S2JJ5C5D80NF,KS123X777H5WFNXQ6BPM,KS120QQ6ZN003B8B7FK1,23171310,23171410,27111320,34131116,11111012
97PWDBOLWIMR,KS1227P6FBK34WLH6X8Z,KS44086772RVPJQ1SVW6,KS120BV6SR75RBKQH0G3,KS125BH5X5W0R09ZW3B7,KS680KR72KH02C5GM5TY,23111410,23112013,23112012,23111310,23112010
GV4QMP5JHDT6,KS127ZG6DBSF76WF7VYX,KS442546YGKQC49SH18W,KS7G09N768FLPTYZWXWV,KS124QR6F19BX4WPMW1H,KS7G4ML61B2JX1H1003Z,20341110,20311610,16141210,20341227,20341214
B9XV8WOBIRY8,KS124MH6ZSZDFV5XXYQ4,KS122J56PZMMFL1SVY1F,KS127RH6V1W5LJ9B71RJ,KS680KR72KH02C5GM5TY,KS1227G66P02RR405S78,20311610,23121010,20311810,23121311,23161012
CPGNM6HXG0QG,KS128716HL1C1Y0ZS84Q,ES6A85F7857B9B6BDE81,KS7G4XR784Q66ZDX1WKL,KS1228M6S0Q13JW8NV10,KS122D46PJ09YVSBV9DW,21121010,20251010,21111510,21121110,21131110
ZGRSPIW06NY4,KS122NY60HCYYDXHQGQN,KS1203W6419RJG2KW4QS,KS125MK6L8XN70ZS40ZY,KS120LK70665WL8LBX8G,KS1282T6Q5K730ZTFM2W,19111011,19111010,19111012,12131213,19101010
7UYA7ZP8PWN4,KS441FM75ZDSSYXG6M84,KS123Y170CZM0V5Z3XXB,KS124QR6F19BX4WPMW1H,KS120HK5XY6JV257QLTX,KS1213Q5Y632QWZ7PVVS,23151115,23151111,23151114,23151116,23151112
12TLXLZS49CD,KS7G1Y070WZ4B8WX7VG3,KSQPGV2XZO8UMNCC49LK,KS120V86MZWV9Z9LKQY3,KS1267F6MSPN366LX7ST,KS7G3CY67GB9V691Z1RS,20341212,20341216,20341227,20341217,23151010
V16XEGHPMXPK,ES7D9F0BD1CEA39385E3,KS120RN6FDTS9FLCH3T0,KS120PQ6XD1JWMFQVJNW,ESF139240EAD62841F23,KS1228M6S0Q13JW8NV10,23121010,23171541,23121310,23111410,23121311
K1R71PHQUZ3M,KS127296VDYS7ZFWVC46,KS61D1BF7H22K0UZ9C3V,ES38E4DE8DCF54349FAE,KS4418P67WQQGGD3YBY5,ES26F70DE1799788D6F9,23171524,23171712,27121210,32131011,27121510
L0ELLCQSUGAB,KS1289C6QS0TSSB4PNGG,BGSDD5FB715C9C84D8AE,ESB38820A543FA4E3969,KS7G6LT5ZCZLKYG64H99,ES621714B943488C07C8,32161416,32151014,32151013,32161415,32121312
760RS6C4X56V,KS123Y170CZM0V5Z3XXB,ES4F42CA14B21F271165,ESF80FF10258D686691A,ES1C53496B6F1ECEDD9A,KS127D361PF0FTXDZ7C4,19161111,16141210,19161012,19121711,32161012
YTKW2837C6QC,ESE1B279F38C73E025BD,KS4400Y6PJTH89T22DYR,KS124JB619VXG6RQ810C,KS123Y170CZM0V5Z3XXB,KS125F678LV2KB3Z5XW0,19161012,19141114,19161111,19181312,19121011
2NBI5E0L1Q9R,ESFA9982A2A945E439CB,KS127D361PF0FTXDZ7C4,KS1207L6QQP6TYRGY3L9,KS1245C6NQ5MJN37VHZF,ES9BD12EB76B360E0E89,16141210,19131211,27101212,16141410,19141112
SM4FSHOHSV5C,KS440XG653B0ZK3926JF,KS1256W6MPKRNM11QMPM,KS126X663B21NB77ZHSP,KS120W86MGP2XXV2NDCC,KS1253Q66NQSNHM7JR49,19101010,19111010,19111011,19111012,19141311
8NBHNAL3GYWI,KS1282R607CFYF1FWJ74,KS1218W78FGVPVP2KXPX,KS123X777H5WFNXQ6BPM,KSDMUMHE63DLB9OKKW37,KS440PV6FRJ90X0QFNLY,21131010,21131110,32161010,21121210,21121410
5SO79H4HA0MV,KS122556LMQ829GZCCRV,KS7G4ML61B2JX1H1003Z,KS124X67987XF85L4KQS,KS1226G65C5SZWSX3WJQ,KS120496P0NDBPKP322Z,19101010,16141210,19111010,19111011,32101013
KJI92XPI865E,KS1218L60PDVZX16NZT1,KS123YH6YZ1G0PZVVJW1,KS4417C74STWPWR9TNT1,ESFA9982A2A945E439CB,KS121YX5XHV5QPYV2TXL,19111310,19101022,19101512,24131326,19101611
U7ZQJ3OVU7PW,KS440ZZ6HJGY92HPTWCV,KS124JB619VXG6RQ810C,KS124745ZCN2G6TKC2QN,ES5A48B64B63BC943CF3,KS124QR6F19BX4WPMW1H,19141311,19141110,19101010,19111010,19101710
IJMMB5JFYSYZ,KS124VF5YCVWCW6NR1Z6,KS440726NL4QJRHCMR43,KS441786F0PS9RV3QBS0,KS125BH5X5W0R09ZW3B7,KS1203W702ND09XHKJR5,19111310,19101022,19101512,24131326,19101611
1FBTWTW4IXFJ,KS122NR6NY1KB0TD40G4,KS123Z75WFFSZPXNH04Q,ES1FB08A257DDD5C0625,KS126JT6HQMWF5PV2CLY,KS1259D6L30YYG3XR3VL,23171510,32131111,23151215,23161111,23171541
4C8J6E07FPY1,KS127CH6JNZM7TGM19JG,KS120L26DHHV1J3817BJ,ESEB1D4619E6E83A061D,KS124JC6CHGJ6YGD3JJ7,KS124F463KMJQGJ9DGGV,27121313,27111214,27111222,27121210,32131011
6QK3QHAD3M6J,KS124RX787SQ1WVD8XF6,KS7G7LT731301PM8PGN8,KS441PL6JPXW200W0GRQ,KS123HX6YG0PPBXV3922,ES4E81D4E042F468C897,19141112,27111320,32151018,19131211,23171541
J725U0332W04,BGSDD5FB715C9C84D8AE,KS122NQ6YXFQ2WCWT11F,KS1203T6J7F2P3TG6Y6K,ESFA9982A2A945E439CB,ES4E3148857AA502599E,32101110,32131526,32171011,32161416,32101010
P7R93FEZEZ5E,ESFC67494CDB95814D1A,KS128866SHL94J005TTG,ES899BA440FA3441F22A,KS43I7T7CU4Q66EGVQLU,KS120RN6FDTS9FLCH3T0,11131110,32161416,32151014,18121610,32161417
HTTSW5EJR91Q,KS120C76T2L99X2YNKS3,KS124DQ6JX0NX9DBFDM8,KS1217P66NK6BW72M9FH,KS123HV5WHQXDMXZ667K,KS122556LMQ829GZCCRV,25111110,22101214,22101213,25111610,22111215
835KUC9PBTYJ,KS1241P6PXRCKTDSWHTV,KS1265D6RGJL2Y4J6V5B,KS120WT70DM8WX59219Z,KS122VJ6BSMHB6YCH502,KS122556LMQ829GZCCRV,23171528,23171710,23171541,19141112,23171524
T5GQEXIH1XDP,KS120GV6C72JMSZKMTD7,KS4417B6T81Z90ZV8RVW,ES8F73CC75C618D72F72,KS122556LMQ829GZCCRV,ES62B5A80843B9EF4CCC,19111310,19101022,19101512,24131326,19101611
R25MDF7FR91I,KS1241478VQ66G2NPCG9,KS7G1P76W2FRM88BQFJN,ES2358C2129904DEF59F,KS122Z36QK3N5097B5JH,KS127PG60Y3VLHJZY062,16141210,23171716,23131312,23171712,18192011
XNQDZ98JHE17,KS122PG64BT2BT6X15HF,KS1284G6MK1552WHSZ32,KS121FF73FPRD54WNWG8,KS121WH63JVNQKDGCPR9,KSCK7UOCSNOZGW1Y1TSS,32161010,32161416,32151010,21111110,23171529
664L90FXV2YR,KS122556LMQ829GZCCRV,ES48DC8725830674E88F,ES93374D273ED49FAFEA,BGS712F68F1137240C92,ESAEEF5760144B8210FD,23161116,23161114,23161012,23161015,23151011
IP65PLLD5OBQ,BGSBC6553CCF3F292F02,KS1267F6MSPN366LX7ST,KS4425C7820LCHZS7VGX,KS1218W78FGVPVP2KXPX,KS441S06L3NZBK0D6JM8,32151013,32161416,32161415,32121312,32161414
RPL1I81J2ABL,KS440XG6F9DTD3VG7JTV,KS44175745H9Q0DPBDNT,KS125F678LV2KB3Z5XW0,KS1225763HZLCN8D3B0S,KS122556LMQ829GZCCRV,23151510,32131111,23151215,11221117,23161111
81RXYR24QHTL,KS440PV6FRJ90X0QFNLY,KSLEZA0O1YB8D0T4Q188,KS4417C74STWPWR9TNT1,KS128066XVJ3VBR23R8W,KS124CH623PFBJS8T5KM,19111310,19101022,19101512,24131326,36111110
P7QFQ9N04FDT,KS120BC6BLYD8GXK5DSW,KS4403P68Z3K0R3WZW84,KS441K2756CXYXBG990G,KS123X777H5WFNXQ6BPM,KS1280B68GD79P4WMVYW,21141810,32121011,19131910,32161416,32151010
E9FI3M5RPBLA,KS124H568S1F92XY25VR,ES4F854A3B88ACB1C5A6,KS7G6NP6R6L1H1SKFTSY,KS123X777H5WFNXQ6BPM,ES3E39C571A627E23737,23131115,27101024,27121510,23131110,24151215
F2UWUFUK15U2,KS1219N6Z3XQ19V0HSKR,KS123X777H5WFNXQ6BPM,BGSA0A7A10E4C461188F,KS7AASDV6UOE7VFBGF4D,KSQPGV2XZO8UMNCC49LK,23171510,19151110,19151010,23171541,23171511
UU8F855MDTCE,KS127F36326KXDQ104H6,KS126F877FXMTBJRD4B2,KS1289C6QS0TSSB4PNGG,KS681KH79MJLQDPB9T88,KS1259D6L30YYG3XR3VL,26111310,26111210,26111010,26101517,18191316
IQUWRXZE1HM3,KS122Y76M1VFPXR6TWC6,KS123L16JVD8JBMNNQR3,KS123X777H5WFNXQ6BPM,KS680KR72KH02C5GM5TY,KS123Y76D7JBC3TT7S7W,27101212,19101010,19141311,19111012,27121510
GTJS1A5UGXBR,KS43I7T7CU4Q66EGVQLU,KS122W96T2T9J5PZ0VMP,KS123X777H5WFNXQ6BPM,KS122YN6108R0RSDXXRC,KS123Y66DNRSJ1QGK9NW,23171521,27121313,27111214,27111222,27121210
QVCZKAKJ6SZX,KS1254T6VZ25D2NZX05S,BGSF524DF9FB0A18C04D,KS7G8525X7883RGCHLWF,KS121XX660DWPDPRLVW2,KS121F45VPV8C9W3QFYH,11181210,11211010,24131321,11161410,23161115
REM5PUU62RZV,KS122VN73RX0QR6GMDHV,ES36F4349696AA6C1AD0,BGS409FD4E9C8053A315,KSKG9OA3NDST6929VROF,KS122B071LMGXVTT3Z91,32131526,32131520,32171022,32161416,32171018
BCWSBAH6TC45,KS121Z26S4VJLQ1WXN21,KS4418R70629H5L603FB,KS1200H6XYN1CR0G5NZ0,KS127ZG6DBSF76WF7VYX,ES1A29D8EF25130304B9,32101010,32171011,32131520,32131510,32131526
R9Y7N17LZG3R,ES58EFD7FFA3B9E17A7B,ES8B03DAD3B526316ED9,KS121Z26S4VJLQ1WXN21,KS1203W702ND09XHKJR5,KS126X663B21NB77ZHSP,18121510,18171031,18121010,18141110,18121012
ZSA7YVDQBSXL,ESDEF4173A4C8F26E0E5,KS7G2ZB6N9RBHQZXD86Q,KS121BS6893JT49LJRPL,KS1239W6QZKL1H0TF1TJ,KS1232D6PH6SBVWWPQWC,23171524,19101010,23171541,23171712,19111010
PB01QCTE9W0A,KSQ39IM6T1T6MCGAI2LO,KS1289C6QS0TSSB4PNGG,KS127RT62P0W9B6Y0LTY,KS1219570C4LCP9ND4FH,KS121056X529461ZF6XW,32131612,32131520,32131611,32131516,32131526
UN4TJJ96MEF1,KS440726NL4QJRHCMR43,ESEB1D4619E6E83A061D,ES70CD6E89F6DAD8F319,KS4415D66ZZZ8Q8NNWWP,KS1226L6S9713QWBY5KK,26151214,32171011,19121710,26151213,23171611
R5RUP13WPPBM,KS1280N6G0RXMWQ29JCS,KS121XX660DWPDPRLVW2,KS122BP5YT02HT9R6Z16,KS1218L60PDVZX16NZT1,KS441JK74K5Y3HYRK962,27121312,27111211,27111222,27111214,27121313
BGDICOOKAEWF,KS1282C778989GJWW9BZ,KS0OX58VDQ5P1TCYANAN,KS122LP63R02H2Y6M04S,KS7G55M6TRB1N24LW2P5,KS1217P66NK6BW72M9FH,11211211,23171510,11211010,11211014,23171541
9LAEC8FB947E,BGS2E1275F3C96CC1BA8,KS125F678LV2KB3Z5XW0,ES8B03DAD3B526316ED9,KS121ZK6L73B0BD3Q7C5,ESE1B279F38C73E025BD,20231210,20231010,12101310,12131213,12101212
DYQIXYCGU3I2,KS1203W702ND09XHKJR5,KS440Y975RD841M02V3S,ES3FFD7A2BBA5225AA3A,KS120H6772VQ0MQ5RLVD,KS125F678LV2KB3Z5XW0,19141112,19141210,19101016,19141314,19141311
LQKIXEQBTIMK,KS1241J6PC0N3DT65QG8,KS122556LMQ829GZCCRV,KS128F265DV4XTBR70H7,KS1200H6XYN1CR0G5NZ0,KS121Z26S4VJLQ1WXN21,19121416,32131312,19161111,21121010,21121210
BNVL0OS3X23I,ESC5567F7A6FA12D0DCD,KS124JB619VXG6RQ810C,ES29DDAE9CCE34160768,KS1252N652HQF28Y4K78,KS120RN6FDTS9FLCH3T0,20321022,20311610,20321111,20291110,20341110
XZ3ADHF025LO,KS120RN6FDTS9FLCH3T0,KS121Z26S4VJLQ1WXN21,ES73A557482F94D812CB,ES369FF8B8662616E170,KS7G6NP6R6L1H1SKFTSY,32161416,32161010,17141810,20311610,32121010
OXXAOZ5E7GGO,KS1264X6Q6902BJMLNCB,KS124QR6F19BX4WPMW1H,KS1200H6XYN1CR0G5NZ0,ES29C56D2465C253FC1D,KS122556LMQ829GZCCRV,27101020,32131011,27121210,27111222,27101019
BSF5KSXZ5ER1,KS121Z062B812PLRSS3M,KS122VW78Q67XR4C3ZDW,KS127CS79GV081FMJYKZ,ESEB1D4619E6E83A061D,KS123YJ6KVWC91BTMB4R,19161110,32101010,32131526,11191413,32171011
NRAUZ73BZDKC,KS123X777H5WFNXQ6BPM,KS7G09N768FLPTYZWXWV,KSOPDDN3W5WZ7TE785BL,ES9BD12EB76B360E0E89,ES375288F75E49106881,23171524,19171111,23171712,23171710,19171110
QD6R5FL42VLB,KS123GK5WYFRJ4L20YK2,KS683SQ6ZD2227YN4C93,KS7G2ZB6N9RBHQZXD86Q,KS128BF6TYRZLF58T01Z,KS7G2VT72L9WMFRCG4G0,23171528,32171028,23171541,23171543,21121010
WLO61PO9O2M4,KS12195734TLQBG7XL90,KSQPGV2XZO8UMNCC49LK,KS124QR6F19BX4WPMW1H,KS1280N6G0RXMWQ29JCS,KS121Z26S4VJLQ1WXN21,19131610,19131611,32171011,32101110,27111320
RRBSZUJB4HLL,KS441LY691MT0N689MWR,KS7G0PW6D0N7DHW3YXF6,KS126ZN706TQT20JSTTT,KS1217J6B5FTXYYNSTZY,KS1218W78FGVPVP2KXPX,23151115,23151111,21131010,23151114,23151116
KUUGO2N5MUY0,KS124QR6F19BX4WPMW1H,KS1258B6FBG9B2CQ169N,KS127RR61H1X4CYBBZF5,KS441626TDSV2J6GBB86,ES314A8628331352466D,19101314,32151015,19101313,12101310,19101010
0E1JJDZCYA1J,KS121Z26S4VJLQ1WXN21,KS123YF6T21PFVZ16Y46,KS1203W702ND09XHKJR5,KS441FR6L2YYQLPZBQRC,KS120GV6C72JMSZKMTD7,26111210,26111010,19181313,19181410,26111310
6C6ZH6DU9ZZ9,KS121975WDFKW7W3PYZN,KS1218W78FGVPVP2KXPX,KS120436N14BN10FM7W8,KS121Z26S4VJLQ1WXN21,KS441S06L3NZBK0D6JM8,19111010,19111011,19111012,19101010,32171011
9DD5S0Q7OC0Q,KS441K2756CXYXBG990G,KS1218W78FGVPVP2KXPX,KS125F678LV2KB3Z5XW0,KS125ZB6BWF5RY40BH1B,KS1217P66NK6BW72M9FH,19131910,32131526,32101110,32131520,32171011
UL4AE6YA8S2D,KS441BC5YT1GQ4HXZ09S,KS1239Z71LLXDMTGRJ5S,BGS5F5731FFF643E6004,KS120RN6FDTS9FLCH3T0,BGS308C5B01C1FD01632,27101024,27121510,11131312,27111214,24151217
BKHSSCRTP08I,KS123X777H5WFNXQ6BPM,KS120HK5XY6JV257QLTX,KS121V86NH536HS571SR,KS122B071LMGXVTT3Z91,KS122CH79G2KSBRRJHTN,20131312,11211112,17141810,20131214,20131216
UUZZ3H3NN6B0,ESC30CE730D2C915B3D0,KS122556LMQ829GZCCRV,KS7G2PN6Q42WPLR91C09,KS1280B68GD79P4WMVYW,KS1259D6L30YYG3XR3VL,17171610,24161010,12101010,17141110,17141910
JCDGGHOHS5OK,KS1254V6DMQJKRXCVVDP,KS123X777H5WFNXQ6BPM,ES2F712D74818EF2888E,KS1218W78FGVPVP2KXPX,KS128F265DV4XTBR70H7,19121416,32131312,19161111,19121011,19161110
BXPFYJL4YKFJ,KS128066XVJ3VBR23R8W,KS127PY6XCQSQ6R44N9K,KS126PF6PJY1N0ZX5R0P,KS122HK6LN2MZHFY69GJ,KS1200578T5QCYT0Z98G,13101010,20251110,23121010,20251510,23171528
O7PNUD53QE5E,KS1212B6QR5SK1LSD4S4,KS441K2756CXYXBG990G,KS1217R6SMDJ0WQHN6LK,KS127D361PF0FTXDZ7C4,KS1280B68GD79P4WMVYW,32171011,32131510,14111117,32171017,14111115
879JMQ48B890,KS123X777H5WFNXQ6BPM,KS4418462TTGKL3CWJHT,KS121056X529461ZF6XW,ES8B03DAD3B526316ED9,KSKJX44T33B6D4UCC8CB,12111112,32151014,32161420,20231210,12111111
IDBX287GT76I,KS122D66ZXYMB2T0HT81,KS123X777H5WFNXQ6BPM,KS127D361PF0FTXDZ7C4,KS120LH6DHTBJYVLFKB3,KS123DP6JFXMPMKNCLG4,25111110,25131710,25111518,18192110,25131810
IVWACKLN9TLY,KS1259D6L30YYG3XR3VL,KSN97GEUHPNGNAQFDCGY,ES3C8650B6A0820DAFF4,KS127QD6R8SVZFYYKLLM,KS1219K6K2NY0V711DDD,23121010,23121311,23121310,23111410,23171528
856U0RKTOC19,KS126HY6YLTB9R7XJC4Z,KS124QR6F19BX4WPMW1H,KS122J56PZMMFL1SVY1F,KS441LG5Y8XGW9TP7B4W,ESBA29D2D0B143905837,19111012,19111010,19111011,12131213,19101010
MJOIEZZG6DLM,KS4413K71NZC1B6F29NJ,KS124QR6F19BX4WPMW1H,KS44086772RVPJQ1SVW6,ES72D57E1BC4BB22BBB0,KS126966H39MX8JKF9TX,25131410,32161311,25131710,25131810,25111510
JPK4W0KQ8SJQ,ESE7CF2084EE07193255,KS4425C7820LCHZS7VGX,KS122PT6RKPQ5KLM3XYH,KS126TT5X14LXC9KC03X,KS441S06L3NZBK0D6JM8,25111510,23121010,23111310,23101010,23161012
6SZO61LQONEW,KS1225T78D0DRPVFYRC6,ES76F4C57A88877D6D64,KS122VL71WF050TPW0V7,KS1206Y6W7F5JS3VBTFL,KS120W86KJ30NQJCQ3ZP,24131313,16141210,19101010,19141311,19111012
8WZE4EX6U86Z,KS125C05ZSYGWN3V1DXK,KS1207D5ZZHHQZ7JBD7G,KS1200H6XYN1CR0G5NZ0,KS1225T707CD39S7QHV4,KS1217R6SMDJ0WQHN6LK,16141210,32131011,16141110,27121210,27101110
8L12QFAF5KCI,BGS25C310251AE22BB97,KS1217P66NK6BW72M9FH,KS1228M6S0Q13JW8NV10,KS123SS6LVFYNXQPGJZW,KS124QR6F19BX4WPMW1H,11171111,11171019,11211010,11171010,11181011
AFI41JIP23RB,KS121W46CJXQ5ZQ506MS,KS121BS6QFLZVY39PMHD,KS4420D71YWJJ5Y4Q45N,KS120016K8T4NSLN5Q6K,KS1282X64QGHTFWQ8J2Y,16141210,15111011,26131014,23131312,27121210
I874U77W9A8L,KS1239W6QZKL1H0TF1TJ,KS121Z26S4VJLQ1WXN21,KSQ39IM6T1T6MCGAI2LO,KS440ZZ6HJGY92HPTWCV,KS1228M6S0Q13JW8NV10,19131211,12101212,19141112,32171011,12101010
SWXKQTQ36ZPM,KS1218V6D1NWTXTCWP33,KS1212B6QR5SK1LSD4S4,KS1227N6MSF1WZ4B566W,KSCH2TPBQX91532Y3Q8E,KS122556LMQ829GZCCRV,23161012,23161015,15111013,32151014,23101010
6WZS3T60RJIW,KS120SR6WD1FP76Z6GC2,KS441BJ6LNS1QCJHRMTW,KS4425C7820LCHZS7VGX,KS122B071LMGXVTT3Z91,KS123LB6XZYR844HMWHH,17141810,33121010,26151214,15111013,24151313
RV0LG92MJEQA,ESEE2583C4CF7E349529,KS4425C7820LCHZS7VGX,KS440045X27RP8QM0LDX,ESCA52100E7DBDF47A7F,KS1201W79NJW2J5ZQDFV,24161220,18151314,15111013,32161416,21111110
YSU51EPXU7B6,KS1233Q61BQ1MC9Q1WZL,KS6BHUUCL5070F9M86BZ,KS120XP636CB5432F5TP,ESEAE801D753FD7B7877,KS1217P66NK6BW72M9FH,24141110,32131111,12121210,12101212,33131113
5XDKU6JEDAD3,KS1281M7573BG4S5QKMT,KS1218W78FGVPVP2KXPX,KSPW6SYT2CM7EW9VBP1H,KS122J56PZMMFL1SVY1F,ES30385E45104DAD5234,20321111,20291110,20321022,20321019,20291010
1CAO8W81AYUA,KS126Q66JF4NMYT5JGK2,KS1227P6FBK34WLH6X8Z,ES5F80D4A3BDF9BB9069,KS1203V5WXB7NG26XSR8,KS1287M692W39DYZN8ZZ,19111012,24111610,19111011,19111010,19101010
MB4BLDQLQ1WM,KSQPGV2XZO8UMNCC49LK,KS121BS6QFLZVY39PMHD,KS121DV68XQ3HX9FLNCW,KS121056X529461ZF6XW,ES8BE0063D3F5F9870F4,23171521,15111011,23151010,23171710,32121010
ZCOTOHP6VZ41,ESEB1D4619E6E83A061D,KS123X777H5WFNXQ6BPM,KS1227V6GK3GDKLR52KN,KSDMUMHE63DLB9OKKW37,KS7G2F36GFX1K55V6GK4,21121310,32161010,16141210,21131010,21121410
QB09UW8PDWXE,KS125RW6ZWZ8DLT13SNR,KS122556LMQ829GZCCRV,KS48FY6GXFMZXZ067DJ0,KS1227V6WBR3BH3SJYSZ,KS121FD72ZG62L4LVSF8,32161010,21131110,11131110,32151014,21111110
4E5BCIDL8LGH,KS12027766237GNG6G37,KS122B071LMGXVTT3Z91,ESEAD990853AF1B98D21,KS122556LMQ829GZCCRV,KS7G2FX6L5L0NXGGHKMH,23151010,23171541,26151114,20291210,23171544
UEIHX74D0GJY,KS1218W78FGVPVP2KXPX,KS122QS6KJ569XHB35P3,KS124G66QWSYM012SWS5,KS44086772RVPJQ1SVW6,KS124JC6CHGJ6YGD3JJ7,32171011,32171017,11191111,32131510,23111310
TDCJS924W7W8,KS44086772RVPJQ1SVW6,KS120406FZSMTZF4M5SH,KS1282T6VG8BBVGX6ZS8,ES899BA440FA3441F22A,KS120HK5XY6JV257QLTX,19101010,19141311,19141110,19141112,19101012
IA9RU3PC0OXI,KS122W96T2T9J5PZ0VMP,KS122556LMQ829GZCCRV,KS123S46J5HRBLZRMRJ0,KS123S56FC3XXY8Z264X,KS680KR72KH02C5GM5TY,19141311,19101010,23171521,19141110,19101710
GGJAOYU534Q4,KS1280B68GD79P4WMVYW,KS127W26ZXHHV5G8M4HQ,KS122B071LMGXVTT3Z91,KS4401T642KKKL4FQJMF,KS127X46B0N8TMBNN61S,25131410,32161311,32161313,25111510,25131710
2H6SGL5WR6ZE,KS8TZKP9VYNK6DT5LGN2,KS121YT64JHV8Q1MLFRH,KS440LQ6G9FXYT6C7SWN,KS4407N6CMTCYT0NYSVM,KS122VL71WF050TPW0V7,21161310,21161211,21161110,21161210,21121110
A8JC3MZWTY25,KS123X869MDB5374BK8S,BGS1ADAA36DB65721AA3,KS122556LMQ829GZCCRV,ES87885D4EDB576917C4,ESCD8443577A42E8AB72,11161610,11151110,25112110,11181210,25111210
05N9HCZDQ3W6,KSXWN28IFPJ1X0FIT97Q,KS1248N67V89TD6KBPT4,KS9859HJ5UHFJ7ODS0ZM,KSQPGV2XZO8UMNCC49LK,KS123VY5ZW3319SF7RLL,19111310,19101512,19101022,19101611,19101511
L1S2QPKGRMM0,KS441K2756CXYXBG990G,ES7DB275A5BCAC8BEA63,KS128BF6TYRZLF58T01Z,KS1259D6L30YYG3XR3VL,KS1217X6TT5N14H0N0P4,11211010,14171410,26141210,32131516,11211016
C9LUERJQENBD,ES3C8650B6A0820DAFF4,KS441DK5ZDF8Q8FWL19R,KS441S06L3NZBK0D6JM8,KS125S36C8SFQ912VYBS,KS4415Q73VS3SSZ1Q4VN,11111215,11221117,13151010,36111318,23161012
M86R4YL1W9JP,KS127RT62P0W9B6Y0LTY,KS440Z26T60HXNGBDLL2,KS1219677F286BXFPBNC,KS127D361PF0FTXDZ7C4,KS125F678LV2KB3Z5XW0,32131612,32131520,32131611,32131516,32131518
Z52OHKBM00E9,BGS980AF7AB8E539DACB,KS1206Y6W7F5JS3VBTFL,KS122556LMQ829GZCCRV,KS121Z26S4VJLQ1WXN21,KS1200578T5QCYT0Z98G,16141210,19101010,19111012,19111010,19141311
CKONRHHKYCQ2,KS120L16S3RLJ82VQ08H,KS7G3VS6MGJLL0NX5BY6,KS125LS6N7WP4S6SFTCK,KS124G778RBH736MX5J1,KS124H46Q2PP8YC1WQ06,23171510,16141210,23171541,11131314,32131011
JD2V1L1VJ35Y,ESED820E6065D9AA8D6F,ESE4F7DFFFF4E8145229,KS1203V5WXB7NG26XSR8,KS1233L6BGZ6R7D2FX0H,KS121YT721BY2F3M5YDR,16141210,19111011,19111010,16141110,16141410
8MTK0RSOGGY5,KS126X663B21NB77ZHSP,KS1282N6NQMZ95M1HJ7L,ESEB1D4619E6E83A061D,KS1219D70RKFPH4CC8KN,KS4425C7820LCHZS7VGX,23171310,23171410,27111320,11221117,11111012
CTSUFLSEHUDS,KS1238C6TNLKQR5C59QG,KS127D361PF0FTXDZ7C4,KS127CS79GV081FMJYKZ,KS124046TRJDP25WFPYC,ES4E3148857AA502599E,11191413,32131512,23101113,27121112,27101011
8MDD4V30T9NT,KS120LP6CBTTJSY8HRC8,KS441846K903WT1RYDKJ,KS127D361PF0FTXDZ7C4,ES73AC9E5FE14A3E022A,KS440RJ64ZK5DCBYW21Y,32111110,19101611,14171910,19101512,19101022
FA4AFM3MHPDP,KS1289C6QS0TSSB4PNGG,KS1203W702ND09XHKJR5,KS1267F6MSPN366LX7ST,BGS728518228C0E9B62C,KS7G2F36GFX1K55V6GK4,11221117,19141112,19101010,19131211,19141311
DW29PHBCHUAT,ESEB1D4619E6E83A061D,KS4401V5WX78L6JX0NW7,KS1281M7573BG4S5QKMT,KS7G55M6TRB1N24LW2P5,KS122556LMQ829GZCCRV,23171528,23171710,23171524,23171541,23171540
FWBEBY4UBZCZ,KS1200H6XYN1CR0G5NZ0,KS128HP65N6N70YV5ZM7,KS120HL62LT111PDC7HS,ES6A85F7857B9B6BDE81,KS1220C663NX0Z4Q78P1,32131520,19141311,19101010,32161416,32131526
YRHKKNNAEO01,KS680KR72KH02C5GM5TY,KSQPGV2XZO8UMNCC49LK,KS126HY6YLTB9R7XJC4Z,KS123MC78KV644P5DDZ0,ES9CE6A016FE0E20A92B,27121013,27121014,32161416,27121011,21131010
WF1TQV0R095U,KS1249W5XCGQDS6DV3R1,KSE4ME2Z9GRO05SLM3CR,KS7G2F36GFX1K55V6GK4,KS7G4ML61B2JX1H1003Z,KS7G8G66BTD4V8K3NCVF,16141210,32131011,16141110,27121210,23171310
8KKLSEAUZVMM,ESF520D61BA7F0946F97,KS1203V5WXB7NG26XSR8,KS1218W78FGVPVP2KXPX,KS441786F0PS9RV3QBS0,KS12752715S2P1XNBR43,19111310,19101022,19101512,24131326,19111012
5AKG06GKABCZ,KS125BH5X5W0R09ZW3B7,KS124QR6F19BX4WPMW1H,KS125F9784GQ819LH2GL,KS120RN6FDTS9FLCH3T0,KS123X777H5WFNXQ6BPM,23141111,19111011,23161012,23141110,23161013
HGH5XW6T1OXH,KS123MC78KV644P5DDZ0,KS126D668BLGSC15GFLS,KS128J16JN44MV9TPN7W,KS127RT62P0W9B6Y0LTY,KS122VW78Q67XR4C3ZDW,32131612,32131520,32131611,32131516,32131526
S224EQKQ7MOU,KS1218B62M9QRBY8WRSK,KS1254G739VBXHP430DV,ES36BB7D95D0BF489852,KS122YN6108R0RSDXXRC,KS121YT721BY2F3M5YDR,27121313,27111214,27111222,27121210,32131011
FHS2QJED48Q5,KS1208P6ZMZ4N872Y7X5,KS441PL6JPXW200W0GRQ,KS126SW5ZZYP3HXXPX1X,KS681V963XLFV9712PMG,KS127D361PF0FTXDZ7C4,19161012,19161111,32161010,23131115,19121711
GATJ9TZE5R5U,ESF33377FEB029256815,KS125LS6N7WP4S6SFTCK,KS122VP5W9LZ8TRNFJY0,KS125MK6L8XN70ZS40ZY,KS120PP6GL94HJDMN0TQ,27121210,32131011,16141210,27121510,27111222
KDST7OJBQPLB,KS1203W702ND09XHKJR5,ES32FA076CE75DC246FE,KS124JB619VXG6RQ810C,ES6307DDE7C7ABFDEA76,KS126QY605N7YVHFYCTW,23171541,23171524,23171528,23171716,23101113
CLPDIXCVTFHA,KS1226Y6DNDT05G7FJ4J,KS440ZZ6HJGY92HPTWCV,KS124JB619VXG6RQ810C,KS1224W5XSXCJBNSLLVX,KS1253H61TTR1FZWSRH4,27111320,27111318,33131114,27111314,26131114
B0G3YVOLLLMJ,KS1218W78FGVPVP2KXPX,ES1E6E52B1EC24E20E6E,KS680KR72KH02C5GM5TY,KS1238H659P08Z726BK8,KS122D55YS3TD1RVCTTS,27121313,27111214,25131710,27111222,27121510
KQ9MGM5P39VH,KS122C06Z8NDM5G6NYNT,ESA8BCD0C9989DF26B7B,KS4403M6G36JQNJ4BT9Z,KS1200H6XYN1CR0G5NZ0,BGSD663E7801D0013709,23151010,19131910,19131911,23171521,19131713
FBDWU1G7PNDX,KS121Z26S4VJLQ1WXN21,KS123B75Z8CKNHP05L6Y,KS122W96T2T9J5PZ0VMP,ES3C8650B6A0820DAFF4,KS122J56PZMMFL1SVY1F,36161117,36161120,36161124,36161112,23171521
EL8MWOB4FDD7,KS1282D5XHVCTX67JJK4,KS121W46CJXQ5ZQ506MS,KS1263K6Q6PD5NLKJ42V,KS120SR6WD1FP76Z6GC2,KS121W46N4VQRL4M1NZ2,11211010,11211014,11211211,11211016,11211210
GBJWAVLFDJYU,KS1225T707CD39S7QHV4,KS1218W78FGVPVP2KXPX,ESFA9982A2A945E439CB,KS1218B62M9QRBY8WRSK,KS121YT721BY2F3M5YDR,12101210,12101212,12101310,27101110,21131010
6KDD49IK3TDW,KS1225S77RQ7T10BMPXN,KS127D361PF0FTXDZ7C4,ESB6859F09DF2E149CC9,KS126C26VWW3SXG5RHX9,KS1201W79NJW2J5ZQDFV,19101012,20341110,19141311,19141111,19101010
U4IN2KQVB3LT,ESA91D8112EB9ECA3570,KSQPGV2XZO8UMNCC49LK,KSKG9OA3NDST6929VROF,KS123FS6SM7YBY0BS2T7,KS122CH79G2KSBRRJHTN,11211112,18151213,23171521,11211110,25112110
N9F7QA1VIQ63,KS126HY6YLTB9R7XJC4Z,KS124G66QWSYM012SWS5,KS1203W702ND09XHKJR5,KS127D361PF0FTXDZ7C4,KS127D361PF0FTXDZ7C4,19101010,19111010,19141112,19111011,19131910
83MTEBDUD8T7,KS122J56PZMMFL1SVY1F,KSKJX44T33B6D4UCC8CB,KS1218W78FGVPVP2KXPX,KS120GV5ZXR64CJLL1J4,KS1225S77RQ7T10BMPXN,27121313,27111214,27111222,27121210,32131011
56W0MQA1CCYY,KS1203W702ND09XHKJR5,KS120KK6YQY9YQSK6DKW,KS122556LMQ829GZCCRV,KS441JM6PR848J3HYJDK,KS123X777H5WFNXQ6BPM,19111012,19111010,19101010,19111011,19141311
33VM89I9GX32,KS123X777H5WFNXQ6BPM,ESB66D2531C59890EF29,KS44175745H9Q0DPBDNT,KSCH2TPBQX91532Y3Q8E,KS124RX787SQ1WVD8XF6,15111013,32151014,23171541,23171810,23151010
QDK9XMA5VIXR,KS1202178XCJM148RWS4,ESBF2963BF2E21ED452D,KS6840J6LR0TLQ86LZJC,KS122556LMQ829GZCCRV,ESC80C5E846C65F847EB,23121010,23171524,23171712,23171541,23111410
W5IXTWGQIO1M,KS121Z2775J1MHNJ03HM,KS1241P6PXRCKTDSWHTV,KS125BH5X5W0R09ZW3B7,ES36F4349696AA6C1AD0,KS1226Y6DNDT05G7FJ4J,15111012,32171011,32101110,32131510,32131526
HVMLJEKBVXSO,KSKJX44T33B6D4UCC8CB,KS9A8LU3MUNAP28Q3ESI,KS120RN6FDTS9FLCH3T0,KS1218W78FGVPVP2KXPX,KS122B071LMGXVTT3Z91,36151511,32161010,21121310,15111010,32161416
17KF6JZQF2RK,KS126HY6YLTB9R7XJC4Z,KS125B569R313XT23LHY,KS128CZ6DQ0BHGHP16PW,ES8322E9AC7B77C47894,KS124G66QWSYM012SWS5,23171521,23131115,23131110,23151010,27111320
DT12SBA62TDO,KS126PF6PJY1N0ZX5R0P,KS120HK5XY6JV257QLTX,KS122556LMQ829GZCCRV,KS120RN6FDTS9FLCH3T0,KS1282K6L2GNN4SDY2WN,23121010,32161415,23121311,23171528,23171710
AK8YE71TWD96,KS441XD6SD64S66N8XPT,KS122XQ70C4VY4L06NC0,KS126HY6YLTB9R7XJC4Z,KS1203W702ND09XHKJR5,KS125BH5X5W0R09ZW3B7,25131710,32161311,25131410,25131810,19111011
6Q8SJY5OP9LB,KS120SQ5W4Q57JMD2Y81,KS7G55M6TRB1N24LW2P5,KS125MP70K0J6WFJSG88,ES8F73CC75C618D72F72,KS122556LMQ829GZCCRV,27121313,27111214,27111222,27121210,32131011
ZSS8V5X6E9D7,KS43I7T7CU4Q66EGVQLU,KS123Y170JP7JBSFVBSS,KS1248T6MC5L69MZ2L3R,KS122W8679FQJZW1J18C,BGSDD5FB715C9C84D8AE,34131110,32161416,26131114,17112110,21131010
Z53GWTFCC2SW,KS122C878BM12SQ3QHZ4,KS120VB76P5WB69FVNRT,KS127ZG6DBSF76WF7VYX,KS1263K71W66XVVGKG2F,KS124JB619VXG6RQ810C,23151115,23151111,32151014,23151116,23151114
UF2W7WR1TQZF,KS120Q76Y2F3K6VB11DK,KS123Y170CZM0V5Z3XXB,ESDFA25A5C1E94B79381,KS1225T707CD39S7QHV4,ES26F70DE1799788D6F9,32131011,27121210,27121510,27101110,27101212
9A8RWHO3U56K,KS123Y170JP7JBSFVBSS,KS123DP6JFXMPMKNCLG4,KS1218L60PDVZX16NZT1,ESD6900529C590F09DE6,KS123HX69V95SC2NJZYZ,25111110,32151018,25131710,25111518,19121011
OQ4GNW8Z48LV,KS1203S6MM7GLDM71WQD,KS128866SHL94J005TTG,KS1219462WRQNHNTPZ7G,KS1265M698X7BRS20SWP,KS126HY6YLTB9R7XJC4Z,19141112,19101010,19111012,19141311,19111010
ZFAWTY7KFGHP,ES44C38C0A5850449C4A,KS121Z26S4VJLQ1WXN21,KS128BK6JSSHNT5QDPMX,KS124WD6XB7RT57LR817,KS1218W78FGVPVP2KXPX,20251510,19111012,19111010,19111011,19111212
FFKHDIU1JTKA,KS123HX665YR92MSC607,ES29DDAE9CCE34160768,KS120L96KMYTDJ48NRSH,KSKJX44T33B6D4UCC8CB,KSGQ9QZ5IFB2Q2JYUENP,23171210,23171810,23171541,23171710,32151014
WWIIF86LTHET,KS122CS6VVDJ1FYVYVLJ,ES6978BEA54073B22038,KS125F678LV2KB3Z5XW0,KS122B071LMGXVTT3Z91,KS125LS6N7WP4S6SFTCK,27121313,27111214,27111222,27121210,32131011
NE6YIWDS2SLR,KS122556LMQ829GZCCRV,KS120BV6SR75RBKQH0G3,ESE32E789240D17A61B7,KS1259D6L30YYG3XR3VL,KS1259D6L30YYG3XR3VL,23111410,23112013,23112012,23111310,23112010
ZZ0I0835TVV8,KS7G2F36GFX1K55V6GK4,ESDA73E01740F8D1E2E2,KS7G48560M3J3TR2XHDB,KS124QR6F19BX4WPMW1H,KS121DY6DT8LNYJL7FZ1,25111310,25111110,25111610,19141311,19141314
X25QBRMQG1VE,ESE00213B4D58BD54EC1,KS120626HMWCXJWJC7VK,KS1226Y6DNDT05G7FJ4J,KS1248P6CJ6XH85L8SX2,KS1218W78FGVPVP2KXPX,23171521,23151010,23151016,23151011,23151020
OIQ2Q4QERXDO,KS122J56PZMMFL1SVY1F,KS1259D6L30YYG3XR3VL,KS7G09N768FLPTYZWXWV,KSQPGV2XZO8UMNCC49LK,KS123FD6BP1YLD3WG9FG,18151118,18151212,18151217,26141110,14171410
1KHLUEFCJZ9B,KS441NS6G86NC7BV1S6Y,KS122626T550SLQ7QZ1C,KS1253H61TTR1FZWSRH4,KS1200H6XYN1CR0G5NZ0,BGS1C517ABF56C47E7BE,15101010,15111011,15111013,32121010,11211010
FYO1750CEHLX,KS126M166T8716PPYKSG,KS122626T550SLQ7QZ1C,ESB38820A543FA4E3969,KS1240M65SJHT5832LB0,KSQPGV2XZO8UMNCC49LK,21111510,21121010,21131110,21121410,21111410
H8XAZ8J2P7RN,KS122556LMQ829GZCCRV,KS6840J6LR0TLQ86LZJC,ESA0205803A2A714C766,KS1280B68GD79P4WMVYW,ES73A557482F94D812CB,23171510,23171524,23171712,23171541,23171511
BTRVXOI41UG8,KS122CB6Q88SGJ14VL6X,KS122556LMQ829GZCCRV,KS121TR61G9J1BMSLHH5,KS120P673NGR38JRSK67,KS1263K71W66XVVGKG2F,32151013,32151015,16141210,27101212,25101010
LQBK2WHZ3M21,KS126SW5ZZYP3HXXPX1X,KS4401V5WX78L6JX0NW7,KS12027766237GNG6G37,ES44C38C0A5850449C4A,KS127D361PF0FTXDZ7C4,19111012,19111010,19111011,19111212,12131213
B4JGRXOZLEL8,KS125TB6YR6236RKM563,KS122556LMQ829GZCCRV,KS1219677F286BXFPBNC,KS1217P66NK6BW72M9FH,ES8112FBBD916F633942,23151115,23151111,23151114,23151116,23151112
ZQW6L87PSCH8,KS124VJ71BKMYXC1PP09,KS123YM600CLQQD1GP56,ESB0AB78FB583BC6B1B0,KS125BH5X5W0R09ZW3B7,KSPSGF5MXB6568UIQ4BK,23171524,23171712,27101310,23171535,19121416
VJQRWYGS8O79,KS1219S69HLWD9V0GPMS,KS126HY6YLTB9R7XJC4Z,KS1265F6HQJ2KFBS4F95,KS122CJ6ZVCCTTDGYB6B,KS126HY6YLTB9R7XJC4Z,19131910,19131713,19161012,19131715,19131911
ZF8ADF7PCHCB,KS1226L6S9713QWBY5KK,ES76F4C57A88877D6D64,KS120L16S3RLJ82VQ08H,KS126SW5ZZYP3HXXPX1X,KS122QK6TH01FWQ9X8CH,23171510,23171541,11111012,23171514,19121710
Y6DES1KL5EZ2,KS121Z26S4VJLQ1WXN21,KS1203870JVGL4NN4W7Z,KS1231M6M7DML5NQCX8V,KS122Z36QK3N5097B5JH,KS1228M6S0Q13JW8NV10,23171716,23171712,23171524,25131810,25111110
SWEBNVG5VMF6,KS44175745H9Q0DPBDNT,KS4407J75X4WDBY7RGLC,KS123X777H5WFNXQ6BPM,KS122556LMQ829GZCCRV,KS123J07373VSJ0QY7BN,32131520,32131111,32131526,32101010,32151012
IXHHKFFN16DB,KS125LS6N7WP4S6SFTCK,KS124JB619VXG6RQ810C,KS122TN6QW0F40J15TTM,KS1218W78FGVPVP2KXPX,KS7G4ML61B2JX1H1003Z,11171010,16141210,11171110,32131011,16141110
RTQHNOL3OBOP,ES7DB79B8D8E30056109,KSXFDM4R9Z7SQXYYZZQO,KS686RZ6M19R2T9BJK73,KS120VD5ZH331TPJQYHK,KS7G2F36GFX1K55V6GK4,27111222,27121313,27111214,27121210,27111221
9JPNBZUG0IT2,KS123SS6LVFYNXQPGJZW,KS125RT75ZYS4TCFJ0H8,KS1239W6QZKL1H0TF1TJ,KS681KH79MJLQDPB9T88,KS124WD6XB7RT57LR817,20251510,20341110,20311510,32131510,13101010
VPF9PAVCEDTC,KS1203C6N9B52QGB4H67,KS123JY6R6R7KBQYJ2Y5,BGS33C91FD776084E25E,KS122CH79G2KSBRRJHTN,KS1248T6MC5L69MZ2L3R,18171020,11211112,18192110,18191516,32161416
SDI15H25ZHL0,BGSB0F61BB979B858C1E,KS122GT6JKK1CC52DWGH,KS121056X529461ZF6XW,KS120V86MZWV9Z9LKQY3,KS681KH79MJLQDPB9T88,11171111,20231210,11211010,20231010,11181017
Z74LAV71448N,KS123MC78KV644P5DDZ0,KS7G7LT731301PM8PGN8,KS1203X6ZDCNW2J3RC4X,KS125WR68JRPG2YBFPP3,KS1222G6RD9GBB7Q6FY5,19111012,19111010,19111011,19121416,32121010
610HLSEFGBCP,KS1270P6SLFCFT476Y3R,KS124VF5YCVWCW6NR1Z6,KS1227V6WBR3BH3SJYSZ,KS121BM6VGMJPK7X7938,KS121Z2775J1MHNJ03HM,15111012,19121011,15101113,22101210,22101214
VFUA9BQ1BTR2,KS1226Y6DNDT05G7FJ4J,KS127QD6R8SVZFYYKLLM,KS440SR65FDSYM6XM21G,KS120016K8T4NSLN5Q6K,KS120HK5XY6JV257QLTX,19141311,19101010,19141110,19101314,19101710
AJLTUV67HT2I,KS441SV5VQH13SDLWJZG,ESFEFEFDBA0B3BC39881,KS1248T6MC5L69MZ2L3R,BGSD5A12A6AEDE4360E6,KS121Z26S4VJLQ1WXN21,16141210,23171712,32101010,27101212,32131526
MDB93QXGLI5G,KS120SR6WD1FP76Z6GC2,KS12160602V51N7SJSX8,KS4401T642KKKL4FQJMF,KS4407C6SJKLF7H0MJP5,KS125F678LV2KB3Z5XW0,32161417,27111210,19171310,21131010,32171213
036B3YQMPUYW,KS126SW5ZZYP3HXXPX1X,KS126DB6T061MHD7RTGQ,KS6OGFO5124T49JOP6GQ,KS126966H39MX8JKF9TX,KS1265F71V3PY4KH0JW5,25131410,25131710,32161311,25131810,25111110
ZQPPOAU8P1WK,KS125VQ6QCVMVXM06L0J,KS126706DPFD3354M7YK,KS125BX6NNXWKKD2M6GY,KS1286T73SZHGSXG52HC,BGSE4F92B253B0FF8F19,21161310,31121010,23151010,21161110,23151215
LZM7ODTLK87N,ES4E55E2CC427CF883C3,KS123X777H5WFNXQ6BPM,KS1200C5XQWW78VQ5ZYL,KS120L16S3RLJ82VQ08H,KS124QR6F19BX4WPMW1H,23171510,23171541,23171524,23171716,23171514
B2I98NKHDLSZ,KS128736G4DTS6WTY4P0,KS122556LMQ829GZCCRV,KS123MC78KV644P5DDZ0,KS1280N6G0RXMWQ29JCS,KS124046TRJDP25WFPYC,11131316,19131610,19131611,32171011,14111210
6H9G9EI2LIMP,ES26F70DE1799788D6F9,KS441S06L3NZBK0D6JM8,KS441BJ6LNS1QCJHRMTW,KS440W865GC4VRBW6LJP,KS1203W702ND09XHKJR5,27121210,32131011,27121510,27101212,27101110
NL0UT5JAYSYW,KS125F678LV2KB3Z5XW0,KS4415H69VWMG9JC170Z,KS441K2756CXYXBG990G,KS440XG6F9DTD3VG7JTV,KS1239W6QZKL1H0TF1TJ,23161015,23161114,23161012,23151016,23151010
UCEFUL6HZMZH,KS1218L60PDVZX16NZT1,ES4E81D4E042F468C897,KS44086772RVPJQ1SVW6,ES76F4C57A88877D6D64,KSMNXY6MPS1EDWJ8P6B0,19131211,19141112,19141311,23111310,19141314
5XYFC4KL8CGN,KS125LS6N7WP4S6SFTCK,KS122556LMQ829GZCCRV,KS4411H6DM87QLDT97JT,ES32D9DAFE37545AE8B6,KS125F678LV2KB3Z5XW0,14111117,21131010,14111210,21131110,14111115
LI6978V0BJWK,KS125F678LV2KB3Z5XW0,KS44218665F5T2N553V2,KS127XJ72BGXXGGHYWWZ,KS125MK6L8XN70ZS40ZY,KS123YM600CLQQD1GP56,19121416,19161111,27111214,27121313,32131011
PYO2M2XIPRTT,BGSD663E7801D0013709,KS4418462TTGKL3CWJHT,ESB88E38DE7767203BAD,KS7G2PN6Q42WPLR91C09,KS121Z26S4VJLQ1WXN21,23151115,23151111,23151114,23151116,11191413
L68NTK63N2QB,KS126D668BLGSC15GFLS,KS1224W5XSXCJBNSLLVX,KS127H05WDKJ5BPKWVH2,KS4425C7820LCHZS7VGX,KS123X777H5WFNXQ6BPM,27111318,27111320,33131114,27111314,26131114
P0NWNTJ5R2SL,KS7G4XR784Q66ZDX1WKL,KS1218H6YTH21VYCT4YN,KS4418H6DF21VK4NHKWB,KS120PP6GL94HJDMN0TQ,KS125F678LV2KB3Z5XW0,19141311,19101010,26111210,19141110,26111010
9GNCTIJH33IC,KS124DX6G31F5M9ZHNGC,KS1215Z6TK2JY562DFD4,KS1241J6ZY2S66SZG3QS,KS1203X6ZDCNW2J3RC4X,KS7G2F36GFX1K55V6GK4,21121010,20251010,21111510,19111012,21131110
JJ6V0PMQF6BR,KS122556LMQ829GZCCRV,KS124CY683WQQPST35WK,KS1278J78X9Q8F9544S8,KSCH2TPBQX91532Y3Q8E,KSGDZ4VMK1WCGQCE1KUT,23171524,23171712,23171510,27121313,23131116
0Y9DOM5IGQPK,KS1284G6MK1552WHSZ32,ESE2D5EA264FB06F5C4F,KS127D361PF0FTXDZ7C4,KS125B477PDM976Q4Q77,KS442216KX06NQ2F1QWZ,32161310,11181011,11151110,25111110,11161310
Q66Q73SMQL2T,KS126706DPFD3354M7YK,KS120VW6JMZHZXZGD72C,KS1287R64YNBZGR50Y1N,ESBF414CCDC9807C7CB2,KS1259D6L30YYG3XR3VL,32171028,33141216,32101117,20241212,23161012
U3VVBQEVFPVU,KS7G09N768FLPTYZWXWV,ES6C29DABFE2921A7EA3,ES8B03DAD3B526316ED9,KS7G09N768FLPTYZWXWV,ESDC58629CA141F03F92,19101010,19141311,19141112,19131211,19141314
MA57CRCPJ8R1,KS124DX6G31F5M9ZHNGC,BGSADA90D2986CD3E35B,ESCA20E43F8CF426D784,KS122ZY767SXP12641Q1,ESE78ADAE3F63E197E13,23131110,32131111,23131115,16131015,23131112
78RAPKIANOUO,KS128866SHL94J005TTG,BGS1ADAA36DB65721AA3,BGSD663E7801D0013709,KS125F678LV2KB3Z5XW0,KS1203B66DJG8T72WTJ4,18191516,18151213,11221117,18121012,18151012
O6L1F90S9BP4,KS440W865GC4VRBW6LJP,KS1203W702ND09XHKJR5,KS127YF631YF6JYZNX9P,KS123Y170JP7JBSFVBSS,KS440K266YPXFVKMWMCR,32161010,32161416,27111214,27121313,27121013
XYPHWHM54XR8,ES3EFC93721B8E5BDC8D,KS126HS6R7MH1W08PMVR,KSKJX44T33B6D4UCC8CB,KS128HP65N6N70YV5ZM7,KS123X777H5WFNXQ6BPM,23171521,23151010,23151020,23151016,23151011
AP50SW1OQ9RQ,ES72D57E1BC4BB22BBB0,KS126DB6T061MHD7RTGQ,KS120RN6FDTS9FLCH3T0,ESDF44DC766ED1E22E32,KS126PF6PJY1N0ZX5R0P,23121010,23121311,23171528,23171710,23171534
JKSL66UML3SO,KS13USA80NE38XJHA2TL,KS123MC78KV644P5DDZ0,KS120V86MZWV9Z9LKQY3,KS126D668BLGSC15GFLS,KS120ZX7019J4V8DHBTM,23121010,23101010,23111310,23101110,23121311
KKYNLCKLLZSS,ES41C5D53D141AF340F9,BGSDD5FB715C9C84D8AE,KS122556LMQ829GZCCRV,KS126X663B21NB77ZHSP,KS1241P6PXRCKTDSWHTV,14111210,11221114,32161416,26131114,32151013
ER90MWB4LL3K,ES8BF765BE1CF35E2DA0,KS127D361PF0FTXDZ7C4,KS43I7T7CU4Q66EGVQLU,KS123ZJ5X02D3GL6CNQT,KSG93F6C91OV9CE3YXO5,36161117,36161120,19101010,36161112,36161124
OZIT4MM186ZU,KS441ML6ZTK71MVYGP67,KS1228M6S0Q13JW8NV10,ESF6784E14B1812D7FE4,ES8B867675B7DA42B6CF,KS125F678LV2KB3Z5XW0,23171528,23171541,23171710,23171810,23171540
C2GUWJP0QI2C,KS680KR72KH02C5GM5TY,KS124QR6F19BX4WPMW1H,ES44C38C0A5850449C4A,ESBC7D7BC515C776E8FC,KS122556LMQ829GZCCRV,19111012,19111010,19111011,19111212,12131213
PZGSVANRY632,ES6307DDE7C7ABFDEA76,KS4408B63YLMTBV766R1,KS4LL1EBNO7YQ6BSVNIW,KS120BV6SR75RBKQH0G3,KS1241G62S9DC91TPGZK,24151311,17181310,23111410,23112013,23112012
67J2DG1WJUII,KS681KH79MJLQDPB9T88,KS123X777H5WFNXQ6BPM,KS125MK6L8XN70ZS40ZY,KS441K2756CXYXBG990G,KS12261765GM37CRV9VS,20341217,20341227,20301010,20271010,20131312
LND581LTO4RQ,KSX7P09OI655CWYTVMN8,KS121Z26S4VJLQ1WXN21,KS122XQ70C4VY4L06NC0,KS122Y174MLT2HYVMJDP,KS1248T6MC5L69MZ2L3R,25131710,32161311,25131410,25131810,23171528
KSD1JCPTZZZ6,ES93F8B89DCFEB3D8E20,KS120S36QQBPH0DVX6SV,KS126D668BLGSC15GFLS,ES33261378BDFE41B93B,KS122ZF75YVNLXW1BN4Q,11171010,11171110,20271010,11181010,11181017
GBOPH2V9MSK0,KS125PW63CYJ98C5YNLZ,KS127R26PVSGVL35D7L1,ES2CC185FC27BC0DF8FE,KS1238C6TNLKQR5C59QG,KS1254T6VZ25D2NZX05S,14111118,22101214,22111215,22101213,22101210
XCX1W80WIIXR,KS126S86N4K800BJBTQP,KS683TD6K9QRLNY1PHN1,KS1217P66NK6BW72M9FH,KS120XP636CB5432F5TP,KS1203C6N9B52QGB4H67,16141210,32131111,16141110,23131010,27101212
WLC33H8G8T92,KS121W46CJXQ5ZQ506MS,ESAED33A88E0B6BD8EE9,KS1245R6XZNLCYVQFDM8,KS441K2756CXYXBG990G,KS7G0PW6D0N7DHW3YXF6,22111416,22101312,22101311,22111415,22101310
WE4C1V47LZN9,KS122B365W41ZC27H30Z,BGSF03BDC3FAA6CC43D6,BGSBC6553CCF3F292F02,KS124VR68PRNLVLWXYZ1,KS128J35W8FRP96V80DS,19161111,25111110,19161012,23101113,25131810
1ZOPQZFO30X8,KS121CQ6SNKYY3CT7146,KS127PY6XCQSQ6R44N9K,KS1289C6QS0TSSB4PNGG,KS1203C6N9B52QGB4H67,KS123X777H5WFNXQ6BPM,13101010,20251110,20251510,11171016,20341110
049ENULQJIDK,KS441626TDSV2J6GBB86,KS124JB619VXG6RQ810C,KS1280B68GD79P4WMVYW,KS125F678LV2KB3Z5XW0,ES7A07CF87C516875B23,23111310,23101115,23101010,23111810,19131211
4SX27DCBHHLK,KS122556LMQ829GZCCRV,KS121JN70DB9VHC8T9GN,KS7LO8P3MXB93R3C9RWL,KS1264Z76VQV2ZW2MB02,KS7G1436FGQL5KJBVH2C,27101212,16141210,32131011,27121510,27121210
SNBTI22NV01Z,KS125MK6L8XN70ZS40ZY,KS120GV6C72JMSZKMTD7,KS127QD6R8SVZFYYKLLM,KS120NW68F2HJMBWBCF8,ES8B03DAD3B526316ED9,11221117,32131526,32101110,32171011,11221115
7DYPMLVAK9W9,ESB38820A543FA4E3969,KS126HY6YLTB9R7XJC4Z,ESBC7D7BC515C776E8FC,ES2EB32133DBFBDEFF8C,KS1215Z6TK2JY562DFD4,32131210,32151012,21161211,18171021,23111310
VV7RMN41R7CX,KS122B071LMGXVTT3Z91,KS123ZJ5X02D3GL6CNQT,KS1211V6GRWJSJKY4L6L,KSPW6SYT2CM7EW9VBP1H,KS125F678LV2KB3Z5XW0,19111012,19101010,19141311,19141110,19111010
GLBD0XQTQV8E,KS121FD6V0JF1LKMF37Z,KS123X777H5WFNXQ6BPM,KS125F678LV2KB3Z5XW0,KS44175745H9Q0DPBDNT,KS441Z979P36J786B1T8,21131110,21111110,25111110,32161416,32151018
U5BO81241UWN,ESB13CB1EF6E7151141A,KS1217J6B5FTXYYNSTZY,ESA420F05EBBD34B3C2A,KS126HY6YLTB9R7XJC4Z,KS120Z470N04DCZV5SSD,21131010,21131110,21121210,20271110,13141111
M5HGBO06FHRX,KSKJX44T33B6D4UCC8CB,KS125RT75ZYS4TCFJ0H8,ES72D57E1BC4BB22BBB0,ESFA9982A2A945E439CB,KS125H26P1ZTQSB90SPN,23171528,23171710,32131510,11211010,32131520
WUCX67XKWQ0Y,ES76F4C57A88877D6D64,KS13USA80NE38XJHA2TL,KS126KM6B6MSWNZDVR14,KSZX7YZWNR5IDR1I2VMZ,KSKJX44T33B6D4UCC8CB,23101010,23111310,23171528,32101211,23171541
P3T53XR9D129,ESD45EAB54A83A5255D6,KS43I7T7CU4Q66EGVQLU,KS120LB6XV5409BCQ0NF,KS1217P66NK6BW72M9FH,KS122HN63RD7JX5WNCJ8,23161012,15111013,23161015,23161016,23161210
JHRRRSUYJMIC,BGS30DF8D99417B93488,KS125F678LV2KB3Z5XW0,KS123X777H5WFNXQ6BPM,ESBF3D51B7AF0070EC8D,KS1227P6FBK34WLH6X8Z,14111117,14111116,14111115,14111114,14111210
FPT00E2QMK3U,KS125LS6N7WP4S6SFTCK,KS124G66QWSYM012SWS5,KS128F265DV4XTBR70H7,KS1218W78FGVPVP2KXPX,KS122C46Q68397G8TBNW,23171521,19121416,23151010,32131312,19161111
G0R6W6NCH4H9,KS122PT6RKPQ5KLM3XYH,KS125KL5Z50L4J0MJ95R,KS127PY6XCQSQ6R44N9K,KS1226L6XYT1N27WRYJM,KS1223966G4Q22CCCYC6,13101010,20251110,20251510,23121010,23111310
IB26PZEZW544,KS12027766237GNG6G37,KS4418H63Z3RP725L3BW,KS125KK70GW74FHKWFVQ,KS125F678LV2KB3Z5XW0,KS1231K6ZBL56NSRMTJG,16121510,27101110,16101010,27101212,16121110
65EFUXQ9NJC2,ESE1B279F38C73E025BD,KS44175745H9Q0DPBDNT,KS125BH5X5W0R09ZW3B7,ES653DA9F469DBE107E8,KS124VJ71BKMYXC1PP09,13141111,20271110,13121011,13141012,13141311
BEO4EUTAWJ4G,KS127CH6JNZM7TGM19JG,KS7G09N768FLPTYZWXWV,KS122C06Z8NDM5G6NYNT,BGSDE68143321176062F,KS126HY6YLTB9R7XJC4Z,32131520,32131526,32171011,32101010,32101110
HZH139Q0EP8V,KS120D96FHL88PZDKZKH,ESD2EDF2E51D7C90FD5F,KS121Z26S4VJLQ1WXN21,KS4400Z66ZPBYGSKVLTV,KS1239W6QZKL1H0TF1TJ,23111410,23112013,23171541,23111310,23112014
LMWNMJ0SISJ4,KS1200C78RVN8GGZYVKF,KS1217T73BQWJGX5MZ43,ESA8D57D13B252BFE338,KS1218W78FGVPVP2KXPX,KS440PX70147DD63BTWM,11211210,11211211,11211010,11211014,25111110
J5Q1D7XYLJD2,KS1207Y5XBMWD4PCQWW7,ESD45EAB54A83A5255D6,KS1282V6K6P00L8ZP42P,ES99B020D66F6670BCA6,BGSBB972DCE1F58B4232,11131113,24111010,24141310,32101112,21131010
9179B9NT5DXI,KS126X663B21NB77ZHSP,ES3937EEC3D5D7345412,KS441PL6JPXW200W0GRQ,KSQPGV2XZO8UMNCC49LK,KS120LP6CBTTJSY8HRC8,23171524,23171712,23171541,23171810,23171510
WFCY40XALXEP,KS122VW78Q67XR4C3ZDW,KS121JN70DB9VHC8T9GN,KS123Y170CZM0V5Z3XXB,KSZX7YZWNR5IDR1I2VMZ,KS124QR6F19BX4WPMW1H,19161012,23171710,23171528,23151010,23171541
04X0QZFHOMTZ,KS1203C6N9B52QGB4H67,KS1253H61TTR1FZWSRH4,KS127LV67HCN9PQ947VQ,KS1259D6L30YYG3XR3VL,ESD38F64F4838A47FBBD,21111412,21111010,21131010,21111110,32161417
E11E9FTAXP0W,KS123X777H5WFNXQ6BPM,KS126N85X7GWLVFQDDYL,ES93B57691B92F1190C2,KS120B874P2P6BK1MQ0T,KS7G0S16FTG6TB0QZD2F,24141110,32121312,32161416,32161010,23171310
E1Q5MS7UPSPA,KS124QR6F19BX4WPMW1H,KS124VJ71BKMYXC1PP09,KS12752715S2P1XNBR43,KS1267F6MSPN366LX7ST,KS124WD6XB7RT57LR817,20251510,20341110,20341227,13101010,20251110
WYTAU731QX4Q,KS7XETJMZTTE8HS4J7SL,KS1287R64YNBZGR50Y1N,KS122556LMQ829GZCCRV,KSQPGV2XZO8UMNCC49LK,ESEB1D4619E6E83A061D,23121010,23121311,23111310,23121312,23121310
O55QY6ORRE93,ES6942CD173CAA05BA26,KS126V0690FS8FFVY4M3,ESA3F0428E1E082505D6,KS440QS66YCBN23Y8K25,KS1203W702ND09XHKJR5,32101113,19111012,23171521,27111222,19111010
M242YHFE5WMD,KS122556LMQ829GZCCRV,KS123MC78KV644P5DDZ0,ESEB1D4619E6E83A061D,KS126LB63HNSY7XKDH0B,BGSDD5FB715C9C84D8AE,32161416,26131114,26111210,26111010,32151013
O61XN8DK13ZP,KSQPGV2XZO8UMNCC49LK,ES5269FD2583B0B9875C,KS125MK6L8XN70ZS40ZY,KS1200H6XYN1CR0G5NZ0,KS47ZFZPB8JBKAM9WK3A,23131115,23131110,16141210,16131015,16141110
08P1R3CL4H9D,KS121YT721BY2F3M5YDR,KS1218B62M9QRBY8WRSK,KS1280B68GD79P4WMVYW,KS123YJ6KVWC91BTMB4R,ESDBE903059CD049B5EA,32161416,32121312,21161310,21161110,32151013
9XDYQ8D7WGXX,KS121ZK72969ZMWZX55X,KS122556LMQ829GZCCRV,KS122556LMQ829GZCCRV,ES39BE30A2F5A24C6515,BGS4CB8E2CDA540F62D4,19161111,20131216,19121711,20131312,23121010
6M033IFHV1XG,KS1253H61TTR1FZWSRH4,ESEB1D4619E6E83A061D,KSGDZ4VMK1WCGQCE1KUT,KS122C06Z8NDM5G6NYNT,KS1218W78FGVPVP2KXPX,23171524,23171712,23171510,23131116,23171541
HG5UGHNBJN2E,KS1228M6S0Q13JW8NV10,KS125PR73HNP7LH485XT,BGSDD5FB715C9C84D8AE,KS124RX787SQ1WVD8XF6,ES3887D0EF43C2DFE14D,32161416,23151115,23151114,26131114,23151215
8E9RIVH6T1NT,KS44086772RVPJQ1SVW6,KS1218W78FGVPVP2KXPX,ES87885D4EDB576917C4,KS123X774FHZ0G0HGX65,KS1218H6JY4J8RS4VJ78,11111010,11221117,11111015,33131010,33121010
0X65MUFM8ZOV,KS1217R6SMDJ0WQHN6LK,KS125F678LV2KB3Z5XW0,KS1280B68GD79P4WMVYW,KS1218L60PDVZX16NZT1,KS1265F71V3PY4KH0JW5,27111320,27111314,14111117,23111310,27111322
PT55HTY6XNGD,ESF9FAA3EBAA9D563B26,KS122556LMQ829GZCCRV,KSKJX44T33B6D4UCC8CB,KS127M36PQPZLCDRJ5FB,KSKJX44T33B6D4UCC8CB,36161117,36161124,36161120,36161112,36161110
71I5DP13E09W,KS123YJ6KVWC91BTMB4R,KS124685Z7C03V020F5V,KS124JB619VXG6RQ810C,KS123Y170JP7JBSFVBSS,KS43I7T7CU4Q66EGVQLU,19141311,19101010,19141112,19141314,19131211
11NAE2DWBNUL,ESE32E789240D17A61B7,KS122SG5Y0Q5YQM7V8KT,KS128B16WQ7F1T5KVPGS,KS4410173TZ609WJBC60,ESE1E004B5D6600C4F7B,19111012,16141210,19111010,19111011,12131213
UA4DQXIN6727,KS1254T6VZ25D2NZX05S,KS120626HMWCXJWJC7VK,KS125F678LV2KB3Z5XW0,KS1220G68PD5STH2DL2W,ESDC58629CA141F03F92,27111320,23141111,23141110,32101010,27111314
LVO2Y93FM348,KS125B569R313XT23LHY,KS123B75Z8CKNHP05L6Y,KS122556LMQ829GZCCRV,KS120GV6C72JMSZKMTD7,KS121CX75Q8F638ZCJVZ,36161117,36161120,36161124,36161112,36161110
LX6VYM6QGOVU,ES20CECA4FF83ECE8196,KS1200771D9CR9LB4MWW,ES26F70DE1799788D6F9,ESFB6F6182E69DA80843,KS43I7T7CU4Q66EGVQLU,27121210,32131011,27121510,27101212,11171016
8YOUGE4OF633,KS124DX6G31F5M9ZHNGC,BGSA4D7CD0B47984D29A,KS121W46CJXQ5ZQ506MS,ESC1166A9FAE0B23BDCA,ES9B28818B5A93E66199,16121510,32101121,11171012,11181013,11191610
BHMYX2PPQLA1,ESE1B279F38C73E025BD,KS1280B68GD79P4WMVYW,KS1219D70RKFPH4CC8KN,KS440PV6FRJ90X0QFNLY,KS1226Y6DNDT05G7FJ4J,27121210,27121313,23171310,32131011,27111214
LLQHRKMRFSF7,KS4418371TN1X41T1P3G,KS125MP70K0J6WFJSG88,ES20CECA4FF83ECE8196,KSSX35B8FAQRTCSXXNAH,KS121BS6QFLZVY39PMHD,27121313,27111214,23171521,27111222,27121210
UC8EYLB0WVY2,ESFA9982A2A945E439CB,KS121BS6QFLZVY39PMHD,KS1226Y6DNDT05G7FJ4J,ESFA9982A2A945E439CB,KS1259C5ZCWP0W21KJ6Y,15111011,15101010,32121010,15111013,23151016
WM9Q7FTMFWG8,ESD2D457783B84F78E33,KS1227G66P02RR405S78,KS122PZ78FKG9GL2NL9Q,KS120M66NZ5TCZHDHYDQ,KS120PP6GL94HJDMN0TQ,27121313,27111214,23121010,27121210,32131011
XQ7XL886P5XH,KS121FS74TYLW9WC52YR,ES3E15C15A1A5B6B7CB5,KS4417C64SBZ4MTY17ZL,ESB17C5AF46AFE08157D,KS1200H6XYN1CR0G5NZ0,19111310,19101512,19101022,19101611,19101511
F6NXXX5F6Z61,KS123Y170CZM0V5Z3XXB,KS121YT721BY2F3M5YDR,BGS1E1B7E03C22EE6F65,KS1200H6XYN1CR0G5NZ0,KS121YT721BY2F3M5YDR,19161012,25112110,18151213,27111320,19141114
NKX5ZT5TT9KA,KS440D46TXLZWJB033XL,ES1C53496B6F1ECEDD9A,KS121Z26S4VJLQ1WXN21,ESB38820A543FA4E3969,KS1224W5XSXCJBNSLLVX,27111214,27121313,27111222,27121210,27111221
F3QW2KDOFFWS,KS123HX6YG0PPBXV3922,KS120265WKHSMJ6HYX8P,KS120GV6C72JMSZKMTD7,KS122YH5YF1SZ2KC4GQQ,ES9E9A9565C329709A50,16141210,23161012,23161015,32151014,32131011
GURT1RWVNGCF,ESAB2C2E5E7E78A3527D,KS120SQ5W4Q57JMD2Y81,KS1253Q66NQSNHM7JR49,KS126D668BLGSC15GFLS,KS126256R04NWVG6Y5C0,27101110,32131011,27121210,27121510,27101212
UCZH9IER7U8H,KS122TP61TV16099MSY3,KS120MJ6M2QPPH3P1SYP,KS680KR72KH02C5GM5TY,KS120WQ677W47TWMCBB2,KS127D361PF0FTXDZ7C4,19111012,19111010,19101010,19111011,27111222
MZNMXBFHDQMK,KS441K2756CXYXBG990G,KS122556LMQ829GZCCRV,KS1264X6Q6902BJMLNCB,ESE00213B4D58BD54EC1,KS1267F6MSPN366LX7ST,23171521,23151010,23151011,23151016,23151020
9LZX8UBES81D,ESED820E6065D9AA8D6F,KS1203W702ND09XHKJR5,KS126966H39MX8JKF9TX,KS441BH75STN9KC2VVNH,ES6978BEA54073B22038,25131410,32161311,25131710,25131810,25111510
O8WYAQTFLVM8,KS122X96FRP16VD72VY6,KS124QR6F19BX4WPMW1H,KS441FM75ZDSSYXG6M84,KS120RN6FDTS9FLCH3T0,KS128BF6TYRZLF58T01Z,20172010,23151115,20171810,23151111,20171811
B28MCLICE7W6,KS44175745H9Q0DPBDNT,ESFA9982A2A945E439CB,KS128BX6GWS9P27Z6TS2,KS1218W78FGVPVP2KXPX,KS127D361PF0FTXDZ7C4,18151213,11151010,18151510,11151110,32131210
AB38LSTU0CGF,KS440XG653B0ZK3926JF,KS125SS6Z01PYP99SN5G,KS1265F71V3PY4KH0JW5,KS1248T6MC5L69MZ2L3R,ESD7836352EB8CBD25E9,23161116,17171510,27111320,23161114,17141110
RTW3FH72NMCE,KS4408Y6Z3ZC4BKRBP4Z,KS127JM79FJ5MC2D5VH6,KS1218W78FGVPVP2KXPX,ES3937EEC3D5D7345412,KS681KH79MJLQDPB9T88,23171524,23171712,23101013,25111610,25111310
83O3FO22ZJ71,KS125RT75ZYS4TCFJ0H8,KSKJX44T33B6D4UCC8CB,ES8F73CC75C618D72F72,KS123Y170CZM0V5Z3XXB,KS1218W78FGVPVP2KXPX,32131510,32131526,32131520,32171011,32131517
S52SQ3B9SO0U,KS122556LMQ829GZCCRV,KS1265F71V3PY4KH0JW5,KS122556LMQ829GZCCRV,KS127ZG6DBSF76WF7VYX,KS441KY68HKGKKH509BV,32161012,27111320,27111314,33141214,19121416
QDQX6QD0771H,KS126966H39MX8JKF9TX,KS120LJ622LFWG8DCSDG,KS1253Q66NQSNHM7JR49,KS7G1P76W2FRM88BQFJN,KS4420H75G906GRK0QJZ,25131410,32161311,25131710,25131810,25111510
ULSXL8NV9UZI,KS126HY6YLTB9R7XJC4Z,KS123MC78KV644P5DDZ0,ES2E1268012A0ADF9849,KS4401T642KKKL4FQJMF,KS1244J76BBG2CTNYHYR,11191013,23171712,23171524,18161310,23171511
YBOVAKHEJLA0,KS120S36QQBPH0DVX6SV,BGS794951D216441A250,KS1265L70H9YLN04L9JX,ES1B33296DDAE6EFAC74,ES9BD12EB76B360E0E89,27111222,27121210,27121313,27111221,27111214
WJAI9C2BVS3K,ESB38820A543FA4E3969,KS123MC78KV644P5DDZ0,KS1287R64YNBZGR50Y1N,KS120NW68F2HJMBWBCF8,KS127M36PQPZLCDRJ5FB,23161012,23161015,23161210,23161016,23161013
IJI934QPVBXS,KS1259D6L30YYG3XR3VL,KS124FP642Q7P7TBPPZN,KS125F678LV2KB3Z5XW0,KS1280B68GD79P4WMVYW,ESE1B279F38C73E025BD,27121313,27111214,27111222,27121210,32131011
SGQ9WERX6TP9,KS124TG6C6GQ3RGYBJ3G,KS122W179TCW8RVX29ZR,KS124185YLQVDB991J8N,KS1259D6L30YYG3XR3VL,KS123MF6JT9PVPX9HHXS,22101214,22111215,22101213,22101210,22111216
7U1NVMEAGWP8,KS121JN70DB9VHC8T9GN,KS4421L67RTQNMYFS4YK,KS122HN73YRF173K22RP,ES5515E43EB7FBC6BB6A,KS120WN5YJQ2HKQ3K2DR,25111110,25111610,10131210,32161010,19161111
8INNU7PGGMIN,KS4411H6DM87QLDT97JT,KS127D361PF0FTXDZ7C4,KS122C06Z8NDM5G6NYNT,KS123MC78KV644P5DDZ0,KS128BF6TYRZLF58T01Z,14111210,14111117,11211010,14111115,14111116
3LNKOH67P7Q4,KS125ZB6BWF5RY40BH1B,ES20CECA4FF83ECE8196,KS1200H6XYN1CR0G5NZ0,KS1203W6419RJG2KW4QS,KS123YF66G4KR0SSVY8R,19111011,19111010,19161110,19161012,19111012
JEYN9382KKZM,KS125F678LV2KB3Z5XW0,KS122NQ78JV15M7TG886,KS1203T6J7F2P3TG6Y6K,KS1244K68C6XP7VF1ZCX,KS1218B62M9QRBY8WRSK,12101211,32171011,32101110,21141810,32101010
I3QK2IAGL58K,ESFA9982A2A945E439CB,ES1A0EF1D2E6E3AF96D8,KS128J35W8FRP96V80DS,KS120WN5YJQ2HKQ3K2DR,KS1218W78FGVPVP2KXPX,32161010,16141210,32151014,21111110,32151018
JE1E3DYYWZL0,KS7G6D96PMHVV7MGQ3QS,KS1253H61TTR1FZWSRH4,KS4425C7820LCHZS7VGX,ESB7D4D9034BC8B2CAB1,KS441K2756CXYXBG990G,23151215,32131111,23161111,23151214,23151016
4GHDOMSPFQLF,KS121XX660DWPDPRLVW2,KS128B16WQ7F1T5KVPGS,KS122555YNWMN79XR7DH,ES1EF4AF228ED8A16B17,KS121JN70DB9VHC8T9GN,19111012,19111010,19111011,12131213,21111210
NTP8AK8S2XQU,KS124QR6F19BX4WPMW1H,KS1203W6419RJG2KW4QS,KS120SQ5W4Q57JMD2Y81,KSJF3PBD3995K6E0OF1Z,KS122556LMQ829GZCCRV,19111011,19111010,23171521,19111012,23151010
SBRP14XHL5V3,KS7G0S16FTG6TB0QZD2F,KS1200H6XYN1CR0G5NZ0,ES2F712D74818EF2888E,KS120RN6FDTS9FLCH3T0,KS441CX6CZY2D4TXL570,32121312,23151115,23151114,23151112,32161010
RZCV3HRQA9VZ,KS44086772RVPJQ1SVW6,KS1265C642JXF57FCJCH,KS126X663B21NB77ZHSP,ESD2D457783B84F78E33,ES48DC8725830674E88F,27121313,27111214,27111222,27121210,27121414
RBRXDY633M23,ESA07D21A5578570F177,KS440PS5X9N45NZTNVXY,KS126V0690FS8FFVY4M3,KS4417B6T81Z90ZV8RVW,KS125PC6JNQW658X4N1G,19111310,19101022,19101512,24131326,19111012
G7FBV2I6OEUH,KS124JB619VXG6RQ810C,KS120ZD60D0C13NZ0W00,KS1218W78FGVPVP2KXPX,KS1253H61TTR1FZWSRH4,KS1278F6TTW1TC16FWJY,32131523,32151020,20111310,32161416,11211211
92SJP753K48O,KS1253H61TTR1FZWSRH4,KSQPGV2XZO8UMNCC49LK,KS122T77647GHV6KTWNM,KS4419X5ZRKVGF6RWG6Y,KS44175745H9Q0DPBDNT,19101022,19101512,19111310,19101511,19101611
JU9F51NI4EUB,KS125MK6L8XN70ZS40ZY,KS121VR64BNM0199PPCN,KS1206V6K46N1SDVJGBD,KS1270P6SLFCFT476Y3R,KS1218W78FGVPVP2KXPX,16141210,20331017,16141110,32131011,27121210
JQ7W7JP61LFC,ESBF952629C36426E564,KS4424364KPJX7Q4X3YC,KS123YR5XXWF2B1L80CG,KS1218W78FGVPVP2KXPX,ESAEEF5760144B8210FD,11151110,11151010,23151215,11151210,23161111
01DVVH6SD4H4,KS122556LMQ829GZCCRV,ESFA9982A2A945E439CB,KS122556LMQ829GZCCRV,KS122W867PQYM4N75YWR,KS124685Z7C03V020F5V,19101010,19141311,19141110,19111012,19111010
PU45B3AX743V,ES38E4DE8DCF54349FAE,ESE4F7DFFFF4E8145229,ES4835CD9EFFEBD3D953,KS122556LMQ829GZCCRV,KS127D361PF0FTXDZ7C4,16141210,16141110,16141410,23131010,14111117
5Y5FNX74SSD1,KS1220K62VQK9KS7ZVWS,ES4F3066B292407C9754,ES899BA440FA3441F22A,ES8F73CC75C618D72F72,KS1203W702ND09XHKJR5,23151010,23141215,23171521,23151312,23101011
9PCIFLWDR3VW,KS127D361PF0FTXDZ7C4,BGSDD5FB715C9C84D8AE,KS123X777H5WFNXQ6BPM,KS126HS6R7MH1W08PMVR,KS121CX75Q8F638ZCJVZ,32161416,26131114,19181312,19161111,32151013
C856WPR97Y2L,KS125MK6L8XN70ZS40ZY,KS440ZT7088TCC7ZLSMN,KS1205767R47RZSQ9RHY,KS440PV6FRJ90X0QFNLY,KS1218W78FGVPVP2KXPX,27101212,16141210,32131011,27121510,27121210
8DS03VNA31XB,KS120XP6CN6P1K86V6DZ,KS128FQ6BBT0M5LXV7GH,KS440Z26T60HXNGBDLL2,KS122556LMQ829GZCCRV,ES2EC8932A157A788D11,21131110,32161416,21111110,32161010,21111210
P4FC06HGFLVT,KS122Z36QK3N5097B5JH,KS1282W6V4RX7LC1FDH9,KS124L170B43108HVVP6,KS122556LMQ829GZCCRV,KS124F463KMJQGJ9DGGV,27121313,27111214,27111222,27121210,32131011
JJV8LRZSUZPO,KS127PY6XCQSQ6R44N9K,KS1225S77RQ7T10BMPXN,KSQPGV2XZO8UMNCC49LK,ES501046F1CC91CBA0D3,KS1253Q66NQSNHM7JR49,13101010,20251110,20251510,20341110,20341227
NI747X202VMB,KS123CZ6V1JC5FBNXX42,KS126JK71DZNR1PY50NP,KS440416LJHKZHQY4ZB9,KS122556LMQ829GZCCRV,KS120F870XKPK0RFTKMC,36161117,36161120,16141210,36161112,36161124
S7XSV18F6FTS,KS1200X6V3937RSF8VVM,BGSEAF6E0E78844C6F59,KS1267F6MSPN366LX7ST,KS1281M7573BG4S5QKMT,KSK4DR360GY525L76R7K,23171541,23171810,19141112,17101110,13101010
N9KR2FVB66H3,KS441426CFWZY06WC1J6,KS1218B62M9QRBY8WRSK,KS441FR6L2YYQLPZBQRC,KS1200H6XYN1CR0G5NZ0,ES72D57E1BC4BB22BBB0,32131311,26111210,26111010,11211010,11111010
ZIEPO772NRCM,KS1208P6ZMZ4N872Y7X5,KS440W865GC4VRBW6LJP,KSNZWKEHKHI8AO84T47R,KS122B568MKWX1K9STGP,KS1224T622RDZPJ1JJY7,11131110,32161416,32161415,32151014,32131211
HWEKQDVNAB87,KS1264K793QY5Q1BSXNF,ES72D57E1BC4BB22BBB0,KS126HY6YLTB9R7XJC4Z,KS124GV78MYQ469S38M8,KS1256W6MPKRNM11QMPM,11211010,11211014,18191316,11211211,27111222
A2HZTEIWWCW6,KS121W46CJXQ5ZQ506MS,KS121Z26S4VJLQ1WXN21,KS127D361PF0FTXDZ7C4,KS120GV6C72JMSZKMTD7,KS122M265VBKQ5BFJXYS,21121410,21141110,12131213,32151013,32161418
36QSTTGIQT67,KS121FF73FPRD54WNWG8,ES8F73CC75C618D72F72,ES6A7D291D9512E8EAF5,KS120W86MGP2XXV2NDCC,KS1282K6L2GNN4SDY2WN,32161010,32161416,19101010,19111010,19111011
SX502UPVSF5Y,KS120HK5XY6JV257QLTX,KS7G0DQ67KZ6M95B3V5T,KS124G66QWSYM012SWS5,KS121CX75Q8F638ZCJVZ,KS125F678LV2KB3Z5XW0,21111510,21121010,21121110,20251010,21131110
N5ZANEO9VAXC,KS121Z26S4VJLQ1WXN21,KS4401967TXYW7DXV8QX,ES25EC3E78EC23883293,KS7G0D05ZQPM0NFXJSBP,BGS728518228C0E9B62C,32171018,32171022,32131525,11221117,32161416
ADOTIWTLINJ1,KS1253H61TTR1FZWSRH4,KS1208P6ZMZ4N872Y7X5,KS122Q960QYMW3YH0YWF,KS44175745H9Q0DPBDNT,KS7G4ML61B2JX1H1003Z,16141210,32131011,16141110,27121210,27101110
Z8W8A5K8XEH8,KS120PL63HT8CXQ6LPDR,ES70CD6E89F6DAD8F319,KS125HM6044N46LPQLH1,KS122P86NZFH1GP38G15,KS1260Z65N8M6X90F45Y,32151014,32161414,32161416,23171528,32161415
IVK0B73BHH85,BGSBC6553CCF3F292F02,KS7G2F36GFX1K55V6GK4,KS121CQ5ZTC3C77PYYVL,KS1287R64YNBZGR50Y1N,KS1222G6RD9GBB7Q6FY5,23171541,23151016,23171810,23171521,32161416
9UZ1KKTDNUMV,KS683SQ6ZD2227YN4C93,ESE7356DBB48E236BBEB,KS121YT721BY2F3M5YDR,KS1220C663NX0Z4Q78P1,KS1241P6PXRCKTDSWHTV,32131520,21121010,32131512,32131516,32131526
MGVU4ISOTN9U,KS7G7LT731301PM8PGN8,KS7G16D61SMNKDQZLKSV,KS7G2FX6L5L0NXGGHKMH,KS1203C6N9B52QGB4H67,KS1259D6L30YYG3XR3VL,24151313,24151213,24151222,20291210,11221117
Q7QRERIKA7LX,KS123HX6YG0PPBXV3922,KS1200H6XYN1CR0G5NZ0,KS2MF0PKLNOMTDBZ0S7Q,KS123Y170CZM0V5Z3XXB,KS126CB5Z7YH40VZCP5Y,12101212,12101010,12101210,32151018,19161012
QCYH207X887L,KS440HG71DHMZX7FDNH9,KS126X663B21NB77ZHSP,KSQ99JKTZ4VRBARWNW2X,KS1218W78FGVPVP2KXPX,ES75560E7CE0414F93E5,23161012,15111013,23161015,19161012,23141111
DHE709HKD6K7,KS1228S6YKWXMH4M4DL7,ES3059A62D4FF54CD4ED,KS1203B66DJG8T72WTJ4,KS120C76T2L99X2YNKS3,KS121XY60R6Z5C3R172K,21161211,21161310,21161210,25111110,25111610
PRX05H3K7UJJ,KS1218W78FGVPVP2KXPX,KS122556LMQ829GZCCRV,KS441NW6L8RQ4GD0HFRX,KSKG9OA3NDST6929VROF,KS440C365HRHPM9VQDFF,11211010,11181017,32161416,11211014,11211211
XUJ3AC6PE63L,KS6840J6LR0TLQ86LZJC,KS1224W5XSXCJBNSLLVX,KS121YT64JHV8Q1MLFRH,KS440C365HRHPM9VQDFF,KS7G2F36GFX1K55V6GK4,21161310,21161211,23171524,23171712,21161110
MMXIXV6CKMAL,KS1281Y6QHJ8PQLHTZ6R,KS124MH6ZSZDFV5XXYQ4,ESF0C01F4A5BE2D33EAF,KS1282R607CFYF1FWJ74,ESCD8443577A42E8AB72,11161610,20291110,11151110,11181210,23161012
6VGTVYFYK3MD,KS120FG6YP8PQYYNQY9B,ESC80C5E846C65F847EB,KS120Z470N04DCZV5SSD,BGSADA90D2986CD3E35B,KS121F56HCNN8HS317LM,13141011,13141111,13141012,13121011,23141011
SJH3HIPC9SPW,KSCH2TPBQX91532Y3Q8E,KS126X663B21NB77ZHSP,KS1219261TYVPMGX8KVQ,KS1200H6XYN1CR0G5NZ0,KS7G2PN6Q42WPLR91C09,15111013,32151014,15111011,32161416,24161010
E0OF37FD3MWG,KS127FH6RY182W88Z7JM,KS4403H60RHC7598V94K,KS126966H39MX8JKF9TX,KS1208371NK2B6GZJCSL,KS120CQ6TKQJZ8JQRSN1,25131410,32161311,25131710,25111110,16101410
A2IZ5P3VOB5A,ESB38820A543FA4E3969,KS1258B6FBG9B2CQ169N,KS44175745H9Q0DPBDNT,KS120HK5XY6JV257QLTX,KS440PW66NNLYJ09D6MC,27121510,27121210,27121313,32131011,27111222
ITIFXZIU6HUL,KS123FF6ZJD7NDMHW0WL,KS124CH623PFBJS8T5KM,KS128BF6TYRZLF58T01Z,BGS166A638195D1E2BAE,KS1282R607CFYF1FWJ74,23171521,32101110,32131526,32101010,23151010
2BH1A4OGN378,KS1284B609S18XT8N058,KS1203W702ND09XHKJR5,KS440726NL4QJRHCMR43,KSKJX44T33B6D4UCC8CB,KS125MK6L8XN70ZS40ZY,11221115,26151214,11221117,26151114,19101010
NLS4SZXQ1K1Q,KS1217R6SMDJ0WQHN6LK,KS1254R6D2Y03RHKCVHR,KS1241L6JYGTH7JV6N2X,KS1219N6Z3XQ19V0HSKR,ES2B622E9BDD0AABB07E,23161012,23171510,23161015,21121010,21121210
A9U18MD3SZXD,ESAEEF5760144B8210FD,ESA3DC3A6FC3AA2C0559,KS121YT721BY2F3M5YDR,KS122YN6108R0RSDXXRC,KS127TM77R0Q3WRTVT0T,32161010,32121312,32161416,24161010,32151018
ZGJVB2YT9L6T,KS122556LMQ829GZCCRV,KS1235W6HWFKFTM31M45,KS123VY5ZW3319SF7RLL,KS123KV5XCDSJW5YWGYQ,KS123HX6YG0PPBXV3922,19111310,19101512,19101022,19101611,19101511
GV812HNC0I4X,KS440PV6FRJ90X0QFNLY,KS122556LMQ829GZCCRV,ES54FF95D64680219EA5,KSY50ITV7USNV22UXUK7,KS123Y56VDHMZ288XX1W,21121010,21131010,21131110,22111416,32171012
JJ9VYNHCCY7B,ES9BD12EB76B360E0E89,KS1227V6WBR3BH3SJYSZ,KS123X777H5WFNXQ6BPM,KS441WR70H19FJWZ44P6,ESB5B8DE9634A95EB739,32161416,32121312,12101216,32151014,15111013
G6G04JGSQOF3,KS1218L60PDVZX16NZT1,ES89DA852E2A4AFE0BD2,KSQPGV2XZO8UMNCC49LK,KS441K2756CXYXBG990G,KS1266X5W6791WSRJMVC,11211010,18151014,11171016,11171015,18151212
CMEYP17X89NA,KS122Q96S1LT3253TW3H,KS1218D6LYZ1Z647NCW2,KS1207164CW5X2SJPW43,KS122556LMQ829GZCCRV,KS121T569X502KJPS0F3,16141210,19161111,23121010,23101010,19121011
1P7XHZ2FDNPT,KS121Z26S4VJLQ1WXN21,KSQPGV2XZO8UMNCC49LK,KS127D361PF0FTXDZ7C4,KS121Z26S4VJLQ1WXN21,ESE00213B4D58BD54EC1,23171521,23151010,23151011,23151016,23151020
G9H8LYK0VGL2,KS124VP65VSFMX87DD66,KS1227P6FBK34WLH6X8Z,KS122556LMQ829GZCCRV,KS122LP5Z969YKTZ5R6C,KS441PQ64HT13P34T8T5,23171310,23171410,27111320,15111013,11111012
W1ARVYXTUYL0,KS440JG6WST2V8SD4K2Y,KS127TJ5WC2Q9Q8NG2PC,KS1206V6K46N1SDVJGBD,KS127RT62P0W9B6Y0LTY,KS1218W78FGVPVP2KXPX,32131612,32161416,32161415,32131520,11161310
365RD46WKECB,ES8B03DAD3B526316ED9,KS1258B6FBG9B2CQ169N,KS441136MW75GNS0NQW9,KS123MC78KV644P5DDZ0,KS1200H6XYN1CR0G5NZ0,19101314,19141311,19101010,19101313,17141110
50SXKUAQ6XCB,KS125F678LV2KB3Z5XW0,KS1281M7573BG4S5QKMT,KS1259D6L30YYG3XR3VL,KS1228M6S0Q13JW8NV10,KS126HY6YLTB9R7XJC4Z,36151511,21131110,32161416,12101212,15111013
6IT1EKKH0UHK,KS121BS6QFLZVY39PMHD,KS440726NL4QJRHCMR43,KS4418D6RW4837XPT884,KS125Y56NVLHFG3L1H8P,KS1218W78FGVPVP2KXPX,19121416,19121414,19121511,19161111,19121110
31ZVW07TT4LH,KS122555YNWMN79XR7DH,KSBLWK2MV120ZA9RXZZA,KS120Z7639SCP3GZQV40,KS122VT6S2JJ5C5D80NF,KS1206Y6W7F5JS3VBTFL,16141210,22111215,26102110,32131011,16141110
F9S9EHWHG0U4,KS127JM79FJ5MC2D5VH6,ES70CD6E89F6DAD8F319,ES1C3E9E36DE37417D5C,KS121056X529461ZF6XW,KS440XG653B0ZK3926JF,25111610,25111310,25111110,25111518,14122010
HXTDQY89FIQ0,KS1218W78FGVPVP2KXPX,KS123Y170CZM0V5Z3XXB,KS4420H75G906GRK0QJZ,KS125F678LV2KB3Z5XW0,KS1200H6XYN1CR0G5NZ0,23171528,23171541,23171710,19161012,23171524
M52GCF9SPQDN,KS124216XT0CJXQQND1F,KS120016K8T4NSLN5Q6K,KS1203W702ND09XHKJR5,KS122W96T2T9J5PZ0VMP,KS4DOAH8RJ88A8BZ4EY6,23171521,23151010,32171028,23171710,11211010
E40KZUJ2XORV,KS1258F6VFFDYRTK8L0Y,KSOVUQHJIJAIHI0SZNZ3,ES7924580B83F9FC2E20,KS125MK6L8XN70ZS40ZY,KS126XZ6BYTV21BFBQZ7,27111214,27111222,27121313,27121210,27111221
36KOF8KRD5EQ,KS441726FF2HBJTL448F,KS120RX61Z1Z2DHXR4H6,KS1256W6MPKRNM11QMPM,KSODK33CRU6GAS0O46M4,KS1263Z67N5R9KSP7CQT,27111222,11211010,27121210,32131011,27121313
5JTV75SSUMH0,KS7G09N768FLPTYZWXWV,KS1200H6XYN1CR0G5NZ0,KSQPGV2XZO8UMNCC49LK,ES8F73CC75C618D72F72,ESEB1D4619E6E83A061D,32131520,32101010,32131311,32131526,32131510
PK2U4AVPMX5L,KS1281M7573BG4S5QKMT,KS124JB619VXG6RQ810C,KS121Z26S4VJLQ1WXN21,KS125F678LV2KB3Z5XW0,KS123SS6LVFYNXQPGJZW,26102110,25111110,26141910,14141210,25111810
HDIY4NRMQYZ6,ES70CD6E89F6DAD8F319,KS441K2756CXYXBG990G,KS120PP6GL94HJDMN0TQ,KS1282N6NQMZ95M1HJ7L,KS121FC62SMJJD40TYZ4,23171310,13141111,20271110,13121011,32171011
3QI3URNJEK91,KS120FG6YP8PQYYNQY9B,KS126256R04NWVG6Y5C0,KS124GV78MYQ469S38M8,KS124JB619VXG6RQ810C,KS122556LMQ829GZCCRV,23151010,12101210,25111110,12101212,26141910
E3ZIEXOGXVX9,KS127D361PF0FTXDZ7C4,BGS7111D60AD914D55FF,ES9C4BA42EEF41C08D62,KS123Y76D7JBC3TT7S7W,KS440PV6FRJ90X0QFNLY,26101519,19101010,20321022,19141311,19111012
Z7CN0EQWMI6K,ES6C29DABFE2921A7EA3,ES932A5EE6AD7069CE61,KS120BV6SR75RBKQH0G3,KS1226Y6DNDT05G7FJ4J,KS7G2F36GFX1K55V6GK4,19101010,19141311,19141112,19131211,19141110
RRHF4ABUFWBU,KS127TD6X5C909DYQ765,KS127YF631YF6JYZNX9P,KS1212B6QR5SK1LSD4S4,ES4E81D4E042F468C897,KS1267F6MSPN366LX7ST,32161010,32161416,21121210,21131110,21131010
YYFK31AVPM6D,KS125PC72CJK6RF79Q6B,KS122X96FRP16VD72VY6,ES899BA440FA3441F22A,KS1219462WRQNHNTPZ7G,KS126706DPFD3354M7YK,22101213,22101214,20172010,22111211,19141112
JYYIIR41G20D,KS124QR6F19BX4WPMW1H,KS121BS6QFLZVY39PMHD,KS120P66TSZZ3X8G19X1,KS1282R607CFYF1FWJ74,KS7G747655VG23WXMS9B,23171510,15111011,21121110,21121010,15101010
DXC6RIJKQ2ZU,KS7G4ML61B2JX1H1003Z,KS4425C7820LCHZS7VGX,KS1281M7573BG4S5QKMT,ES63AE994B2676802AED,KS128716PCLBYDMS1KR5,16141210,19101019,19101310,19101022,32131011
SMZOCXMZMZ2K,ESD6B3E26476FDF09DE3,ES4F42CA14B21F271165,ES3A9408ABAD9C286489,KS1239W6QZKL1H0TF1TJ,KS1217P66NK6BW72M9FH,27121313,27111214,27111222,27121510,27121210
NVBZW5APMXD6,KS120VC7108H86J50CYW,KS127ZG6DBSF76WF7VYX,ES71C18378814E6740D6,KS1276T5ZVB4Q66TM92D,KSKJX44T33B6D4UCC8CB,23121010,23101010,23111310,23121311,23101110
4Z7J8HWE2C7M,KSQPGV2XZO8UMNCC49LK,KS122B071LMGXVTT3Z91,KS122BL6107G2Z27JWJW,KS121056X529461ZF6XW,KS1218V6D1NWTXTCWP33,27121210,27121510,27101212,32131011,27121313
B7L8V1ZOCFI4,KS440Z26T60HXNGBDLL2,KS123X777H5WFNXQ6BPM,BGS44C84DFC79A18FF55,KS1218D6Q96XWYJL7BSX,KS7G2PN6Q42WPLR91C09,36111110,25111110,11121110,25101110,17121013
IMJ70E3P15AH,KS1238H659P08Z726BK8,ES39E5C01E1593CE9E72,KS125YN6Q0889MQ6ZZ9M,ES51980193663083AED5,ESE32E789240D17A61B7,27111214,27121313,27111222,15101115,27121013
BJT4ZF3D4D32,KS122C75ZS8C6M5LGL4J,KS4407J6G3HPTRRSNZR6,KS127NB6VPTVSF9N875L,ESE15CC456BBE39C7196,ES4D1994458481F3A438,32171029,15101116,14111115,32131527,17141110
O100VHMYGTY3,ESE3DCB914A93A90AA1D,KS128G96M9GTV4HH0MBS,KS7G4ML61B2JX1H1003Z,KS122556LMQ829GZCCRV,KS7G4B36HF83RTCXV4QB,25131410,32161311,25131710,25131810,25111510
GGGKYCSNU966,KS121W46CJXQ5ZQ506MS,KSQPGV2XZO8UMNCC49LK,KS680KR72KH02C5GM5TY,ESF8B51924E0AFA05771,KS4403M719YNXLXBSCH9,23151115,23151111,19151011,23151116,19131910
065AFU20VMAK,KS128066XVJ3VBR23R8W,KS120KX6PMTQF19QTFPT,ESDA73E01740F8D1E2E2,BGS5AACE1002F4F74CA7,ESE7CF2084EE07193255,22111416,32161311,19141311,22111215,23161012
WDRKUPCJ8MO7,KS441846K903WT1RYDKJ,KS123DG61YD6FCBK57FR,KS1241J6PC0N3DT65QG8,ESFA9982A2A945E439CB,KS4401T642KKKL4FQJMF,21131110,21131010,21121210,21121010,21121110
1SEM5PSPU69C,ESE1B279F38C73E025BD,KS1217R6SMDJ0WQHN6LK,KS122W96T2T9J5PZ0VMP,KS125F678LV2KB3Z5XW0,KS122X86F4PL77MXPYMZ,20171810,23171521,20171812,20171811,23151010
P4B8J4ZXD82B,KS122W760S3H5X5HNC91,KS123X777H5WFNXQ6BPM,KSTRQ5SU1EX0XEK7VPT6,KS122556LMQ829GZCCRV,KS125Y462DTP41N0WP4M,19121416,19161111,19121011,19161110,23161110
X4SN6SM5RRVS,KS123SZ5ZKHS1PS8XJDH,KS1241J6PC0N3DT65QG8,KSQPGV2XZO8UMNCC49LK,ES7F774162E2780F8ADB,KS1200H6XYN1CR0G5NZ0,21161211,21161310,21121010,21121110,11231010
D4YEO6PPYWH8,KS1210K6DP0XRTSCWMTP,KS1200771D9CR9LB4MWW,KS125WR68JRPG2YBFPP3,KS1282N6NQMZ95M1HJ7L,KS127D361PF0FTXDZ7C4,19121416,32121010,19161111,19121110,23171310
XT6YEYXIY47H,KS123X777H5WFNXQ6BPM,KS126C26VWW3SXG5RHX9,KS120WN5YJQ2HKQ3K2DR,KS7AASDV6UOE7VFBGF4D,KS1223966G4Q22CCCYC6,32161010,20341110,32131520,32151014,32161416
I5GSE146OOJJ,KS121Z26S4VJLQ1WXN21,KS1217R6SMDJ0WQHN6LK,KSQPGV2XZO8UMNCC49LK,KS125BH5X5W0R09ZW3B7,KS120LB6XV5409BCQ0NF,23161012,15111013,23161015,23161016,14111117
1BJE9XOAWCUD,KS122F96DJHT3ZXB8FCZ,KS1275J6Z37CB9HL67TC,KS121Z26S4VJLQ1WXN21,KS122556LMQ829GZCCRV,KS125B569R313XT23LHY,23171528,23171710,23171541,23171524,23171540
0T8DHDDCIROW,KS1200H6XYN1CR0G5NZ0,KS122556LMQ829GZCCRV,BGSE6C94826B67AB70AA,ESC9F0E0647E6479F635,BGSBF003CCDF4A1C7477,20311610,20171810,20341110,20171812,20171811
PDTZ91X70FQL,KS121056X529461ZF6XW,BGSDD5FB715C9C84D8AE,KS4420D71YWJJ5Y4Q45N,KS124DQ6JX0NX9DBFDM8,BGSDD5FB715C9C84D8AE,16141210,32161416,26131114,23131312,27121210
Q7JBMJM1FT07,ES44DEB93C6E9EA522BC,KS123X777H5WFNXQ6BPM,ES302F1A0AE7635F9692,KS122556LMQ829GZCCRV,KS123X777H5WFNXQ6BPM,32151017,11131110,20171811,20171810,20171812
Y8UMNW6L4M1T,KS123PM708XTL2N3FJNX,ES6942CD173CAA05BA26,KS1218H6YTH21VYCT4YN,KS128BF6TYRZLF58T01Z,KS122556LMQ829GZCCRV,23171521,19141311,19101010,21141210,19141110
N0MODP9NUFHN,KS1248R6Y5W63Z1JDZCQ,KS121JW5XD3J5438SMXP,ES9BD12EB76B360E0E89,KS120SQ5W4Q57JMD2Y81,KS1207Y5XBMWD4PCQWW7,11131113,32121010,20101510,24111010,20351010
0XJJVHOIQND8,KS122556LMQ829GZCCRV,KS124M46WT8FHW8KT87G,KS440Z1754M82K9VYJFV,KS123S46J5HRBLZRMRJ0,KS1264X6Q6902BJMLNCB,19141311,19101010,24151222,20341221,19141110
U4YQ5TDFGJ7N,KS123X777H5WFNXQ6BPM,ESA0BC4AF23ECB8485DD,KS120BG6ZM1GMLSN3RN2,KS440FS71DJY51ZPZR0Q,KS120HK5XY6JV257QLTX,32131528,19151110,21131010,27101019,32171024
4WU1I7XXEQ58,KS124DQ6JX0NX9DBFDM8,KS441Z979P36J786B1T8,ES4EA33B8D5EB550D13F,KS7G2F36GFX1K55V6GK4,KS440D46TXLZWJB033XL,27111214,27121313,27111222,27121210,27111221
RH5RKLLFVA6A,KS1267F6MSPN366LX7ST,KS123SS6LVFYNXQPGJZW,KSIU1FXQQ29II1P9KOGS,ES8B03DAD3B526316ED9,KS125KL5Z50L4J0MJ95R,19111011,19111010,19111012,23171712,19101016
Z8TRTM477Y6Z,KS1265F71V3PY4KH0JW5,KS125BH5X5W0R09ZW3B7,KS440PS5X9N45NZTNVXY,ES9E89888BCD26131D58,KS1263K6Q6PD5NLKJ42V,23161113,27111320,13101110,17101110,23171539
C8CYNL63GAGU,KS123X777H5WFNXQ6BPM,KS126X663B21NB77ZHSP,KS122556LMQ829GZCCRV,ES76F4C57A88877D6D64,KS124JB619VXG6RQ810C,32131526,32171011,32101110,32171022,11211010
IWZOD05JH2MK,BGSE4F92B253B0FF8F19,KS125Y462DTP41N0WP4M,KS120SX72T8B5VLXS1VN,KS123X777H5WFNXQ6BPM,KS120RN6FDTS9FLCH3T0,19121416,23171541,19161111,23171810,19121011
QPGB7R3OCWBF,KS123X777H5WFNXQ6BPM,ES7924580B83F9FC2E20,KS121W46CJXQ5ZQ506MS,KS1218B62M9QRBY8WRSK,KS43I7T7CU4Q66EGVQLU,27111214,27111222,27121313,27121210,27111221
PYBUXHWRRVAX,KS440XG6F9DTD3VG7JTV,KS1226Y6DNDT05G7FJ4J,BGSDD5FB715C9C84D8AE,BGSBC6553CCF3F292F02,KS2J81UTI4H984HNF9DX,27121313,27111214,27121410,27111222,27121210
78U42I3P4LFD,ES501046F1CC91CBA0D3,KS1206Y6W7F5JS3VBTFL,KS123X777H5WFNXQ6BPM,KS123X777H5WFNXQ6BPM,KS440Z26T60HXNGBDLL2,16141210,36111110,11121110,32131011,16141110
6IRX3NGHB3CJ,KS12571603WK30XFFFKS,KS1280N6G0RXMWQ29JCS,KS4401V5WX78L6JX0NW7,KS125ND687ZNB659FK3Z,KS122NY60HCYYDXHQGQN,36161117,36161120,36161112,36161124,36161110
FRBOO703B95O,KS120PP6GL94HJDMN0TQ,KS1253H61TTR1FZWSRH4,KS120B874P2P6BK1MQ0T,KS4403H60RHC7598V94K,BGS2E1275F3C96CC1BA8,12101212,12131213,19121011,19161111,12101310
D2KRCNEBCXII,KS123Y76D7JBC3TT7S7W,KS1257T673ND18SQ65DJ,ES25EC3E78EC23883293,KS123MF6JT9PVPX9HHXS,KS1245B69S835T6C8KB4,23131110,23131115,16131015,19101010,19141311
7OGKH50K2T9Z,KS125BH5X5W0R09ZW3B7,KS127C1660W6F87D6YQF,KS1237Q641KJ70G6JZ8C,KS124QR6F19BX4WPMW1H,KS122556LMQ829GZCCRV,23171521,21161310,21161211,23151010,23151020
8EIQETK5LP9C,KS7G3XV6Q7SPD08F3172,KS126706DPFD3354M7YK,KS1218W78FGVPVP2KXPX,KS125MK6L8XN70ZS40ZY,KS1244K68C6XP7VF1ZCX,12101211,21141810,23151215,20231010,21161110
TPN9HT1U37EB,KS124QR6F19BX4WPMW1H,ESDC58629CA141F03F92,KS1238H659P08Z726BK8,ES11CD910322E42D479D,BGS5363C9FF585447FFA,32131312,27111214,27121313,32131313,27121013
PJ0LXWTR1UEI,ESCB38C6B130340D9E34,ES43869431F72FA3328B,KS7G2F36GFX1K55V6GK4,KS440WX6Y1K0R81Y9M8V,KS1225S77RQ7T10BMPXN,23101110,27121510,27101212,27101024,23121010
GA9TA76NFCQM,KS1203S6MM7GLDM71WQD,KS1281M7573BG4S5QKMT,KS1218B62M9QRBY8WRSK,KS120GV6C72JMSZKMTD7,KS126HY6YLTB9R7XJC4Z,19101010,19111012,19111010,19141311,19141110
R17DPUBKPIQN,ESE1B279F38C73E025BD,KS121DT5WLTBVZGKQW4Z,KS120SQ5W4Q57JMD2Y81,ES334E1A00A7BA592E98,KS127D361PF0FTXDZ7C4,13151010,23171410,13151110,23171310,11111012
SLZOB36A7TMD,KS440726NL4QJRHCMR43,KS1258X6TN4MM1GP0SFK,ES9BD12EB76B360E0E89,KS122556LMQ829GZCCRV,ES9E625C2D299C5B9C91,27111222,27121313,27121210,32131011,27111214
QDGBK2L0D1B4,KS1219261TYVPMGX8KVQ,KS683TD6K9QRLNY1PHN1,KS1253D6B27CMTZ496YL,KS442216KX06NQ2F1QWZ,KS122555YNWMN79XR7DH,19101010,19111012,19141311,19141110,19111010
TDY61AA0C5HD,KS1H7C2ZC7LXQQ6UN22I,KS7G5CT61NJMNH0V22KQ,KS1248T6MC5L69MZ2L3R,KS680KR72KH02C5GM5TY,KS127D361PF0FTXDZ7C4,23171524,15111013,23171712,23171716,23171212
PEQYDBPGVV4Z,KS122QH61S50VM1MYT9V,KS126X663B21NB77ZHSP,KS1244J76BBG2CTNYHYR,KS126X663B21NB77ZHSP,KS1241J6PC0N3DT65QG8,23171524,23171712,23121212,23171541,23171510
3BSY3ONX3F86,KS127FQ6L0G5SBYPYZ26,KS1258B6FBG9B2CQ169N,KS1261W6S12LL9NC21GQ,KS1200H6XYN1CR0G5NZ0,BGS8853731CCFF3A6661,19101314,22101213,22111218,19101313,22111415
Y6N7QLBW66V3,KS7G7LT731301PM8PGN8,ESA07D21A5578570F177,KS440ZF78LJ2JS7690G9,KS122556LMQ829GZCCRV,KS120RN6FDTS9FLCH3T0,32121312,11151110,11181210,11161210,32151018
2Y0OY58F1N2O,KS123X777H5WFNXQ6BPM,KS122YN6108R0RSDXXRC,KS122W96T2T9J5PZ0VMP,KS126SW5ZZYP3HXXPX1X,KS124QR6F19BX4WPMW1H,23171521,27121313,27111214,27111222,27121210
DG3C6SCIVUQT,KS441BJ6LNS1QCJHRMTW,KS7G1P76W2FRM88BQFJN,ES8B03DAD3B526316ED9,KS1203C6N9B52QGB4H67,ESD2EDF2E51D7C90FD5F,16141210,16111010,16141110,32131011,26151214
1RDOLPGU8NQP,KS123YJ6KVWC91BTMB4R,ES6C29DABFE2921A7EA3,KS122556LMQ829GZCCRV,BGSD663E7801D0013709,KS4402T6094D6F35MTXR,19101010,19141311,19141112,19131211,19141314
WVSJJCAXOD97,KS7G747655VG23WXMS9B,ES8F0D73ED4F952B6A48,KS123H772TMG4TK4QNZB,KS125BH5X5W0R09ZW3B7,KS120RN6FDTS9FLCH3T0,27121117,27121325,27111210,27121310,11191210
F4S2NI8TNDFW,KS1218W78FGVPVP2KXPX,ES3C8650B6A0820DAFF4,ESAD92AA2437BEF8C136,KS680KR72KH02C5GM5TY,KS1217R6SMDJ0WQHN6LK,23171524,36111010,23171712,23131116,23171541
J7XZY0UQC4WX,ES72D57E1BC4BB22BBB0,ES1C53496B6F1ECEDD9A,KS7G7LT731301PM8PGN8,KS1220J6HKW77MYLLNC0,ES8B03DAD3B526316ED9,23151115,23151114,23151112,23151111,23151116
ATO9BP12UJ3A,KS121416Y3FSJSQY10G6,ESEB1D4619E6E83A061D,ESBF952629C36426E564,KS127R26PVSGVL35D7L1,KS123Y66DNRSJ1QGK9NW,25111110,25101110,19131211,25111610,25111518
B9LZS34JTGXN,KS126QY605N7YVHFYCTW,KS1218B62M9QRBY8WRSK,KS122D46PJ09YVSBV9DW,KS121YT721BY2F3M5YDR,KS1218R6R6HYPC4V8GPP,21121010,20251010,21111510,21121110,21131110
KQ8FKCEK2GPM,KS13USA80NE38XJHA2TL,KS120GV5ZXR64CJLL1J4,KS126966H39MX8JKF9TX,KSQPGV2XZO8UMNCC49LK,KS681KH79MJLQDPB9T88,25131410,32161311,25131710,25131810,25111510
SBU7GE3AI6AY,KS127PD6XH0GQ380FJ3N,KS122F164HPDT3CWVW24,KS1259D6L30YYG3XR3VL,KS121Z26S4VJLQ1WXN21,KS123X777H5WFNXQ6BPM,32151017,25131410,11191413,18161310,32151018
9D18K9VAK1VP,ESD45EAB54A83A5255D6,KS126X663B21NB77ZHSP,KS124986R0H6NGX3SQP3,BGS86A9FE717C2A294DC,KS122QK6TH01FWQ9X8CH,22111415,17141810,22101312,22101311,22111410
GB205HU03Y53,ESCE0C9EA47C719A51CF,KS1208P6ZMZ4N872Y7X5,KS120TB5XW4YS78D2ZM5,ES8B867675B7DA42B6CF,KS122W96T2T9J5PZ0VMP,22111416,23171521,25111510,22111415,23151010
KG8J7W6977XP,KS123X777H5WFNXQ6BPM,KS1227K6DGHN5PZTCDD0,KS1245B75K22FQSVG892,KS125Z26XB67Y67KBRYP,KS1281M7573BG4S5QKMT,11181013,19101015,19101010,19111010,11181014
2KBVSIGBIAF9,ES9E9A9565C329709A50,KS120GV6C72JMSZKMTD7,KS125RF5YH46KGJZ0SP6,ES86C12B1AA904C0F35F,KS120VC7108H86J50CYW,32131511,20211310,32131526,20231210,32131520
IUI9KKHZLM72,ES2133DA6434CF028833,BGSA720E33A12FF07972,KS441FR6L2YYQLPZBQRC,KS1280B68GD79P4WMVYW,KS120RN6FDTS9FLCH3T0,15111011,23111410,23112013,26111210,15111013
7SEPHOMO7RN7,KS123PM708XTL2N3FJNX,KS127M06S0L9QJBRQKQ8,KS127D361PF0FTXDZ7C4,KS122MK65TBR6RDBZL1P,KS1238J5Z67LVF879RRH,27121313,27111222,32131011,27111214,27121210
27PSQZN7XBVZ,KS1200H6XYN1CR0G5NZ0,KS125WR68JRPG2YBFPP3,KS121017533VB8TBLQ9L,KS124LN5XKL1ZL07GG5V,KS121056X529461ZF6XW,19121416,32121010,19161111,19121110,14111210
C7JVLCG1J5EW,KS1229V75JRKRC5S980K,BGS9C28433EB4077C017,KS1218H6JY4J8RS4VJ78,BGSE1BDB50069AC17D56,KS124CH623PFBJS8T5KM,23171521,27101024,27101025,27101110,11131318
6SAPBS22RUW0,KS440PV6FRJ90X0QFNLY,KS13USA80NE38XJHA2TL,BGS91833D85A87367BA1,KS7AASDV6UOE7VFBGF4D,KS126D668BLGSC15GFLS,32171022,27121210,27121313,32101110,32101010
COXZ0OIC67W5,KS120406FZSMTZF4M5SH,KS441DK5ZDF8Q8FWL19R,KS1200771D9CR9LB4MWW,BGS1E1B7E03C22EE6F65,KS1282T5YN1KL80XH49V,19101010,19141110,19141311,19111012,19111010
8QAJXHRMF6M8,KS121Z26S4VJLQ1WXN21,KS1218W78FGVPVP2KXPX,KS125RT75ZYS4TCFJ0H8,KS122556LMQ829GZCCRV,KS126256R04NWVG6Y5C0,32131510,32131520,32131526,32171011,32131517
YZX70IB3WYZX,KS1203W702ND09XHKJR5,KSY51ARG5IAOJ5WCYU1H,ES5239688B6AB9DB6662,KS7G2F36GFX1K55V6GK4,KS120XP636CB5432F5TP,19151410,32131111,19161111,23151215,19161012
3M9IQBQ9J2H1,KS125F678LV2KB3Z5XW0,KS1258C6J7BK2F84V8FC,KS123X777H5WFNXQ6BPM,KS127D361PF0FTXDZ7C4,ESAF97D5150F64F29FAD,27101018,27101110,27101012,32131011,27121210
LVZFAA2I477P,KS1203W6419RJG2KW4QS,KS124FP642Q7P7TBPPZN,KS120LH6DHTBJYVLFKB3,KS440PN75SHRVSHJWRGV,KS122VL72WT92WY59NWL,27121313,27121210,32131011,27111214,27111222
7DTQ9RUJ3NP6,KS124G66QWSYM012SWS5,KS120KK6YQY9YQSK6DKW,ES8F0D73ED4F952B6A48,KS1203W702ND09XHKJR5,KS441626TDSV2J6GBB86,27121117,27121325,23161012,27111210,23161015
7NVLIPMZ6387,KS7G40J769R8LWTZ9550,KS7G4XR784Q66ZDX1WKL,KSGQ9QZ5IFB2Q2JYUENP,KS1218W78FGVPVP2KXPX,KSJF3PBD3995K6E0OF1Z,23171521,26102110,23171710,23171541,23151010
VMPGZBLJ2NP6,KS125BH5X5W0R09ZW3B7,KS1203X6ZDCNW2J3RC4X,KS440PV6FRJ90X0QFNLY,KS120VC7108H86J50CYW,KS1218W78FGVPVP2KXPX,19111012,19111010,19111011,12131213,19101010
MO7GDE74V6AO,KS1241L7737YL9MVMX76,KS122556LMQ829GZCCRV,KS7G2F36GFX1K55V6GK4,KS1218W78FGVPVP2KXPX,KS441846Q382NVKJSSC7,11111012,26151214,23171611,26151216,23171610
JYEOUJD022YB,KS44175745H9Q0DPBDNT,KS4417N61DB04000S10C,KS125F678LV2KB3Z5XW0,BGSA09D67D5649D8559E,KS122626T550SLQ7QZ1C,19151010,23151215,32131111,23161111,19151110
Y9PE0HDJ7O9X,KS1217P66NK6BW72M9FH,KS126T56VFRNJNKHFDD6,BGS9F6FDC1337597D71F,KS1217568CHTXMHV7V47,KS126HY6YLTB9R7XJC4Z,21161310,31121010,21161110,13101010,21161211
EJGNZFZUNQ2W,KS123ZJ5X02D3GL6CNQT,KS7G4XR784Q66ZDX1WKL,KS1287R64YNBZGR50Y1N,KS126X663B21NB77ZHSP,KS123X777H5WFNXQ6BPM,19111012,19101010,19141311,19141110,19111010
PJA1WJ0TPAC5,KS1217P66NK6BW72M9FH,KS126JR6F5V2TRCLB1H5,KS7G4ML61B2JX1H1003Z,KS4407F6YY6SBS730MJ8,KS121YT721BY2F3M5YDR,16141210,23171510,32131011,16141110,32131520
Q4N18153W56I,KS1214R5XG4X4PY7LGY6,KS1227G66P02RR405S78,ESA3DC3A6FC3AA2C0559,KS124046TRJDP25WFPYC,KS1238J5Z67LVF879RRH,32161010,32121312,23121010,32161416,27121313
YQ5QHS5CD3BM,KS120GV6C72JMSZKMTD7,KS124TG6C6GQ3RGYBJ3G,KS1282077S8NZPGMNQ9B,ES1AE014948D7C1AD5AD,BGSAA93822820DF21114,23121010,23121311,22101214,32151018,32151014
APKRVOCSQOU9,KS1219677F286BXFPBNC,KSQPGV2XZO8UMNCC49LK,KS1280B68GD79P4WMVYW,KS122Q960QYMW3YH0YWF,KS122CZ71K19596XHQ92,21141210,11171020,13111010,23111310,12101010
GH6H7L8QYYRH,KS124CH623PFBJS8T5KM,KS440F476G8SKQRTH4CY,KS121W46CJXQ5ZQ506MS,KS121975WDFKW7W3PYZN,KS128GC6JNCTB5MT96VM,23121010,23171521,23111310,23121311,23101010
0M3LOUFHW8WL,KS124KS624R3L2W8RKM6,KS120SX72T8B5VLXS1VN,KS123X777H5WFNXQ6BPM,KS123X777H5WFNXQ6BPM,KSQPGV2XZO8UMNCC49LK,23121010,23171541,23121310,23171528,23171810
1689WANTVR4F,KS127ZG6DBSF76WF7VYX,KS123Y66DNRSJ1QGK9NW,KS122VL71WF050TPW0V7,KS12160602V51N7SJSX8,KS1200H6XYN1CR0G5NZ0,27111210,19131211,19141112,19141311,19141314
5G77LK6HQIV9,KS125F678LV2KB3Z5XW0,KS44175745H9Q0DPBDNT,KS125B569R313XT23LHY,KS1282071M5KSZC066MZ,KS1217R6SMDJ0WQHN6LK,20291110,17141810,18111115,20321022,14111117
6F7761XS1CXD,KS440JQ6CH2PLBZVTYLV,KS123X777H5WFNXQ6BPM,KS1218W78FGVPVP2KXPX,KS120KZ6XYYK7QL2B09G,KS124VJ71BKMYXC1PP09,11131110,13141111,20271110,13121011,13141012
GDGK8DZVR9D0,KS127D361PF0FTXDZ7C4,KSPW6SYT2CM7EW9VBP1H,KS1282N6NQMZ95M1HJ7L,KS1224W5XSXCJBNSLLVX,KS127CS79GV081FMJYKZ,23171310,27111320,23171410,27111318,11191413
LGVD3OH640IW,ESCA52100E7DBDF47A7F,KS1219570C4LCP9ND4FH,KS1218W78FGVPVP2KXPX,ES7A07CF87C516875B23,KS1263K6Q6PD5NLKJ42V,32101110,15111013,18151213,23151016,11221117
02G3YU6VK0UC,KS126D668BLGSC15GFLS,KS122Q26BWQ1PK3Y74C0,ES39E5C01E1593CE9E72,KS7G4T15W4RYVZTCDSWZ,KS122556LMQ829GZCCRV,21121310,21141810,21121410,21131010,19111110
LO4ZZR8O9XS2,KSIJUG1D2NW7T16XO96D,KS123S46J5HRBLZRMRJ0,KS124L170B43108HVVP6,KS1220C663NX0Z4Q78P1,KS124H46Q2PP8YC1WQ06,23121010,19141311,19101010,16141210,19141110
F8RSJRRW24IV,KS122F96DJHT3ZXB8FCZ,KSRJLSVOF19NWT4GFO3D,KS441PL6JPXW200W0GRQ,KS121Z26S4VJLQ1WXN21,KS120V86MZWV9Z9LKQY3,26121310,23131115,23131110,23151010,23131117
9VZCZMPIW8BW,KS125LS6N7WP4S6SFTCK,KS7G2VT72L9WMFRCG4G0,KS120VB76P5WB69FVNRT,KS122556LMQ829GZCCRV,KS1217P66NK6BW72M9FH,20231010,20231210,12101211,20311610,12101310
HSFM8QPDNU0F,BGS694B38D7C826D2ECA,KS125BH5X5W0R09ZW3B7,KS441HK6PSZJ031Y085G,KS1217X6TT5N14H0N0P4,BGSD2202B2068482C30B,32181015,14141110,25111810,25111110,26102110
N5ROUES0MXVL,KS122556LMQ829GZCCRV,KS122CS6VVDJ1FYVYVLJ,ES980F8AD1DD6132F1F6,KS121Z26S4VJLQ1WXN21,KSKJX44T33B6D4UCC8CB,23121218,18151213,23101113,18151212,16141210
9OWWEW9V08LI,KSNK0F6EWGP0WZ3481C0,KS1281M7573BG4S5QKMT,KSN97GEUHPNGNAQFDCGY,KSQPGV2XZO8UMNCC49LK,ES1AE014948D7C1AD5AD,23121010,23121311,27121413,23121312,23111310
CV71E4FMTCP2,KS122556LMQ829GZCCRV,KS4425C7820LCHZS7VGX,KS1280B68GD79P4WMVYW,KS128736G4DTS6WTY4P0,ES82F24A0BE917B392E9,11131316,17101110,17141110,17141910,17141210
I3OSH3QZXY4A,KS1280B68GD79P4WMVYW,KS122PG64BT2BT6X15HF,BGS4A634040B7ABB4C18,KS124FP642Q7P7TBPPZN,KS121Z26S4VJLQ1WXN21,27121313,27111214,27111222,27121210,32131011
UL42M3ZKN3PD,KS1218W78FGVPVP2KXPX,KS128716HL1C1Y0ZS84Q,ESFA9982A2A945E439CB,KS122556LMQ829GZCCRV,ES87456109237C11D7BF,21121110,21121010,21131110,20251010,21111510
XEJAXVT7CZ14,KS441K2756CXYXBG990G,KS1H7C2ZC7LXQQ6UN22I,BGS16C952D775A16E650,KS1280B68GD79P4WMVYW,ES44C38C0A5850449C4A,19111012,19111010,19111011,19111212,12131213
KPF3UZ3AOEAO,KS1200365FTR9X0M96T9,KS1200H6XYN1CR0G5NZ0,KS123MC78KV644P5DDZ0,KS1276B6094BBN4WY5CK,KSKJX44T33B6D4UCC8CB,36161126,24151317,24151313,24151213,24151217
3Q7GKTMQG6NX,KS123J36CN950KHKWC4T,KS4418462TTGKL3CWJHT,KS121YT721BY2F3M5YDR,KS123X777H5WFNXQ6BPM,KS1282M68WL9T4YH3SLF,22111215,22101214,32151018,22111211,27111320
ORDBIQMGPOEM,KS122556LMQ829GZCCRV,KS1229T6LN87KTDQX2B6,ESFA9982A2A945E439CB,ES5FAE3A4F21AFC94173,KS1245J64SDYL4XNN9G5,32171013,32161415,36161117,36161120,36161112
Y3RZTPLC6PRR,KS7G747655VG23WXMS9B,KS1217P66NK6BW72M9FH,KS7G2PN6Q42WPLR91C09,KS123MC78KV644P5DDZ0,ES2538347AA3A4C346C9,27101024,27121510,27101212,27121210,32131011
MCZH7827JTRG,BGSB9660937180FA60FA,KS1218H6YTH21VYCT4YN,KS123X777H5WFNXQ6BPM,KS1256V72T3PMM5X9R0X,KS4407H64CVBMTRQZRCF,19141311,32171022,19101010,27111222,32161416
UZJ486UL6ULM,KS120626HMWCXJWJC7VK,KS1227P6FBK34WLH6X8Z,KS7G1J176WLQC95ZRJBS,KS1218B5WWXNDNQTN9MP,KS1225S77RQ7T10BMPXN,15111013,12101212,19161012,14111117,32131411
H0G0XQZ3G0KS,KS125446V6KJC45YF5WD,KS124DX6G31F5M9ZHNGC,ES42391121D6FF9F1DCE,KS441K2756CXYXBG990G,KS1246V69FLYLLNXWSFT,36161117,16141210,36161112,36161120,36161124
EQ1ZQ8DAYDW9,KS120PG654CDDJ7C7Q53,KS7G2F36GFX1K55V6GK4,KS1228M6S0Q13JW8NV10,KS441K2756CXYXBG990G,KS125SS6Z01PYP99SN5G,17171510,17141110,32151012,17171610,17141910
3RWK3OTZZRBY,KS124RX787SQ1WVD8XF6,KS1203C6N9B52QGB4H67,KS1284M622VT3F77037Q,KS124HW6YSZFBH4VXYXC,KS1281L73N50Q7T3V8SW,25111110,21111310,25111514,11221117,18192110
RQH7O0ZBO70B,KS126ZV6KGL32NDKMT41,BGSDD5FB715C9C84D8AE,KS122YN6108R0RSDXXRC,KS680KR72KH02C5GM5TY,KS124416HQSCT1J2JQVJ,23161111,11161010,27121313,27111214,32161416
AQDMFZTGP8D2,KS120HL62LT111PDC7HS,KS1212B6QR5SK1LSD4S4,ES207B6F188C6A4481D6,ES899BA440FA3441F22A,KS1264X6Q6902BJMLNCB,27101024,27121510,27121210,32131011,19141311
TAIAUXY9OR1A,KS126HS6R7MH1W08PMVR,ES7924580B83F9FC2E20,KS122P767ZWK429HNC22,KS1211J6CBCRD96F9WLF,KS124JB619VXG6RQ810C,23121010,27111214,27111222,27121313,23111310
CM5FYCZU80ZR,KS7G4XR784Q66ZDX1WKL,KS127D361PF0FTXDZ7C4,KS120LK70665WL8LBX8G,ES3892183E55561AE833,KS441TM6SPMC9Q7PQ8FK,23151215,23161111,23151016,32131111,23151214
SKSO6DKFLAB0,KS120VN77RNPB68V56PV,KS124QR6F19BX4WPMW1H,KS1217R6SMDJ0WQHN6LK,KS122VW78Q67XR4C3ZDW,KS1254M61BGY7J0JY7RW,27121313,27111214,27121414,27111222,33141216
VN29MRQVD7X1,KS126HY6YLTB9R7XJC4Z,ESD7836352EB8CBD25E9,ESF61AAF45686B07B4C5,KS127Y978519ZR40DPMP,KS1218W78FGVPVP2KXPX,23161116,23121010,23121311,23161114,23111310
Y8N1UTOXIE0R,KS123X777H5WFNXQ6BPM,ESFF240AA4375CB20D31,KS121BS6QFLZVY39PMHD,ESA18E131546025F3CD2,KS122BL6107G2Z27JWJW,25131310,11131111,14111210,19171010,15111011
MJOQJQ8HCQUT,KS121TR61G9J1BMSLHH5,KS122556LMQ829GZCCRV,KS7AASDV6UOE7VFBGF4D,KS126706DPFD3354M7YK,KSAS8LK1JG2Y0OLN4C53,23121010,32151012,23121310,23111410,23112013
KVNIJWAQLCAU,ES65A8AADF558000525C,KS122556LMQ829GZCCRV,KS1200364C9C1LK3V5Q1,KS1210269P78D7GH8LWY,ESCB38C6B130340D9E34,23121010,27121510,27101212,27101024,23112013
AE58HUXG2MYR,KS1228S6YKWXMH4M4DL7,ES6F415942892FADDDE5,KS1282R607CFYF1FWJ74,ESC5567F7A6FA12D0DCD,KS1239W6QZKL1H0TF1TJ,23121010,21131110,23121310,23111410,21121110
UHJPKHF33GUW,ESC30CE730D2C915B3D0,KSKJX44T33B6D4UCC8CB,KSQPGV2XZO8UMNCC49LK,KS44175745H9Q0DPBDNT,KS440ZZ6HJGY92HPTWCV,17171610,32101010,32171011,17141110,32101110
2G5EOL0TA8RD,KS123X777H5WFNXQ6BPM,KS126K06YSWLGCMB6B0Y,KS440Z26T60HXNGBDLL2,KS1218W78FGVPVP2KXPX,KS127MQ6GC1CMJ5B0737,36111110,11121110,23161012,23161015,17141810
NBHGFB2FLURM,KS1248T6MC5L69MZ2L3R,KS440726NL4QJRHCMR43,KS120XD77GTR3W3GXHBF,KS1217568CHTXMHV7V47,KS124G66QWSYM012SWS5,25111110,25111610,25111518,25101110,25111515
N9JI7OMEMTO2,BGSDD5FB715C9C84D8AE,KS126456773GS63NCY8F,KS1200365FTR9X0M96T9,BGS794951D216441A250,KS120RM619V18NJXTHV1,19101010,19111010,19111012,32161416,19141110
7BKSKI19UR8N,KS120RN6FDTS9FLCH3T0,KS441K2756CXYXBG990G,ES2884E132F1A422AC8F,KS124DX6G31F5M9ZHNGC,KS121Z26S4VJLQ1WXN21,11151110,11221115,11221117,14111115,11151010
L1YEDZ3G9R30,KS680KR72KH02C5GM5TY,KS122W96T2T9J5PZ0VMP,KS1218C6MP9RN7WXMM37,KS1267F6MSPN366LX7ST,KS121CM5YYWQM2077BF3,23171521,23151010,26151214,23171710,23151020
T2PNJKA34MQA,KSKJX44T33B6D4UCC8CB,KS120SR6WD1FP76Z6GC2,ESAEEF5760144B8210FD,KS1200H6XYN1CR0G5NZ0,KS7G09N768FLPTYZWXWV,15111013,11221117,14111115,19121711,11221115
ZXKCB9D7UAYB,KS123Y170CZM0V5Z3XXB,ESA0E706FE59CA27098B,KS7G747655VG23WXMS9B,KS4420H75G906GRK0QJZ,KS125LS6N7WP4S6SFTCK,20291110,20321022,20291010,20321111,20321019
QVAECW9YIL8S,ES3E39C571A627E23737,KS122556LMQ829GZCCRV,ES8B867675B7DA42B6CF,KS124JB619VXG6RQ810C,KS122VV71XNN7Y03XJNN,27101024,27121510,32131011,27101212,27121210
VIWST87QUF7P,KS1225C66PNH5DZ70FT8,BGS1FB0D49190FE0E526,ES1BCC99EC731B69F632,KS440QS74HSTPTBHB75Z,KS120496P0NDBPKP322Z,19111010,19111011,27111321,19101010,19111012
2IXW2LYNHX2O,KS122PR6NST1560F3X9L,KS126J46GGVZB8BGGXSY,KS122VV71XNN7Y03XJNN,KSQPGV2XZO8UMNCC49LK,KS1248P6CJ6XH85L8SX2,23151115,23151114,23151111,23151116,23161114
JPT2ZL15S74N,KS122556LMQ829GZCCRV,ES76FD36CD1D3BCA806D,KS1203S6MM7GLDM71WQD,KS122556LMQ829GZCCRV,BGSDD5FB715C9C84D8AE,16141210,19111012,19101010,32161416,19111010
6287FDV21NDC,ES3CFFFE227B9801719B,ESB280097FF8EEAE52B0,KS1275Z6908VHW76FRXH,KS120BL5Y82H6T9F0F1B,KS7G4YT72YHJ3BVJ4P56,23171510,23171541,23171810,32131526,23171710
I47KAH8OXENQ,KS1217P66NK6BW72M9FH,KS123DC6RRH5H6HMJ3QR,KS1200H6XYN1CR0G5NZ0,KS12160602V51N7SJSX8,KS123FS6SM7YBY0BS2T7,27111210,14171410,18151213,25111110,27121310
1T2TALA753LC,KS1247H7701DW05BS80N,KS440PV6FRJ90X0QFNLY,KS1217X6TT5N14H0N0P4,KS1220F79CKVFCB20MS4,KS125B477PDM976Q4Q77,25111110,32161310,11181011,32161416,25111518
2KUGEORL0YB9,KS122J56PZMMFL1SVY1F,KS1201H611BT3GJ16LF6,KS120WN5YJQ2HKQ3K2DR,BGSD2202B2068482C30B,KS1217R6SMDJ0WQHN6LK,32161010,32151014,21111110,32151018,21131110
Q51WHAL104S2,KS1218W78FGVPVP2KXPX,ESAEEF5760144B8210FD,KS440Z26T60HXNGBDLL2,KS1200H6XYN1CR0G5NZ0,KS127J26CDD40K8NCPJ8,23171521,36111110,23151010,23151016,23171541
6MXSWY0SZKBN,KS441S06L3NZBK0D6JM8,KS122C775KRX1DK8Q1RQ,KS125F9784GQ819LH2GL,KS126706DPFD3354M7YK,BGS44B0B6FBF1324A81D,23171521,23171310,23171410,23171541,23141111
U5X0HC8CAH3G,KS1203C6N9B52QGB4H67,KS125B45YZ8FF6LVXX3G,KS1200H6XYN1CR0G5NZ0,KS1223966G4Q22CCCYC6,KS122556LMQ829GZCCRV,32131520,32161416,32151014,32131526,11161310
4A80Q15FQJIT,KS1284N6ZGVR60Z44TGW,KS681KH79MJLQDPB9T88,KS1218W78FGVPVP2KXPX,KS441DK5ZDF8Q8FWL19R,KS127LN77V87V52LXM55,11221117,20341110,20341227,20101310,20111310
MY93POMV7MBC,KS1280B68GD79P4WMVYW,BGS55D43185B76FE86C1,KS1241P6PXRCKTDSWHTV,ES99B020D66F6670BCA6,KS1253H61TTR1FZWSRH4,19111011,19111010,19111012,19101010,19101210
JGZLMA5UOFWB,KS7G4ML61B2JX1H1003Z,KS122C06Z8NDM5G6NYNT,ESF0F3A894BBE323B917,KS120RN6FDTS9FLCH3T0,KS120PP6GL94HJDMN0TQ,16141210,19101010,19141311,32131011,27121210
7W2SEHE2ATN2,KS123MC78KV644P5DDZ0,KS123FS6SM7YBY0BS2T7,KSQPGV2XZO8UMNCC49LK,KS4418M6DLSHH5DV8CXM,ES9BD12EB76B360E0E89,32131526,32181212,32131520,32181124,32171022
HPY36Z6COXKQ,ES47490A37A5BAFC9848,KS1253H61TTR1FZWSRH4,KSQPGV2XZO8UMNCC49LK,KS44175745H9Q0DPBDNT,KS441S06L3NZBK0D6JM8,32131510,34141010,32131011,33131214,33131311
OJ38AYIX6XHG,ES71078982A1C8226ABF,ES1AE014948D7C1AD5AD,KS128F265DV4XTBR70H7,KS127JV5XZQ7398C1F20,KS43I7T7CU4Q66EGVQLU,23121010,11151010,27121013,23121311,11151110
PBEDEA4XPZWY,KSQPGV2XZO8UMNCC49LK,ES69A7B2F64A26E170F5,KS441786F0PS9RV3QBS0,KS1203C6N9B52QGB4H67,KS125F9784GQ819LH2GL,19111310,19101022,19101512,24131326,19101611
QQ1Q81HRULHH,KS1226Y6DNDT05G7FJ4J,KS1246V69FLYLLNXWSFT,KS122D46PJ09YVSBV9DW,KS441K2756CXYXBG990G,KSQPGV2XZO8UMNCC49LK,21121010,20251010,21111510,36161117,21121110
GSEM2FITGUKT,KS1218W78FGVPVP2KXPX,KS120YR5YL8LVNYR4249,KS1200H6XYN1CR0G5NZ0,KS1200H6XYN1CR0G5NZ0,KS0R7EAFEF4YURUY3RZR,23171528,23171541,23171540,23151215,23151016
INPFGOMQXMQO,KS120626HMWCXJWJC7VK,KS125RT75ZYS4TCFJ0H8,KSQPGV2XZO8UMNCC49LK,KS126X663B21NB77ZHSP,KS122W867PQYM4N75YWR,32131526,32131520,32131510,32171011,32101010
PPYZ8JG2RZGH,KS122NP6Q1WTCX2CYC2J,BGS5F261B8F2D74E517D,KS1230J6Z8029TC15P7L,KS122556LMQ829GZCCRV,KS123F95Y4BFF41P3Z6C,23121010,18151313,23121311,23111310,18151213
FPKP555N2R9L,KS1200H6XYN1CR0G5NZ0,KS123Y66DNRSJ1QGK9NW,KSKG9OA3NDST6929VROF,KS122556LMQ829GZCCRV,KS121Z26S4VJLQ1WXN21,19131211,19141112,19141311,19141314,19101010
YOCVVV6F4EUX,KS127D361PF0FTXDZ7C4,KS1217568CHTXMHV7V47,KS7G6NP6R6L1H1SKFTSY,ES2884E132F1A422AC8F,KS1264X6Q6902BJMLNCB,27101020,32131011,27121210,27111222,27101019
1JLIDIGGN92F,KS123YH6YZ1G0PZVVJW1,KS1217P66NK6BW72M9FH,KS1253H61TTR1FZWSRH4,ESED820E6065D9AA8D6F,KS1258T726SRJLTWL70J,19141112,19131211,19181312,19141314,19181313
NF2P091PQFMP,KS120LB6XV5409BCQ0NF,ES1054F2FC6D90C6D883,ES6A7D291D9512E8EAF5,KS124JB619VXG6RQ810C,KS1259D6L30YYG3XR3VL,32161416,32161010,32151014,32161313,31151310
XRJM4T8BP6NL,KS120PP6GL94HJDMN0TQ,KS121FD6V0JF1LKMF37Z,KS1248L77TSY3J2V2XC1,KS1267F6MSPN366LX7ST,KS127D361PF0FTXDZ7C4,19111010,19101010,19111012,19111011,19141311
AALIRPDGZ2SC,KS441K2756CXYXBG990G,KS1227Y68P23M2LCD1H1,KS122626T550SLQ7QZ1C,KS126HY6YLTB9R7XJC4Z,KS441ZY71NJGKL537RVJ,23161012,23161015,23171524,23171541,23171716
WIQ8HLSWDLR4,KS681KH79MJLQDPB9T88,KS121Z26S4VJLQ1WXN21,KS120SX6LJL1S06TG6QD,ES982199BA5F7DA745F6,KSL1KN8N0QBOUW5WSHIR,23131115,19121416,22101214,23171712,22101213
2KS1CBCIFL79,KS120LH6DHTBJYVLFKB3,KS121YX5XHV5QPYV2TXL,KS124JB619VXG6RQ810C,KS122556LMQ829GZCCRV,KS1265D6RGJL2Y4J6V5B,27111320,18151213,27121112,12101210,32171011
4LUR02TYAXY2,KS441846K903WT1RYDKJ,KS127D361PF0FTXDZ7C4,KS1218W78FGVPVP2KXPX,BGSC609667DCFB43FBA8,KS1228S6YKWXMH4M4DL7,11211010,11211211,21131010,11211014,21131110
29XB4O6PJHND,KS4420D71YWJJ5Y4Q45N,BGSD2202B2068482C30B,KS122VN73RX0QR6GMDHV,KS1200H6XYN1CR0G5NZ0,KS123MC78KV644P5DDZ0,16141210,23131312,27121210,32131011,25111410
UIJ0YXIYQBVT,KS122MP6KKDNSFRC2LXF,KS4407N6CMTCYT0NYSVM,KSIRH2MDNR85TXTQF10X,KS125MK6L8XN70ZS40ZY,KS1218W78FGVPVP2KXPX,11161310,11151110,32161313,11161210,11181210
7VXUQDRMSWJJ,KS125BH5X5W0R09ZW3B7,ESEB1D4619E6E83A061D,ES32D9DAFE37545AE8B6,ES9BD12EB76B360E0E89,ES8B867675B7DA42B6CF,21131010,21131110,21141410,14111210,32161421
LSBJLVY6L1XX,KS123MC78KV644P5DDZ0,KS124VF5YCVWCW6NR1Z6,KS4407H64CVBMTRQZRCF,KS7G55M6TRB1N24LW2P5,ES36BB7D95D0BF489852,32171022,32161416,32151018,32151014,32131526
WNLEPHVPKFA2,KS1265D6RGJL2Y4J6V5B,KS127D361PF0FTXDZ7C4,KS126HY6YLTB9R7XJC4Z,KS120XD77GTR3W3GXHBF,KS44175745H9Q0DPBDNT,25111110,25111610,25111518,25101110,25111515
YM0WBGLMY62X,KS441BB6S3TN4DL0B6KV,KS4407F6YY6SBS730MJ8,ESDF7CE5F3FC71FB92DA,KS44175745H9Q0DPBDNT,ES339417221F721DAD77,20271010,32171022,17114210,17181310,32131520
KERN6YJMK3TG,KS1210674JQVCN6F1V19,KS127P86WSCDXYK8C6KW,KS122556LMQ829GZCCRV,BGSDD5FB715C9C84D8AE,KS1219261TYVPMGX8KVQ,32161416,26131114,14111115,32151013,32161415
Y6QR7E563025,KS440C365HRHPM9VQDFF,KS1218W78FGVPVP2KXPX,KS121Z26S4VJLQ1WXN21,KS1270P6SLFCFT476Y3R,KS441K2756CXYXBG990G,11211010,11181017,11211014,11211211,11171017
3QIUA08EKXDR,KS124FP642Q7P7TBPPZN,KS124046TRJDP25WFPYC,KS127D361PF0FTXDZ7C4,KS12195734TLQBG7XL90,KS1227N6MSF1WZ4B566W,27121313,27111214,23161012,27111222,27121210
0YUCQEFRSATQ,BGSDD5FB715C9C84D8AE,KSKJX44T33B6D4UCC8CB,ESBDDCF98E350408B753,KS1284G6MK1552WHSZ32,ES5269FD2583B0B9875C,23131110,23131115,16131015,32161416,23171310
XMABL30X0TAT,KS123J07373VSJ0QY7BN,ES6307DDE7C7ABFDEA76,KS122556LMQ829GZCCRV,KS441FM75ZDSSYXG6M84,KS123X777H5WFNXQ6BPM,23151115,23151111,23151114,23151116,23151112
PW3HHIGVUMMW,KS124046TRJDP25WFPYC,KS7G747655VG23WXMS9B,KS126SW5ZZYP3HXXPX1X,KS124DX6G31F5M9ZHNGC,KS125F678LV2KB3Z5XW0,11151110,11151210,11161610,11151010,11181210
764623AHW9TT,KS1248T6MC5L69MZ2L3R,KS127ZG6DBSF76WF7VYX,KS1218W78FGVPVP2KXPX,KS125RT75ZYS4TCFJ0H8,KS121Z26S4VJLQ1WXN21,32131526,32131520,32131510,32101010,32171011
87SW1K9M94UZ,KSFJRPQN2KI79W0X0BU6,ES99B020D66F6670BCA6,KS441K2756CXYXBG990G,KS126V0690FS8FFVY4M3,KS120XD77GTR3W3GXHBF,32101113,19111012,25111110,19111010,19111011
BLWD8M7AMNDI,KS1264X6Q6902BJMLNCB,KS120VB76P5WB69FVNRT,KS122NX79W5LSNS07C02,KS128F95XCFH4CGXN4H3,KS441626TDSV2J6GBB86,23121010,23111310,23121311,23121312,32131311
RPUYD6I5HO9C,KS1218W78FGVPVP2KXPX,KS121B46N5FP9H8BB3YX,KS441DK5ZDF8Q8FWL19R,KS122556LMQ829GZCCRV,BGSACC7757544DA7245A,26161110,14171110,25111110,25111310,25111610
OJZCDUSCUNK0,KS121DY6DT8LNYJL7FZ1,KS120RN6FDTS9FLCH3T0,KS123X777H5WFNXQ6BPM,KS125F678LV2KB3Z5XW0,KS124TG6C6GQ3RGYBJ3G,22101214,25111310,25111610,25111110,22111215
CKU3CQBHEYYS,KS120BV6SR75RBKQH0G3,KS122SG5Y0Q5YQM7V8KT,KS126DB6T061MHD7RTGQ,KS441DK5ZDF8Q8FWL19R,KS122556LMQ829GZCCRV,23171541,23112013,23111410,23171810,32121010
8DF2F5NK4OTB,KS122556LMQ829GZCCRV,KSVVWH5AXAD8NV6JH42J,KS7G7LT731301PM8PGN8,KS120626HMWCXJWJC7VK,KS7G747655VG23WXMS9B,32151016,21131110,21111110,21121010,32161010
QSY9ISIW39LL,KS7G55M6TRB1N24LW2P5,ES76F4C57A88877D6D64,KS1213Q5Y632QWZ7PVVS,KS1200771D9CR9LB4MWW,KS125B569R313XT23LHY,23171712,23171524,23171716,26141910,14171410
Y0XAOBK02LVU,KSKJX44T33B6D4UCC8CB,KS122CZ71K19596XHQ92,KS440F763Z9F5J9LWYZ2,KS1258T726SRJLTWL70J,ES8B867675B7DA42B6CF,21141210,23151115,23151111,23151114,23151112
NYMSORQETJDH,KS1224W5XSXCJBNSLLVX,KS122YN6108R0RSDXXRC,ESE4C6DAB864E4F13841,KS121Z26S4VJLQ1WXN21,ESDCBB1A644EC7C47023,23151115,27121313,27111222,27111214,23151116
RYOZDPPBQUAK,KS124G66QWSYM012SWS5,KS1282M68WL9T4YH3SLF,KSY51ARG5IAOJ5WCYU1H,KS1203B66DJG8T72WTJ4,KS124QR6F19BX4WPMW1H,27111320,27111314,18191516,11221117,18151213
12LC9BGJQ0AQ,KS1253H61TTR1FZWSRH4,KSKJX44T33B6D4UCC8CB,KS1218W78FGVPVP2KXPX,ES6204EEE269AF03D4C4,ES61B16E3FAFBE6032D3,23131110,16151010,23131115,16131015,23161012
9WTDNAPGFHTN,KS125DK6CWSVBTFV17WW,KS1216S730KDHL8VWDJP,KS7G0C36YW29VS8KPC05,KS1277066YN3Q5FG996N,KS120XP636CB5432F5TP,23151115,23151114,32131111,23151111,23151116
486D43I21PU8,KS124JB619VXG6RQ810C,KS124JB619VXG6RQ810C,KS1218B62M9QRBY8WRSK,KS1200H6XYN1CR0G5NZ0,KS1259D6L30YYG3XR3VL,19131211,19141112,19101010,12101212,19111011
Z0EY8LQDWB32,KS1217P66NK6BW72M9FH,ESCA52100E7DBDF47A7F,ES32D9DAFE37545AE8B6,KS1241P6PXRCKTDSWHTV,KS125LY66QGRYZZSN05Z,21131010,23171410,21131110,23171310,11221117
6MKZRRK6UJVB,KS120GV6C72JMSZKMTD7,KS120BV6SR75RBKQH0G3,ES8F73CC75C618D72F72,KS120JQ70DXY0GB5YQJ1,KS4407F6LZF0HWKYBHGL,32151010,23111410,32171018,23171611,23111310
NIDP3LDJD1XB,ESED820E6065D9AA8D6F,KS1265D6RGJL2Y4J6V5B,KS1287R64YNBZGR50Y1N,KS680KR72KH02C5GM5TY,KS128DZ68M9F17B4YZ3P,16141210,27121210,23131311,32131011,23131010
T2MD8W1SAGML,KS13USA80NE38XJHA2TL,KS32GY4110WU526QV10S,ES9BE5A8BB4E658D7B50,KS441G8674MJW487GW93,ESE1B279F38C73E025BD,23171510,23171528,21131010,16141210,23171541
COO004OOIIUH,KSQ39IM6T1T6MCGAI2LO,ES42391121D6FF9F1DCE,KS1218W78FGVPVP2KXPX,KS1203W702ND09XHKJR5,KS1259D6L30YYG3XR3VL,12131213,12101212,12101210,12101310,20231010
HOQ5E7L7W05Y,KS1284G77CJNY040QM7B,KS121T569X502KJPS0F3,KS7G0C36YW29VS8KPC05,KS441626TDSV2J6GBB86,KS122HX6PBGP63G658SX,19131111,19131110,19131112,11221117,19121210
D7NC2DZDRHEZ,KS124QR6F19BX4WPMW1H,KS122556LMQ829GZCCRV,KS121YT64JHV8Q1MLFRH,ESFA9982A2A945E439CB,KS126L563YF9YNQQQ832,21161310,21161211,21161110,21161210,21121110
00H4FL7Q15WH,KS125WR68JRPG2YBFPP3,BGSA09D67D5649D8559E,KS1227N6MSF1WZ4B566W,KS123FS6SM7YBY0BS2T7,KS7G2FX6L5L0NXGGHKMH,23161012,23161015,19121416,19151010,32121010
LP81L51FLMNA,KS1265F71V3PY4KH0JW5,KS441K2756CXYXBG990G,KS1219W70LY1GXZDSKW5,KS128F265DV4XTBR70H7,ES8B03DAD3B526316ED9,19121416,32131312,19161111,27111320,19121011
N8Z4C0X2HYVE,KS123HX665YR92MSC607,ES822855542484300B1C,KS1203W702ND09XHKJR5,KS121Z26S4VJLQ1WXN21,KS7G4YT72YHJ3BVJ4P56,17141810,17141410,17111910,19111011,23151411
D13UG3ZJ395E,KS4402B69W05DMZGMV9R,KS128F265DV4XTBR70H7,KS441846Q382NVKJSSC7,ES4E3148857AA502599E,KS122556LMQ829GZCCRV,19121416,32131312,19161111,19121011,19161110
M3HKYZ1QWJ35,KS120H6772VQ0MQ5RLVD,KS4425C7820LCHZS7VGX,KS121F56HCNN8HS317LM,KS127D361PF0FTXDZ7C4,ESAB2C2E5E7E78A3527D,27101110,32131011,27121210,13141011,27121510
NVTNIC487BXK,KS1218W78FGVPVP2KXPX,KS1213Q5Y632QWZ7PVVS,KS441846K903WT1RYDKJ,KS1218W78FGVPVP2KXPX,KS122556LMQ829GZCCRV,21131010,21131110,26141910,14171410,21121210
UDSQNCUYK2VF,KS1226Y6DNDT05G7FJ4J,KS1203W6419RJG2KW4QS,KS7G0GK76JGSBRD484V1,ESB38820A543FA4E3969,KS121YT721BY2F3M5YDR,19111011,19111010,20321022,19111012,19101010
3Q1D05AQRJS9,KS1282R607CFYF1FWJ74,KS441K2756CXYXBG990G,KS1267F6MSPN366LX7ST,KS122C06Z8NDM5G6NYNT,KS125025Z8ZHJCJMPF7T,23151115,23151112,23151114,23151111,21121110
AB05DWJATE4V,KS1200H6XYN1CR0G5NZ0,KS7G4ML61B2JX1H1003Z,ESAEEF5760144B8210FD,ESB3BCBBB4C6E59DE5DC,ES249EC655339813E06E,16141210,32131011,16141110,27121210,27101110
8J0WE511KPKW,ES99B020D66F6670BCA6,KS1203W702ND09XHKJR5,KS123X777H5WFNXQ6BPM,KS12027766237GNG6G37,KS125Q164VVZ10LN2FBN,18131310,26151114,18131210,26151214,14111210
QYM52XG8P6BE,KS126J66PFQ93LBH7999,ES20CECA4FF83ECE8196,KS120FX64YN9QHCWS5KM,KS1281M7573BG4S5QKMT,KS1200771D9CR9LB4MWW,20341221,11181012,20311910,20171810,20341222
RZVZZG9BCDC2,ES93374D273ED49FAFEA,KS125F678LV2KB3Z5XW0,ESC0349B42B117848E6E,KS122556LMQ829GZCCRV,ESAC4826A55A72E23ABD,19101010,19141311,19141110,19131211,19141112
XLPU0DK0GET8,KS123Y170JP7JBSFVBSS,KS122556LMQ829GZCCRV,KS123Y170JP7JBSFVBSS,KS127PY6XCQSQ6R44N9K,KS4420H75G906GRK0QJZ,13101010,20251110,20251510,23171528,20341110
X08DW54I3O6G,ESE8E6C89348587B4CCC,KS9859HJ5UHFJ7ODS0ZM,KS441LY691MT0N689MWR,KS127D361PF0FTXDZ7C4,KS441846Q382NVKJSSC7,23131115,23131110,23131116,23171712,32161416
ZTGBIBF57J2X,ES2BB25DB544B26CD7AA,KS125B56QRYZLXXCSM5Q,KS1203X6ZDCNW2J3RC4X,ES899BA440FA3441F22A,KS120076FGP5WGWYMP0F,19111012,19111010,32161311,19111011,32121312
BV0DEOEGEZQ0,KS1218B62M9QRBY8WRSK,KS127R26PVSGVL35D7L1,BGS8D98954E4BDDA9679,KS1265D6RGJL2Y4J6V5B,KS123X777H5WFNXQ6BPM,19121416,19121510,19121511,19121413,19121110
CKOM5F33DNRE,KS441DK5ZDF8Q8FWL19R,KS683TD6K9QRLNY1PHN1,KS1218W78FGVPVP2KXPX,KSYS066TY12NQ9C68N2K,KS127TJ5WC2Q9Q8NG2PC,11161310,32161415,11161210,11151110,21171010
0T2NCN47DVCF,KS441DK5ZDF8Q8FWL19R,KS122556LMQ829GZCCRV,ES886154C56DD7EB0AFF,ES4E55E2CC427CF883C3,ES3EFC93721B8E5BDC8D,23171521,23151010,23151020,23151016,23151011
QRUEYS2N3K87,KS681KH79MJLQDPB9T88,ESD45EAB54A83A5255D6,KS122VN6PXLVQXP4ZP9Q,KS4424364KPJX7Q4X3YC,KS7G09N768FLPTYZWXWV,23131110,23131115,23151215,23161111,16131015
PP0KLX5RYIAR,KS1287M692W39DYZN8ZZ,KS1226L6XYT1N27WRYJM,ES2598358CF9F778ACCA,KS1224W5XSXCJBNSLLVX,ES88252AFA8F7CBC7420,27121313,27111214,27111222,32131011,27121210
FZQ1W09YW3DP,KS123MG67CDW1C9WF2MR,ESDF44DC766ED1E22E32,KS680KR72KH02C5GM5TY,ES932A5EE6AD7069CE61,KS441ST66XY7925GFPCM,16141210,19101010,27101212,19141311,19141110
6IAQIIJNN0DY,ES65621B26F53842D8BE,KS680KR72KH02C5GM5TY,KS124F463KMJQGJ9DGGV,ESDDA01F465DF2A76CE5,ESDABCAE52DA74894314,19171115,19171212,23171524,27121313,27111214
ZRAD8EJPMLNL,KS124046TRJDP25WFPYC,ES3C8650B6A0820DAFF4,ESC7ED06EEAC1B209A6C,KS127D361PF0FTXDZ7C4,KS1212B6QR5SK1LSD4S4,27101024,27121510,27101212,27121313,27121210
AJ4MH7LKY55W,KS1258D71GC65F25H9TH,KS1218W78FGVPVP2KXPX,KS123X777H5WFNXQ6BPM,ES87885D4EDB576917C4,ESF586319EAC399E9394,11171012,11181014,11171013,25111110,11181013
00AA79Z67YYK,KS7G2F36GFX1K55V6GK4,KS121W46CJXQ5ZQ506MS,KS122C06Z8NDM5G6NYNT,KS122556LMQ829GZCCRV,ESDA036258BA481E3518,15101010,32131213,15101112,15111011,15111014
CR2L6BGRT4LB,KS122556LMQ829GZCCRV,KS1259D6L30YYG3XR3VL,KS124JB619VXG6RQ810C,KS121Z26S4VJLQ1WXN21,KS124QR6F19BX4WPMW1H,21131010,32131311,27121210,32161416,32131526
6T5BC1U0ZQ3G,KSKJX44T33B6D4UCC8CB,ES5515E43EB7FBC6BB6A,KS122VT6S2JJ5C5D80NF,ES32D9DAFE37545AE8B6,ES3D0D72D0902084BC20,21131010,21131110,19161111,14111210,14111117
GA41IZXTNSRT,KS123X777H5WFNXQ6BPM,KS1218R61L2LHV8J334J,KS1217P66NK6BW72M9FH,KS123X777H5WFNXQ6BPM,KS121YX5XHV5QPYV2TXL,19141112,19131211,19141314,12101210,12101310
J7IZVA3T862V,KS4425C7820LCHZS7VGX,KS120SQ5W4Q57JMD2Y81,KS127RR61H1X4CYBBZF5,KS120RN6FDTS9FLCH3T0,KS128HF6HV6ZFR1RR2GC,12101310,12101212,20231010,12131213,19161012
WB2SEREV361X,KS122Q96S1LT3253TW3H,KS4415B77WWH2WCSVHCV,KS127YF631YF6JYZNX9P,KS126SG6WPC673G28PWN,KS1248T6MC5L69MZ2L3R,32161010,32161416,21121210,27111222,21131110
B0B1YOA8OS23,KS121FD6V0JF1LKMF37Z,ES84406857CBEEFACE95,KS127QD6R8SVZFYYKLLM,KS1244J76BBG2CTNYHYR,KS1282077S8NZPGMNQ9B,23171712,23171524,21131110,23171541,23171511
VRJO59VRYR26,ESD45EAB54A83A5255D6,KS13USA80NE38XJHA2TL,KS123L569RWQVSYWRM2F,KS1282M68WL9T4YH3SLF,KS44086772RVPJQ1SVW6,27111320,24151213,31141110,27111314,24151313
GQ7P7SWVTQQK,KS121416Y3FSJSQY10G6,KS7G747655VG23WXMS9B,KS441VT5Y6FNS7YNVML5,ES39AD880B8568B98D8E,KS1218W78FGVPVP2KXPX,32151013,25111110,32161416,32151014,25111518
K26GFXAMHV1F,KS6840J6LR0TLQ86LZJC,ES51980193663083AED5,KS126X663B21NB77ZHSP,KS126HY6YLTB9R7XJC4Z,KS123H56W4F21M098TMZ,20331014,15101115,20111310,23171524,23171712
K1PBCD6FXNOQ,KS124QR6F19BX4WPMW1H,ES57AC32F3207A1E9577,KS1267F6MSPN366LX7ST,KS123HX69V95SC2NJZYZ,KS1218W78FGVPVP2KXPX,23171310,23171410,27111320,20351010,11221117
R7DOYFY5746S,KS441S06L3NZBK0D6JM8,KS123DH6XGCM7J9P0G1F,KS7G2VT72L9WMFRCG4G0,KS125S56Y4CXSJHQHCZJ,KS126ZK60X10ZQ7DRFLR,18151213,18151012,20231010,18151710,20231210
QUA2F9TO0WZN,KS1219570C4LCP9ND4FH,KS121W46CJXQ5ZQ506MS,KS127D361PF0FTXDZ7C4,KS2K20M4MLJI9Q21SHI4,KS123MC78KV644P5DDZ0,19141112,11221117,19131211,19161012,19121011
5UZYDP0LO2K9,KS123X777H5WFNXQ6BPM,KS128275ZSJDZ37SNG87,KS7G6NP6R6L1H1SKFTSY,KS7G7LT731301PM8PGN8,ESEB1D4619E6E83A061D,11191413,11111215,17171610,17121116,11191410
YTK5LBCHY3T5,KS127M36PQPZLCDRJ5FB,KS120LM67JL5MMR5B7PJ,KS1200H6XYN1CR0G5NZ0,KS122556LMQ829GZCCRV,KS1259D6L30YYG3XR3VL,23161012,19121416,19121511,23161015,19161111
8M46H4AH5KTA,KS122LQ6RXJYLR4XGJS7,KS122PG64BT2BT6X15HF,KS124JB619VXG6RQ810C,KS1218W78FGVPVP2KXPX,KS126HS6R7MH1W08PMVR,15101116,11211010,11181017,11171016,20291110
G3JBRRD44NDV,KS124DX6G31F5M9ZHNGC,ESF6E4B693E3BDEFE86D,KS122556LMQ829GZCCRV,KS1245J64SDYL4XNN9G5,ESED820E6065D9AA8D6F,25101110,25111110,25111610,25101210,25111518
UNLPAIH0P4E0,KS121Z26S4VJLQ1WXN21,KS1258C6J7BK2F84V8FC,KS126X663B21NB77ZHSP,KS1287M692W39DYZN8ZZ,KSQPGV2XZO8UMNCC49LK,27101018,27101110,21111110,27101012,32131011
XTNJS18L9GJ4,KS1218W78FGVPVP2KXPX,KS1227Y68P23M2LCD1H1,KS122HR72S509QHX31QQ,KS127LZ60D9NQ074RJP1,BGSDD5FB715C9C84D8AE,27121313,27111214,27111222,23161012,19121416
CGSPFRJ2NWBA,KS123YD6FKBRB6PCBPMJ,KS125HH5XDBPZT3RFGZZ,KS122D46PJ09YVSBV9DW,ESB7D4D9034BC8B2CAB1,KS4403G6XNX5KJSD906W,21121010,20251010,21111510,21121110,21131110
WFAPG0JG3YTI,ES6978BEA54073B22038,KS122CH79G2KSBRRJHTN,KS122LZ73LBCYNVBL9N7,ESC1166A9FAE0B23BDCA,KS121W46N4VQRL4M1NZ2,27121313,27111214,27111222,27121210,32131011
WLIUVJ40Y52Y,KS1206V6K46N1SDVJGBD,KSN64UK0Y12HKNZI2JD7,KS124JB619VXG6RQ810C,ES93374D273ED49FAFEA,KS440Z26T60HXNGBDLL2,27101212,16141210,32131011,27121210,27101110
G4G7NIE3FKP9,ES99B020D66F6670BCA6,KS124QR6F19BX4WPMW1H,KS120ZD60D0C13NZ0W00,KS680KR72KH02C5GM5TY,KS122W867PQYM4N75YWR,11151210,26142010,26101517,11151110,11221117
6ZSSJNJ8TH1P,KS127M06S0HXCWLR8CDJ,KS127D361PF0FTXDZ7C4,KS126SW5ZZYP3HXXPX1X,KS128866SHL94J005TTG,KS122556LMQ829GZCCRV,27111320,27111314,27111322,23171310,19101010
UDKTMONRVBJF,KS0R7EAFEF4YURUY3RZR,KS1203T6J7F2P3TG6Y6K,KS1270P6SLFCFT476Y3R,KS122556LMQ829GZCCRV,KS0OX58VDQ5P1TCYANAN,32101110,32171011,23171510,23171541,23151215
ZR8346AW0EWA,KS120GV5ZXR64CJLL1J4,KSQPGV2XZO8UMNCC49LK,KS121YX5XHV5QPYV2TXL,KS127D361PF0FTXDZ7C4,ESB13CB1EF6E7151141A,27121313,27111214,27111222,27121210,32131011
8ZOI9HDV9NM3,KS1227V6WBR3BH3SJYSZ,KS7G2F36GFX1K55V6GK4,KS61D1BF7H22K0UZ9C3V,KS120HT6RV5641N06YXT,ESE8ED62932D770B73EA,23171528,23171541,23171710,23171540,23171524
XPUDC62G3AUT,ES7BE2AE9C9CE72AE2E1,KS122CX79LYK5C881P71,KS1218W78FGVPVP2KXPX,KS120PQ6XD1JWMFQVJNW,KS1200578T5QCYT0Z98G,11191013,18161310,23151115,23151111,23151116
A44LZ6V7S7O4,KS126SW5ZZYP3HXXPX1X,ESEB1D4619E6E83A061D,KS122556LMQ829GZCCRV,KS120LB6XV5409BCQ0NF,ESFA9982A2A945E439CB,23161012,15111013,23161015,23161016,23161210
QZTGBCQTAIJ8,KS123X777H5WFNXQ6BPM,KS440ZZ6HJGY92HPTWCV,KS121TR61G9J1BMSLHH5,KS120SR6WD1FP76Z6GC2,KS123X777H5WFNXQ6BPM,32151012,15111013,21131110,32151010,21131010
21W2KJNVFOM3,KS122VW78Q67XR4C3ZDW,KS127ZG6DBSF76WF7VYX,KS1217P66NK6BW72M9FH,KS1265F71V3PY4KH0JW5,KS121W46N4VQRL4M1NZ2,27111320,21161310,27111314,21161110,32131526
LA8S8HMBR5XQ,KS127D361PF0FTXDZ7C4,ES113E8C04580A7A1680,KS120GW6MQV89ZGTQ4GF,ES77E58409C583EA9FB3,KS127PY6XCQSQ6R44N9K,13101010,20251110,20251510,22111214,20171810
O6YVPDKFEEKO,KS122556LMQ829GZCCRV,BGS728518228C0E9B62C,KS121Z26S4VJLQ1WXN21,ESF707BD3D8541EC62C5,KS127JM79FJ5MC2D5VH6,25111610,25111310,25111110,25111518,17171610
OFVYG72VWMD5,KS7G0S16FTG6TB0QZD2F,KS441K2756CXYXBG990G,KS4425C7820LCHZS7VGX,KS122FM6NS52BCDZ7GWT,KS126M166T8716PPYKSG,21111510,21121210,21131110,21121010,21121410
22HR5SOSC0WH,KS1218Y74WJ6YV4KH0DM,KS1222C6WKYWRKRXQCR0,KS440LQ6G9FXYT6C7SWN,KS122556LMQ829GZCCRV,ES6C7324B9377A38E0D5,27111320,27111314,23171310,23171541,27111322
RLEXDW6LQWLV,KS124QR6F19BX4WPMW1H,KS1249B6TDJKXZHCZ3NN,KS121XY60R6Z5C3R172K,ESFA9982A2A945E439CB,KS1265D6RGJL2Y4J6V5B,20331033,20171810,18171015,20171811,20171812
KX1S9XKA4LIT,KS125396806XPV2Z8XQ6,ES1EB25A1B677F1EAE85,ES6C29DABFE2921A7EA3,KS128275ZSJDZ37SNG87,KS441LF7187KS0CV4B6Y,23171524,23171712,23171511,23171541,19101010
HD7WG11SXXRP,KS126D668BLGSC15GFLS,KS122LQ6RXJYLR4XGJS7,ES51980193663083AED5,KS1282N6NQMZ95M1HJ7L,KS1282W6V4RX7LC1FDH9,15101115,32131527,23171310,15101112,15101116
8U4F5Y7GE7MG,KS1217R6SMDJ0WQHN6LK,KS125MK6L8XN70ZS40ZY,KS122556LMQ829GZCCRV,KS126SW5ZZYP3HXXPX1X,KS121YT721BY2F3M5YDR,14111117,14111115,14111210,14111114,14111116
E64SKBCBDPDX,BGSEE1E1C4671622F63B,KS120436N14BN10FM7W8,KS1217P66NK6BW72M9FH,KS1218W78FGVPVP2KXPX,KS1222J74V913YX7MFYV,19111010,19111011,19111012,32161419,19101010
1BFW7JN23648,KS1259D6L30YYG3XR3VL,KS441NS6G86NC7BV1S6Y,KSQPGV2XZO8UMNCC49LK,KS126HY6YLTB9R7XJC4Z,KS4415H69VWMG9JC170Z,23161015,23161114,23161012,23151016,11151010
4N89QKNS832E,KS44175745H9Q0DPBDNT,ESEB1D4619E6E83A061D,KS126X663B21NB77ZHSP,KS1207164CW5X2SJPW43,KS1248T6MC5L69MZ2L3R,16141210,16141110,32131011,27121210,27101212
87J5IE3LVO0I,KS4407Q5Z676WM9G2VTW,ES39E5C01E1593CE9E72,ES8F73CC75C618D72F72,KS124QR6F19BX4WPMW1H,ESEB1D4619E6E83A061D,25111310,36111110,27121310,32131526,32161418
3JCZUCQMRUNJ,KS123F95Y4BFF41P3Z6C,KS1219863VWXPRZL5LG2,KS120B874P2P6BK1MQ0T,KS1218H6YTH21VYCT4YN,KS1218W78FGVPVP2KXPX,19141311,19101010,19141110,19101710,19141310
JGFHZ52QZSKH,KS441S06L3NZBK0D6JM8,KS1205H6HZDXGDV2R0QZ,KS127ZG6DBSF76WF7VYX,ES8B8C52EA70D3BD184E,ES76F4C57A88877D6D64,22101214,22111215,22101210,22101213,22111216
UFXWT4SNHFOQ,KS120SQ5W4Q57JMD2Y81,KS124JB619VXG6RQ810C,KS1205G5ZKS8ZZWVPM9Y,KS123HX69V95SC2NJZYZ,KS124546V0PF3HLQZ78V,11151110,11161410,32161416,11181210,23161012
AG75TO3E1E42,KS122C06Z8NDM5G6NYNT,KS1218W78FGVPVP2KXPX,ESA91D8112EB9ECA3570,KS1241L7737YL9MVMX76,KS120KK6YQY9YQSK6DKW,23161012,23161015,23171611,11111012,23151016
UBB9MIT3VHTN,KS122Y76M1VFPXR6TWC6,KS122BM7899YNC6504SP,KS120VC7108H86J50CYW,KS1280B68GD79P4WMVYW,KSMR7JUMAR3WHRWW5087,27101212,27111222,27111211,27121313,27121510
1BOCZKWSSNML,KS1246V69FLYLLNXWSFT,KS1217P66NK6BW72M9FH,ESFA9982A2A945E439CB,KS441S06L3NZBK0D6JM8,KS121056X529461ZF6XW,36161117,36161112,36161120,36161124,36161110
6VTU9FGZV6SU,KS124K866QD6N99JB4WB,KS122SG5Y0Q5YQM7V8KT,KS122556LMQ829GZCCRV,KS1203W702ND09XHKJR5,ES14F9AC68CA0E9A2BA9,25111310,25111610,25111110,14171110,25111518
6JNSCZKM9X9E,KS1220F70GV2P23894FN,KS122HK6LN2MZHFY69GJ,KS122VW78Q67XR4C3ZDW,KS122BL6107G2Z27JWJW,KS123J07373VSJ0QY7BN,32131520,32101010,27121210,27121510,27101212
TD7KFN8K6P62,KS125F678LV2KB3Z5XW0,ES194AC9D5F2AF783E62,KS127LN77V87V52LXM55,KS122556LMQ829GZCCRV,KS120VB76P5WB69FVNRT,15101115,23151010,23151016,20341110,23151216
TD3HTY61JZEK,KS123X777H5WFNXQ6BPM,KS120076FGP5WGWYMP0F,KS126HY6YLTB9R7XJC4Z,KS123X777H5WFNXQ6BPM,ESF7CBEBE067150B911F,27121510,27101024,27121210,32131011,27101212
5JCDZ93I36DE,ES9E070CF7DFD323E9D9,KS123MC78KV644P5DDZ0,ES2EC8932A157A788D11,BGSD4F6E81315300F68E,KSY4WFI1S164RQUBSPCC,23151115,19141314,23151114,19141010,23171521
8DITMOWNX23V,ES4A24B7D11092539EC2,KS127D361PF0FTXDZ7C4,ES4E81D4E042F468C897,KS126B176T0R9RVGBZBS,KS123Z75WFFSZPXNH04Q,20311610,20311810,20341110,32131111,20251510
TWD1XMXB9YO1,KS122J56PZMMFL1SVY1F,KS126X66JWSPRBZJSZZ8,ES36F4349696AA6C1AD0,ES1C53496B6F1ECEDD9A,KS121Z26S4VJLQ1WXN21,11211014,11211211,32131526,11211113,11211110
HHWMF1GZVG04,ES6942CD173CAA05BA26,KS7G747655VG23WXMS9B,KS126HY6YLTB9R7XJC4Z,KS127D361PF0FTXDZ7C4,KS43I7T7CU4Q66EGVQLU,23171521,23151010,23171710,23151016,23151020
DN1GZCV9NXBV,KS1261W6S12LL9NC21GQ,KS120GV6C72JMSZKMTD7,KS123QD780L8N96VD1RM,KS440XG6F9DTD3VG7JTV,KS4411Q6V17S75QFD27S,22101213,18191516,22101214,18151213,11221117
JZ09OWGMF4LN,KS123X777H5WFNXQ6BPM,ESF14A354DDD69B5FBD4,KS1218B5WWXNDNQTN9MP,KS1248T6MC5L69MZ2L3R,KS120626HMWCXJWJC7VK,32151014,32161416,32151018,32131526,32171028
B1DINDLFDTTN,KS122556LMQ829GZCCRV,KS122556LMQ829GZCCRV,KS123X777H5WFNXQ6BPM,KS1218B62M9QRBY8WRSK,ES474893303A3AA6A5B7,13141011,13141012,13141110,13141111,13151110
OPBH4ER3UREV,KS123MC78KV644P5DDZ0,KS441LG5Y8XGW9TP7B4W,KS1217568CHTXMHV7V47,KS122W179TCW8RVX29ZR,KS7G40J769R8LWTZ9550,26102110,18191516,18151213,12101310,12101212
4K3AWLAR0WH0,KS1203C6N9B52QGB4H67,KS440HZ62WR33Y87XTZF,KS3EP9CXRSFB1XIK8GDP,KS121Z26S4VJLQ1WXN21,KS122NY60HCYYDXHQGQN,31121110,31121210,23171528,23171710,26102010
QD6VASIFPWIO,KS127PD6XH0GQ380FJ3N,KS122YN6N9Q3JFJXV01G,KS1228M6S0Q13JW8NV10,KS7G48560M3J3TR2XHDB,KS1259D6L30YYG3XR3VL,16141210,27101212,27121510,32131011,16141110
Z43XZ6OLBA11,KS124JB619VXG6RQ810C,KS7G4X66Q33J9N7G9J4J,KS1203C6N9B52QGB4H67,KS120SR6WD1FP76Z6GC2,KS120HK5XY6JV257QLTX,27111320,27111314,27111225,15111013,27111322
SWOKJ2NI4ZF5,KS126SW5ZZYP3HXXPX1X,ES73A557482F94D812CB,KS1218W78FGVPVP2KXPX,KS4425C7820LCHZS7VGX,ES7AC98A03E7159112B5,32161416,32161010,32121010,32121312,32151018
3W5UZBIKCIDK,KS123KV6WF08H54CCZMF,KS122556LMQ829GZCCRV,ES7C0F86EFAD9BAC3F30,KS121BS6893JT49LJRPL,KS1203W702ND09XHKJR5,23171521,18151111,23151010,24151213,18151118
MVXPJ4HNRIUU,KSDMUMHE63DLB9OKKW37,ES7A07CF87C516875B23,ESB38820A543FA4E3969,ESD83CA5F61022EC07A0,KS120ZC6XFGG98FXT3J2,27121013,27121014,27121313,21121310,27111214
GK9JQTAJPP8O,ES247E73D0513B602714,KS122FB6H3NBQHKZWTBJ,KS124N46RMFSBQFLTM0L,KS441J8781NSVPFKS701,KS1259D6L30YYG3XR3VL,25111110,25111610,25111518,25111515,25111310
DX5O31YHXSO7,KS1226Y6DNDT05G7FJ4J,KS1267F6MSPN366LX7ST,KS441Z66LYF6NLK6SF5J,KS1201477MH4F3DJK1RC,KS125F678LV2KB3Z5XW0,18191515,18191516,17141810,33121010,18121610
9XUY41IBLJH7,KSFJRPQN2KI79W0X0BU6,KS123DZ63CL4S5D74XVG,KS7G2F36GFX1K55V6GK4,KS1217P66NK6BW72M9FH,KS120Z470N04DCZV5SSD,20271110,13141111,13121011,13141012,13141311
35X3X10Y14DS,KS120GV5ZXR64CJLL1J4,KSQPGV2XZO8UMNCC49LK,KS121FD72ZG62L4LVSF8,KSKJX44T33B6D4UCC8CB,KS1218W78FGVPVP2KXPX,32161010,27121313,27111214,27111222,27121210
52ALUNQR8O1K,KS4407H64CVBMTRQZRCF,KS123DP6JFXMPMKNCLG4,ES6204EEE269AF03D4C4,KS1253H61TTR1FZWSRH4,KS1228M6S0Q13JW8NV10,32161416,32171022,25111110,25131710,23161012
F2FXX9XJUE6I,ES43DB1E2DEC412F3A26,ES8F73CC75C618D72F72,KS1284B609S18XT8N058,KS681QS60M1FK19YRHG4,KS128F265DV4XTBR70H7,19121416,32131312,19161111,19121011,19161110
HUKWQVR1H61I,KS1281M7573BG4S5QKMT,KS122556LMQ829GZCCRV,ESF520D61BA7F0946F97,KS123X777H5WFNXQ6BPM,KS123MC78KV644P5DDZ0,24161214,32121312,32151018,15111013,32131611
CM0W3C1ZA0DV,ESB4C707E98B551DE4A2,KS1218H6YTH21VYCT4YN,ES244FF774F76E7DBC1E,KS122556LMQ829GZCCRV,KS1200H6XYN1CR0G5NZ0,19141311,19101010,19141112,19141110,19131211
0OKK0OJBQU11,KS1261Z68KSKR1X31KS3,KS1212B6QR5SK1LSD4S4,KSQ99JKTZ4VRBARWNW2X,BGSDD5FB715C9C84D8AE,KS1200H6XYN1CR0G5NZ0,32161416,26131114,15111013,23111410,32131526
GV3Z6BZ8UUG9,KS1280B68GD79P4WMVYW,KS7G0C36YW29VS8KPC05,KS7G2FX6L5L0NXGGHKMH,BGS794951D216441A250,ES65621B26F53842D8BE,23171524,23171712,19101010,23171541,23171710
OFQ3W32J60V4,KS124H46Q2PP8YC1WQ06,KS1218L60PDVZX16NZT1,KS1267F6MSPN366LX7ST,KS124H46Q2PP8YC1WQ06,KS1267F6MSPN366LX7ST,16141210,32131011,16141110,27121210,27101212
GGO9DVWS3KCV,ESEB1D4619E6E83A061D,KS441S06L3NZBK0D6JM8,KS124QR6F19BX4WPMW1H,KS124H46Q2PP8YC1WQ06,BGSD2F9B776F6F09F686,16141210,32131011,16141110,27121210,27101212
AOREXFT0SAZW,KS126DD6P20BDTT3QHF3,KS7G16D61SMNKDQZLKSV,KS127D361PF0FTXDZ7C4,KS1241K6QZP0P63VLRKP,KS120W86MGP2XXV2NDCC,19101010,19111010,19111011,19111012,19141311
RTLQ74FCM56J,KS121Z26S4VJLQ1WXN21,ES29C56D2465C253FC1D,KS4407S6LGV17DVJXM4X,KS128J16JN44MV9TPN7W,KS122PG64BT2BT6X15HF,19111011,20311810,12111112,17141810,20291110
9VA98BWNAZMP,KS122HK6LN2MZHFY69GJ,KS1201W79NJW2J5ZQDFV,KS122NY60HCYYDXHQGQN,ES3937EEC3D5D7345412,KS1227V6WBR3BH3SJYSZ,23171524,23171712,23171541,23171510,23171511
2QSZO1I736MV,KS123YJ6KVWC91BTMB4R,KS1287R64YNBZGR50Y1N,KS1253H61TTR1FZWSRH4,KS1200H6XYN1CR0G5NZ0,KS2NA4WWH9Z98XXI5K2Y,23171521,23151010,23151016,23151011,23151020
76RWR3S18WK5,KS1203W702ND09XHKJR5,KS122555YNWMN79XR7DH,ESF80FF10258D686691A,KS125P05W7K5MM1Q3BD8,KS7G4ML61B2JX1H1003Z,16141210,32131011,16141110,27121210,32161012
070VK32RGWHG,KS122556LMQ829GZCCRV,KS122B568MKWX1K9STGP,BGSB207414BB6B9E9EAB,KS7G55M6TRB1N24LW2P5,KS127D361PF0FTXDZ7C4,32161415,19161012,32161416,19161111,19181312
83T5KVBOTZL9,KS120HK5XY6JV257QLTX,KS1200H6XYN1CR0G5NZ0,BGSDD5FB715C9C84D8AE,ESACEE6C9DFF25CD2AC9,KS121W46N4VQRL4M1NZ2,32161416,21121210,21131010,32121312,26131114
3U48T5EOA48Q,KS122556LMQ829GZCCRV,KS122CS6VVDJ1FYVYVLJ,ES899BA440FA3441F22A,KS120QQ6ZN003B8B7FK1,KS2MF0PKLNOMTDBZ0S7Q,23171310,23171410,27111320,11221117,11111012
XNTJW3X8GGHT,KS122556LMQ829GZCCRV,BGS728518228C0E9B62C,KSAS8LK1JG2Y0OLN4C53,ESB7D4D9034BC8B2CAB1,ES9E9A9565C329709A50,23121010,23121310,23111410,23112013,23121311
3B27LAK0PNTK,KS120016K8T4NSLN5Q6K,KS124JB619VXG6RQ810C,KSCH2TPBQX91532Y3Q8E,KS12752715S2P1XNBR43,KS127D361PF0FTXDZ7C4,20341227,15111013,20301314,20341212,20341110
CFU9NLGSZ2DC,KS122SG5Y0Q5YQM7V8KT,KS127WQ632MH4X9JDYN9,ES5FAE3A4F21AFC94173,KS128866SHL94J005TTG,KS441BF6DQVK13793NV5,32171013,32161415,32101113,18191520,23171541
F4OHEUN5A8XA,KS125Y462DTP41N0WP4M,KS122YN6108R0RSDXXRC,KS125BH5X5W0R09ZW3B7,ES7AC98A03E7159112B5,BGS2E1275F3C96CC1BA8,27121313,27111214,27111222,12131213,19121416
15MR0VLKBCUS,KS7G09N768FLPTYZWXWV,KS121FD6V0JF1LKMF37Z,KS124JB619VXG6RQ810C,KS123YJ6KVWC91BTMB4R,KS123196V19HLL2MP68M,21131110,21111110,21131010,32151018,32161416
33S5R25ZFC1K,KS126SW5ZZYP3HXXPX1X,KS124TG6C6GQ3RGYBJ3G,KS120V86MZWV9Z9LKQY3,ESC7869CF7378283E0AA,ES8B03DAD3B526316ED9,22101214,22111215,22101213,22101210,22111216
PD1OTXS3FEWS,ES9E9A9565C329709A50,ES2F712D74818EF2888E,KS1218W78FGVPVP2KXPX,KS124JB619VXG6RQ810C,ES9FB32769C9772653CA,20311610,20311810,20341110,20251510,20251110
G2AHN110BS6T,KS13USA80NE38XJHA2TL,KS7AASDV6UOE7VFBGF4D,KS126D668BLGSC15GFLS,KS1203C6N9B52QGB4H67,KS126X663B21NB77ZHSP,23111310,23101010,23101110,19131211,11111012
31W0GQ34PGGC,KS128HP65N6N70YV5ZM7,ES4518F103AE565F4D14,KS124CP6S5C70QSGJ0JF,KS126SW5ZZYP3HXXPX1X,ESC9F0E0647E6479F635,14171510,25131310,20171810,20171812,20171811
7Z5Q8P6U5PS4,ESEB1D4619E6E83A061D,KS123KV6P7JVKY7RBTV2,KS120WJ6DDFT0JYZGWMT,KS122B071LMGXVTT3Z91,ES72D57E1BC4BB22BBB0,11211010,24151320,24151213,20191216,11211014
HWV6FLVYWAPK,ES932A5EE6AD7069CE61,KS1213Q5Y632QWZ7PVVS,ES653DA9F469DBE107E8,ES15BC88203CFFC6C38D,KS1203V5WXB7NG26XSR8,19111011,19111010,19111012,19101010,19141311
JD2O655W5F0V,KS125L467KML43P0GJKK,KS122CB6Q88SGJ14VL6X,KS7G0Z579RRP7TRC2L9T,ES8B867675B7DA42B6CF,ES21B4DC5789F40AFF1E,32151013,32151015,25101010,21131010,32161416
84JRH8IPTC16,KS1253H61TTR1FZWSRH4,KS440Y975RD841M02V3S,ESFD632269D58EDEB798,KS120ST66K9HBSZ7MPS3,ESBF952629C36426E564,23171611,11221115,23151210,11221117,23171610
293TLO1I7XJ2,KS122556LMQ829GZCCRV,KS123MC78KV644P5DDZ0,KS1241J6PC0N3DT65QG8,KSQPGV2XZO8UMNCC49LK,KS2DSDNSP4UY5VRHV2CM,21121010,21121210,21131110,23171515,21111510
GFVND9Y7U6UA,KS127D361PF0FTXDZ7C4,KS121F45VPV8C9W3QFYH,KS4425C7820LCHZS7VGX,KSMNXY6MPS1EDWJ8P6B0,ESC30CE730D2C915B3D0,23171712,23171524,23171716,23171510,23171541
5CF72GNNV9IB,KS441K2756CXYXBG990G,ESC7FA9C2F88986150E7,KS1203W702ND09XHKJR5,KS123X777H5WFNXQ6BPM,KS121YT721BY2F3M5YDR,32171011,11191111,32101110,19101010,32131510
I14KMRY09SGW,KS1233L6BGZ6R7D2FX0H,KS1224W5XSXCJBNSLLVX,KS1203W6419RJG2KW4QS,ESEB1D4619E6E83A061D,KS121FD6C54FQXWLKZSF,19111011,19111010,19111012,19101010,19141311
EYERBL6SGW2N,KS1282M76ZSYM2QR0MNS,KS12160602V51N7SJSX8,KS120WQ677W47TWMCBB2,KS121W46N4VQRL4M1NZ2,ES17006014D09C0CB92C,19111012,19111010,19101010,19111011,19141311
45BM1ENF313F,ES86C12B1AA904C0F35F,KS1203W702ND09XHKJR5,KS120V86MZWV9Z9LKQY3,ES86C12B1AA904C0F35F,KS127D361PF0FTXDZ7C4,23151010,19101010,19111010,19131211,19141112
7OBBC83Y0CLC,KS125F678LV2KB3Z5XW0,KS1218W78FGVPVP2KXPX,KS120MQ655HPY3MW500F,KS122626T550SLQ7QZ1C,KS120B874P2P6BK1MQ0T,17151010,23171310,23171410,11211010,11211014
YDZZB3OCJZ5Q,KS124DQ6JX0NX9DBFDM8,KS4411K72SMWJT5VB2W3,ES832D5A4A82C0C5C93D,KS1226L6XYT1N27WRYJM,KS120ZX6H5TZTL8P9N3F,14111115,11221117,23151215,14111210,18121012
WWP82QZTT1BL,KS7G4435Y86B10HMV3H3,KS123Y170JP7JBSFVBSS,KS126X663B21NB77ZHSP,KS127D361PF0FTXDZ7C4,KS122Q36X6HDLHL9MHNW,19111310,19101022,19101512,23121010,23101010
AFF0GO357BD0,KS1227V6WBR3BH3SJYSZ,KS125SJ6J3FPRPLTSD7J,KS440PV6FRJ90X0QFNLY,KS121Z26S4VJLQ1WXN21,KSQPGV2XZO8UMNCC49LK,27121210,27121313,32131011,27111214,27121510
2Z0LJCH2VFFQ,KS125F678LV2KB3Z5XW0,ES8E169C1E1771773EF4,KS1226Y6DNDT05G7FJ4J,KS1218W78FGVPVP2KXPX,KS120RN6FDTS9FLCH3T0,20341214,20341218,20251110,20101310,13101010
55J2O7S3KKV9,ES3C8650B6A0820DAFF4,KS440726NL4QJRHCMR43,KS1203T6J7F2P3TG6Y6K,KSS30WWC1QZQY5T61CS5,KS125Y462DTP41N0WP4M,19161111,32171011,32131526,32101110,19121416
QQQT0YGSCPVF,KS123X777H5WFNXQ6BPM,KS124TG6C6GQ3RGYBJ3G,KS1218W78FGVPVP2KXPX,KS120GV5ZXR64CJLL1J4,KS440W865GC4VRBW6LJP,22101214,22111215,27121313,27111214,27111222
GLQKBEC54T59,KS123X777H5WFNXQ6BPM,ESFB6F6182E69DA80843,BGSB77E6D707DDDC94B2,ES6E39E33A18E69CDA9B,ESD08BE3B3B176DC2269,16141210,11171016,32131011,16141110,27121210
TWQOYBZ8GICR,BGS7C5C5DDBBFEC89BA4,BGSA720E33A12FF07972,KS1228M6S0Q13JW8NV10,KS12258708D9TH7TR7ZR,KSAS8LK1JG2Y0OLN4C53,32151018,32161010,32161416,15111011,15111013
51OB537QO4Z5,KS126L563YF9YNQQQ832,KS120RM619V18NJXTHV1,KS125LS6N7WP4S6SFTCK,KS441K2756CXYXBG990G,KS1233N5Z0RM8G4MT4C9,19121416,19161111,12101212,23171712,12101310
L3TKQVXCRLGF,KS1218W78FGVPVP2KXPX,KS1203C6N9B52QGB4H67,ESD6900529C590F09DE6,KS121166ZTSL5011K9Q3,KS122PR6NST1560F3X9L,23151115,19121011,23151111,23151114,23151116
Y8FV2BC2NNUV,KS123X777H5WFNXQ6BPM,KS122556LMQ829GZCCRV,KS4418H63Z3RP725L3BW,KS120RN6FDTS9FLCH3T0,ES8322E9AC7B77C47894,23171521,23151010,23151016,23171541,23171543
Y2NB958804XX,KS440W865GC4VRBW6LJP,KS1217R6SMDJ0WQHN6LK,KS122NY60HCYYDXHQGQN,KS126J46GGVZB8BGGXSY,KS1267F6MSPN366LX7ST,14111115,11221117,14111117,14111114,11221115
E41OFV14J643,KS121CX75Q8F638ZCJVZ,ES6204EEE269AF03D4C4,KS123X777H5WFNXQ6BPM,ES20CECA4FF83ECE8196,BGS9962A44D6E47E23AC,26101514,26101517,23161012,15111013,19181312
45J69TB386TG,KSFX6JBNDFS27G78LHSA,KS4411H6DM87QLDT97JT,KS440416LJHKZHQY4ZB9,KS1218F6BBP93B6NJNYL,ES9CDAB775689FA9DF42,23171521,36161117,36161120,36161112,25111610
M91KQZJQAMZC,ES97A20B847203DF73EE,KS123DP6JFXMPMKNCLG4,ESED1A3EF7530A9164DB,KS123DZ63CL4S5D74XVG,ES899BA440FA3441F22A,25111110,25111518,25131710,14171410,25111515
TIVEH8VFNQGN,KS128866SHL94J005TTG,KS1287R64YNBZGR50Y1N,KS126V0690FS8FFVY4M3,KS120ZX7019J4V8DHBTM,ESB2BB38D284725785EC,32101113,19111012,23101010,23111310,23121010
Y2N3NFC37V80,KS125MK6L8XN70ZS40ZY,KS122VG6CZLXDJSQS3FB,KS1282N6NQMZ95M1HJ7L,KS440726NL4QJRHCMR43,ESEB1D4619E6E83A061D,16141210,23171310,16141110,23131115,32131011
UVD3XAK74F5Z,ES65621B26F53842D8BE,KS122626T550SLQ7QZ1C,KS125B569R313XT23LHY,KS1200H6XYN1CR0G5NZ0,KS125F678LV2KB3Z5XW0,23171524,23171712,23171710,23171541,23171510
6K8DJZR5SWK8,KS126WH5XRQYSNP9JGC5,KS120W86KJ30NQJCQ3ZP,KS121YT721BY2F3M5YDR,ES76F4C57A88877D6D64,KS122556LMQ829GZCCRV,19101010,19141311,19111012,23151215,19141110
3TNKZIY75ITD,KS44086772RVPJQ1SVW6,KS125F678LV2KB3Z5XW0,KS1275Z6908VHW76FRXH,KS120B874P2P6BK1MQ0T,KSXFDM4R9Z7SQXYYZZQO,23171510,23171541,23171810,23171710,23171310
E2NFZKXY2YA9,BGS3A9918446203012B2,KS126X663B21NB77ZHSP,KS1282K6QK68NJHMG8V2,KS124WD6XB7RT57LR817,KS122556LMQ829GZCCRV,20251510,16141210,16131015,20341110,20311510
62G6B4TSG0S0,KS124WG732M8CKGG55BK,KS440F476G8SKQRTH4CY,KS1261Z68KSKR1X31KS3,KS441LY691MT0N689MWR,KS122556LMQ829GZCCRV,23131115,23161015,23161012,23161114,23161110
XF36L3EXTS6Y,KS120W86MGP2XXV2NDCC,KS4407H64CVBMTRQZRCF,KS127D361PF0FTXDZ7C4,KS680KR72KH02C5GM5TY,KS7G2F36GFX1K55V6GK4,19101010,19111010,19111011,19111012,19141311
7FLV7EJM1R1Q,KS120NP6J9YGDMN22JGF,KS121FD6C54FQXWLKZSF,ESC5567F7A6FA12D0DCD,KS1237Q641KJ70G6JZ8C,KS1259D6L30YYG3XR3VL,21161310,21161211,19141311,19101010,19141112
1CMDRMA7YPCF,KS1280B68GD79P4WMVYW,KS12752715S2P1XNBR43,KS122PM76DCYL9WC89Y7,KS7G4YT72YHJ3BVJ4P56,KS1219F6TX2C4YWCN0F8,23121010,23101010,23111310,23101110,23121311
NQVIEXGOBZPE,KS7G7LT731301PM8PGN8,KSQPGV2XZO8UMNCC49LK,KS1282K6L2GNN4SDY2WN,KS441JM64022GT53T0LV,KS1282Y5ZSX4FGTYXP1C,20311610,32161415,32131211,32161417,32131210
9881UN1COQAV,KS7G2F36GFX1K55V6GK4,KSKJX44T33B6D4UCC8CB,BGSDD5FB715C9C84D8AE,KS125F678LV2KB3Z5XW0,KS440Y975RD841M02V3S,32161416,26131114,32151013,32161415,32131526
X808H0OCOG2X,KS125RT75ZYS4TCFJ0H8,KS126SW5ZZYP3HXXPX1X,KS125KQ5WKM97L66SSQY,KSZGBI5RVDDC0KZXZGB4,ES47BA93FC30E2F301DC,23161012,23161015,22101214,22111215,22101213
N3B8PFY4QCYD,KS4418N6FQRBLKJM791N,KS4404S6YYWRS055SPRQ,ESB38820A543FA4E3969,ES501046F1CC91CBA0D3,KS122556LMQ829GZCCRV,25111610,25111110,25111310,14171110,14122110
F6Y5V9JREHMI,ES26F70DE1799788D6F9,BGSA720E33A12FF07972,KS124JB619VXG6RQ810C,KS121Z26S4VJLQ1WXN21,KS120RN6FDTS9FLCH3T0,15111011,27121210,32131011,27121510,27101212
11ZSB8LV6TX0,KS123HX6YG0PPBXV3922,KS7G2ZB6N9RBHQZXD86Q,ES8F73CC75C618D72F72,ESED820E6065D9AA8D6F,KS1217568CHTXMHV7V47,32171028,32101010,27111320,32101013,32131510
BFIY5PU5WH50,KS124WD6XB7RT57LR817,KS440726NL4QJRHCMR43,KS125F678LV2KB3Z5XW0,KS7G0S16FTG6TB0QZD2F,ESE32E789240D17A61B7,20251510,32121312,32161010,32161416,32161415
RONTDI9OINUX,ESEB1D4619E6E83A061D,KSFX6JBNDFS27G78LHSA,ES2485681ABF954DB2BA,KS124JB619VXG6RQ810C,KS1244K68C6XP7VF1ZCX,23171521,12101211,23151010,23151011,23151016
NUKONDHKBRJI,KS120SR6WD1FP76Z6GC2,KS44253607FYTYCJNMPZ,KS1201W79NJW2J5ZQDFV,KS123XT6RSRP6JL7K865,KS120FG6YP8PQYYNQY9B,16141210,32131612,16141110,32131011,27121210
U2EIZG1NAT0A,KS7G4956GFZ2FR5Y8YBC,KS122556LMQ829GZCCRV,KS441DK5ZDF8Q8FWL19R,KS121Z26S4VJLQ1WXN21,KS441WD75CKH6JF3WRCW,23161014,32131211,18191216,32151012,23171529
7W7N0S6WST0X,KS1212B6QR5SK1LSD4S4,KS1223966G4Q22CCCYC6,ES26F70DE1799788D6F9,KS1241L7737YL9MVMX76,KS124QR6F19BX4WPMW1H,32131520,27121210,32131011,32131510,32171011
P3BAU57OTE0Q,KS124FP642Q7P7TBPPZN,BGSB207414BB6B9E9EAB,KS441FM75ZDSSYXG6M84,BGSBC6553CCF3F292F02,KS1267F6MSPN366LX7ST,27121313,27111214,27111222,19161012,27121210
F0ONJPI163YK,KS121YT721BY2F3M5YDR,KS121BS6QFLZVY39PMHD,ES8B03DAD3B526316ED9,KS1265D6RGJL2Y4J6V5B,KS1217P66NK6BW72M9FH,15111011,32121010,15111013,15101010,27111320
E0EWRJIWML12,KS1218H6YTH21VYCT4YN,KS124QR6F19BX4WPMW1H,KS126QY605N7YVHFYCTW,KS121Z26S4VJLQ1WXN21,KS126256R04NWVG6Y5C0,19141311,19101010,19141110,19101710,19141310
A0L7253J2D54,KS1253H61TTR1FZWSRH4,KS7G2F36GFX1K55V6GK4,KS122586QWFFB748FK03,KS1248T6MC5L69MZ2L3R,KS1218W78FGVPVP2KXPX,12101010,32161416,11221117,32151014,32161415
QNEZW9HEYCE4,KS1258V6589GV6G2X033,KS123SS6LVFYNXQPGJZW,ESEB1D4619E6E83A061D,ESE7CF2084EE07193255,ESD2E40612EB020541B8,19101512,19101610,19101510,19111310,19101022
WQ1GAZ5UH80Q,KS1265K7167WTNMBJK42,KS1220G68PD5STH2DL2W,KSUN94G8CW4Q8EEUBMV5,KS122HK6LN2MZHFY69GJ,KS123X777H5WFNXQ6BPM,27111222,27111214,27121313,27121210,32131011
I3TAMVNCZTZO,KS124JB619VXG6RQ810C,KS126X663B21NB77ZHSP,KS1203S6MM7GLDM71WQD,KS125SS6Z01PYP99SN5G,KS120BV6SR75RBKQH0G3,17171510,19111012,19101010,19111010,19141311
UK9E1V2ISQP4,KS1284G6MK1552WHSZ32,ES2358C2129904DEF59F,KS441K2756CXYXBG990G,KS440ZB6SL0GGNRMHH11,KS122C46Q68397G8TBNW,23171521,23151010,23171541,23151016,23151011
FCO3S65QU0K5,ES750DFF3E0853E95124,KS121YT721BY2F3M5YDR,KS124685Z7C03V020F5V,ESEB1D4619E6E83A061D,ES4512E57CF178E77F7B,23121010,21131010,23121311,21131110,19101010
AFYH1FKJ4YK1,ES65621B26F53842D8BE,ES2AAD427D871251857E,KS122555YNWMN79XR7DH,ES899BA440FA3441F22A,KS122556LMQ829GZCCRV,23171524,23171712,23171710,32121010,23171541
4ZUZ0PJQTF8N,KSLT31GWV917Q2X140JN,ES36F4349696AA6C1AD0,KS122CX79LYK5C881P71,ESAB2C2E5E7E78A3527D,KS120SQ5W4Q57JMD2Y81,23151115,27101110,23151111,32131011,23151116
QRYY8NXW068A,KS124596WWBB538KGM0G,BGSDE68143321176062F,KS120S165SXK6CKVK77P,KS7G55M6TRB1N24LW2P5,KS7G7LT731301PM8PGN8,23151115,32131520,23151114,23151111,23151112
CW9RTNFW6SZF,KS121DD6PJVP5J55TD7Q,ES38C838634C9F2E7B7F,KS121Z26S4VJLQ1WXN21,ES439A3D77AADCA9287D,ES6954515CF03D349D62,13121011,20271110,20341227,13141111,20251310
UW37J9GGFWJ6,KS440RY5VQ3ZB0CBX50F,KS120GV5ZXR64CJLL1J4,ES46923913EBF2438BDF,KS1238H659P08Z726BK8,KS126HS6R7MH1W08PMVR,27111214,27121313,27121013,27111222,27121210
CQXCS1XSRQLN,KS1267G65F62ZDQ9W3DW,BGSD2F9B776F6F09F686,KS440F476G8SKQRTH4CY,ESF6784E14B1812D7FE4,KS125F678LV2KB3Z5XW0,23171528,23171541,23171710,23171524,23171810
YSX9OJWUDRGT,KS7G6YG64JBBTX2X6KVB,KS127D361PF0FTXDZ7C4,KS120LB6XV5409BCQ0NF,KS126HY6YLTB9R7XJC4Z,ES665E24CD3C689EAD3D,20291110,12101310,12101212,15111013,20231010
WGI8Y0423H7T,KS122NY60HCYYDXHQGQN,KS1200H6XYN1CR0G5NZ0,KS1218W78FGVPVP2KXPX,KSKJX44T33B6D4UCC8CB,KS1203V5WXB7NG26XSR8,19111011,19111010,19111012,12131213,19101010
QLQP66ZVGIMR,KS124JB619VXG6RQ810C,KS124JB619VXG6RQ810C,KS123Y76D7JBC3TT7S7W,KS1218W78FGVPVP2KXPX,KS127D361PF0FTXDZ7C4,19101010,19141311,19111012,19111010,19131211
TWFTQ9Y69XFQ,KS126966B855ZD18V48R,KS122556LMQ829GZCCRV,LCSENPI130DLIIYU7AGB,ESCEB846B18AE3AA123A,KS122NY60HCYYDXHQGQN,18181410,18191610,18191516,18191910,32151013
EAXYLNFXJ4PN,KS1259D6L30YYG3XR3VL,KS121Z26S4VJLQ1WXN21,KS1253H61TTR1FZWSRH4,KS440PV6H6S2F16NLXYF,ES6D557B9D5BE598FD74,23171528,27121510,23171710,27121210,32131011
43D8W3ZP08J3,ESEE2583C4CF7E349529,KS123X777H5WFNXQ6BPM,KS1282V6K6P00L8ZP42P,ES58B589F1D2D5363714,KSKJX44T33B6D4UCC8CB,23121010,12101210,12101212,23121311,23111310
F54SRNJ62SQR,BGSDD5FB715C9C84D8AE,ES9E9A9565C329709A50,KSJF3PBD3995K6E0OF1Z,KS1259D6L30YYG3XR3VL,KS7G4YT72YHJ3BVJ4P56,32161416,23171521,26131114,23151010,32131526
FNKOMV2XCDYK,BGSCBEE022A65FF4CA9E,KS120GV5ZXR64CJLL1J4,KS441LG5Y8XGW9TP7B4W,KS1224W5XSXCJBNSLLVX,KS123MC78KV644P5DDZ0,23161012,23161015,27121313,27111222,27111214
I0DG95K0GH1I,KS1200771D9CR9LB4MWW,KS1272Y6RFNZKNGWDWMB,KS1226Y6DNDT05G7FJ4J,KS1255P5VX96MR2YN65Y,KSICGCWN7QE2ACL2CP67,23121010,23171541,23121311,32121310,23111310
L4BKUU5CZECC,KS121Z26S4VJLQ1WXN21,KS123Y66DNRSJ1QGK9NW,KS120GV5ZXR64CJLL1J4,BGS161A71C344EB2E8DA,KS122P46PRC96YRQJ90R,27121313,27111214,23111410,27111222,27121210
LRDMZVXY16ZG,ES383B16CCA5EC68F385,KS123H8759405VLYXGLP,KS44175745H9Q0DPBDNT,ESCA52100E7DBDF47A7F,KS122556LMQ829GZCCRV,23151115,23151111,23151116,23151114,23151117
DLONKCP8OV5N,KS1218W78FGVPVP2KXPX,KS1214068GRCBP8WFT5P,KS120GV6C72JMSZKMTD7,KS7G6NP6R6L1H1SKFTSY,KS122ST5X31W4TVGPN0B,32161421,23151115,32161010,31151310,32121312
20XKIAIPRQQ5,KS1267F6MSPN366LX7ST,KS440YG6FTKMML98LYWM,KS127D361PF0FTXDZ7C4,KS1219677F286BXFPBNC,KSKJX44T33B6D4UCC8CB,19101010,19141311,19101016,19101310,19141110
MQ5S45NMTVZ2,KS120ZH69WYL1431RP7P,KS126W16FC8LHWZ6N3YN,KS4425C7820LCHZS7VGX,ESFA9982A2A945E439CB,KS121YX5XHV5QPYV2TXL,27111214,27121313,27111222,27121210,27121322
LLYA85BEKTJE,KS1259D6L30YYG3XR3VL,BGSAA93822820DF21114,KS128866SHL94J005TTG,KS7G747655VG23WXMS9B,ESEB1D4619E6E83A061D,32151014,32151018,32161416,32161417,32171022
AQ3J9X2HK5GY,KS4407J6G3HPTRRSNZR6,ES968B45391FB76EC4F5,KS1241P6PXRCKTDSWHTV,KS1207164CW5X2SJPW43,ES7A07CF87C516875B23,16141210,32171029,32131527,23101010,16141110
LBO9EWO7TCBW,KS124RX787SQ1WVD8XF6,KS122556LMQ829GZCCRV,BGS5AACE1002F4F74CA7,KS440QV5XFLXCJGYZZZG,KS441S06L3NZBK0D6JM8,32161311,27111320,23171810,23171541,27111314
OARRXC9MIDUX,KS680KR72KH02C5GM5TY,KS125WR68JRPG2YBFPP3,KS121Z26S4VJLQ1WXN21,KS441075WGFJJ4GRFG2Q,KS4417D6KR1JMCDVG38G,19121416,19101610,32121010,19111211,19161111
6GA2SDFC8IO3,KS125PR73HNP7LH485XT,KS121YT721BY2F3M5YDR,KS1218W78FGVPVP2KXPX,KS126HY6YLTB9R7XJC4Z,KS124G66QWSYM012SWS5,23151115,23151114,23151111,23151112,23151215
W4YIF5D9REXP,KS126JQ6XYN4C480370S,ES58436FD74A0F08B296,KS1218W78FGVPVP2KXPX,KS123NJ76GJLK91JS75M,ESEB1D4619E6E83A061D,25111110,11231110,11231111,32131311,25111610
GPILEREKJS7Y,KS122MP6KKDNSFRC2LXF,KS7G7LT731301PM8PGN8,KS44086772RVPJQ1SVW6,KS123X777H5WFNXQ6BPM,KS124F463KMJQGJ9DGGV,27121313,27111214,27111222,27121210,11151110
F5S4JD1AYAQR,KS1226Y6DNDT05G7FJ4J,KS125BH5X5W0R09ZW3B7,KS125WR68JRPG2YBFPP3,ESB13CB1EF6E7151141A,KS4408L61RHMD4XLWTM6,19121416,32121010,19161111,19121110,23151312
4TKB9OI0D4DM,KS122VT6S2JJ5C5D80NF,KS1200578T5QCYT0Z98G,KS120626HMWCXJWJC7VK,KS124TG6C6GQ3RGYBJ3G,KS7G2P95Z7JT2JK0ZP65,22101214,22111215,22101213,22101210,22111216
5AHC0OKRCW9I,KS120BV6SR75RBKQH0G3,KS125K861RZXRSY7NPF7,KS681KH79MJLQDPB9T88,KS121W46CJXQ5ZQ506MS,KS1200365FTR9X0M96T9,24151313,24151222,24151319,24151320,23111410
A908CMQXGYMY,KS120SR6WD1FP76Z6GC2,KS7G09N768FLPTYZWXWV,KS1200H6XYN1CR0G5NZ0,KS1214R5XG4X4PY7LGY6,KSQPGV2XZO8UMNCC49LK,23171712,23171510,23171524,23171716,23131116
IJXM5LZE6HVO,KS4402D67MDP23KB0JGR,KS123X777H5WFNXQ6BPM,KS125Y462DTP41N0WP4M,KS127FQ6L0G5SBYPYZ26,KS121W46N4VQRL4M1NZ2,19121416,19141118,19161111,21151010,19121011
9Q44DVVPGB8I,KS126HY6YLTB9R7XJC4Z,KS125RT75ZYS4TCFJ0H8,KS7G1YH6989K60428HFJ,KS120SQ5W4Q57JMD2Y81,KS440W865GC4VRBW6LJP,20231210,32131510,32131520,32131526,32171011
73CKNU2MWM37,KS120BV6SR75RBKQH0G3,KS122556LMQ829GZCCRV,KS441PL6JPXW200W0GRQ,KS1259D6L30YYG3XR3VL,KS1226G65C5SZWSX3WJQ,32101013,32101010,32171018,32131526,32101110
XP0UO7RV87ZM,KS123J36CN950KHKWC4T,KS124JB619VXG6RQ810C,KS120ZX6H5TZTL8P9N3F,KSGDZ4VMK1WCGQCE1KUT,ES1C7487AD1B6C91C127,20311610,23171524,23171712,22111215,23171510
1ZAQ7QHAK7MD,KS120C76T2L99X2YNKS3,ESE6F0148C7A499C5987,KS1218W78FGVPVP2KXPX,ESBF952629C36426E564,KS1253H61TTR1FZWSRH4,16141210,16141110,27101212,23131010,25111110
PKLJ670LJC6W,ES3394E4839769062BF9,KS122J56PZMMFL1SVY1F,KS1227P6FBK34WLH6X8Z,KS440ZC661D1D248K9QG,ESE9117F9A17CC38D937,23101113,23171310,23171410,32151019,23141210
9NIFMPEOSO1F,KS440S66DFM34BM1MH7H,ESC1166A9FAE0B23BDCA,KS441DK5ZDF8Q8FWL19R,KS128096DK61XN3BWBPT,KSQ99JKTZ4VRBARWNW2X,11151110,11151010,32161416,32121312,23171543
VNPPUFU73UHR,KS4410Q6TN140M067HLK,KS123J07373VSJ0QY7BN,KS1280B68GD79P4WMVYW,KS123196V19HLL2MP68M,ESE48A333764A28095DC,19151210,11161010,11181013,11171012,18121011
D84U89YJB1QX,ES93374D273ED49FAFEA,KS1218W78FGVPVP2KXPX,KS1282R607CFYF1FWJ74,ES3C8650B6A0820DAFF4,KSC1RRO3AS84AHEBGS9E,14111115,14111117,11221117,21121110,21121010
AKVXT2FHO8CC,KS1258B6FBG9B2CQ169N,KS124JB619VXG6RQ810C,KS1200H6XYN1CR0G5NZ0,KS1263K71W66XVVGKG2F,KS1210M6L42L5M4YPFMV,19101314,25111110,19101313,19141311,25101110
WXROG983AMB3,KS4401Q6TM90DBQSF645,KS1200H6XYN1CR0G5NZ0,ESA2046B83319C31C349,KS441DK5ZDF8Q8FWL19R,KS440Q06MGSDDYBDLD9Y,23131115,27101212,23171712,27121510,23171716
15Z8VMUHXID4,KS121BS6QFLZVY39PMHD,KS43I7T7CU4Q66EGVQLU,ESEB1D4619E6E83A061D,KS122MK65TBR6RDBZL1P,KS441JM64022GT53T0LV,20311610,15111011,23151115,23151111,23151116
G8Q3GCG1J6OW,BGS7B708B9B8F0CC6ADD,KS1217X6TT5N14H0N0P4,KS7G7LT731301PM8PGN8,KS4407G738TDFF425V8C,KS123HV5WHQXDMXZ667K,19111012,19111011,19111010,25111110,25111518
KJFCLCCR9D47,KS120L771PM275D58Q8Z,KS127LN77V87V52LXM55,KS123X777H5WFNXQ6BPM,ESE91DB5BCB868512FDC,KS127PD6XH0GQ380FJ3N,22101311,22101214,22111415,23171528,22111215
0VGNXB5JTB9X,KS121KB68PWHRPJCJKQJ,ES5239688B6AB9DB6662,KS440ZZ6HJGY92HPTWCV,KS121Z26S4VJLQ1WXN21,KS4415Q7473P0DBBD5Y6,19151410,19161111,23161115,23171611,23171521
O0L9LAYKE3ZC,KS126X663B21NB77ZHSP,KS126X663B21NB77ZHSP,KS7G2F36GFX1K55V6GK4,KS1259D6L30YYG3XR3VL,KS1238J5Z67LVF879RRH,27121313,27111214,27111222,27121210,32131011
6RXOZ5CUWXG8,KS120SR6WD1FP76Z6GC2,ESEB1D4619E6E83A061D,KS123HV5WHQXDMXZ667K,KS1285T645JRKKFWSV0W,KS120436N14BN10FM7W8,19111010,19111011,19111012,19101010,12131213
5TAO1CJFX5LI,KS440PV6FRJ90X0QFNLY,KS441PL6JPXW200W0GRQ,KS1259D6L30YYG3XR3VL,KS4403G6XNX5KJSD906W,KS4407H64CVBMTRQZRCF,32171022,32161416,32151014,32151018,32131526
9WRR513BB6F0,BGS1E1B7E03C22EE6F65,KS440HG71DHMZX7FDNH9,KS441846K903WT1RYDKJ,KS123YM600CLQQD1GP56,KS122P86NZFH1GP38G15,19121416,19161111,23161012,19121011,19161110
EULTMD3BPEQP,KS122C06Z8NDM5G6NYNT,KS125RZ5X2MBLVC6F634,KS440C365HRHPM9VQDFF,KS124F463KMJQGJ9DGGV,KS4425C7820LCHZS7VGX,27121313,27111214,27111222,27121210,32131011
0I7MTPFORPOK,KS128296MSCLM11LM55F,ES76F4C57A88877D6D64,BGSDD5FB715C9C84D8AE,KS4425C7820LCHZS7VGX,KS1224W5XSXCJBNSLLVX,25111110,26131114,32161416,25111610,25101110
BEI13HESH3PF,KS560WWYRXCX5ABQRPKB,KS1282K6L2GNN4SDY2WN,KS681QS60M1FK19YRHG4,KS1218W78FGVPVP2KXPX,KS440MF6LJN6379ZF4PT,32161415,13101010,20251510,20251110,27111222
ZLXOECM785ZD,KS120VC7108H86J50CYW,KSQPGV2XZO8UMNCC49LK,KS1200B62W5ZF38RJ7TD,KS440HC69SXL74ML9T2Y,KS1226Y6DNDT05G7FJ4J,32161010,32151014,32161416,32121312,23171510
WDCOKZ5SYJ3D,KS122YN6108R0RSDXXRC,KS125F678LV2KB3Z5XW0,KS1281M7573BG4S5QKMT,KS1225S77RQ7T10BMPXN,KS123X777H5WFNXQ6BPM,27121313,27111214,27111222,27121210,32131011
WL91QJWNNHN3,KS120W86MGP2XXV2NDCC,KS7G4XR784Q66ZDX1WKL,KSET2IWJVEGUTA3JC9WG,KS120165YQ5Y4JGQC03L,ESB1124979CDD2E19C66,19101010,19111010,19111011,19111012,32131011
T0OYPKB571WZ,KS1253H61TTR1FZWSRH4,KS123MC78KV644P5DDZ0,KS13USA80NE38XJHA2TL,KS120Z378ZMS5RKCS43X,KS1224W5XSXCJBNSLLVX,19101012,19141311,19141111,19101010,19131211
AXEQBNHL1N13,KS122556LMQ829GZCCRV,KS7LO8P3MXB93R3C9RWL,KS120VC7108H86J50CYW,KS125F678LV2KB3Z5XW0,BGSDD5FB715C9C84D8AE,32161416,32131526,26131114,23111410,32131511
DLSWZUAH35QR,KS126BW62RVX5VPC1PWZ,KS126SW5ZZYP3HXXPX1X,ESE1B279F38C73E025BD,KS1284B609S18XT8N058,KSKG9OA3NDST6929VROF,20311610,20311810,20251510,20341110,20311510
E13N3BZT9D31,KS1226L6XYT1N27WRYJM,KS1256W6MPKRNM11QMPM,KS121Z26S4VJLQ1WXN21,KS1206Y6W7F5JS3VBTFL,KS1218L60PDVZX16NZT1,16141210,32131011,27121210,27111222,16141110
6I62R2CXTJYR,KS122556LMQ829GZCCRV,KS124G66QWSYM012SWS5,KS122556LMQ829GZCCRV,ESF5E4E161916F0E64A4,KS125BH5X5W0R09ZW3B7,21111110,21131110,32161416,32161010,32121010
49440DCLQGDD,KS1206Y6W7F5JS3VBTFL,KS122556LMQ829GZCCRV,KS127ZK6MBRN29QBC755,KS120NF79HQWGSRGMZ12,KS441796583QGTMKQY3M,19101022,19111310,19101512,24131326,19101611
3LPLFWAFN214,BGS794951D216441A250,KS1263X6225MBV09SVWW,KS121BS6QFLZVY39PMHD,KS122HK6LN2MZHFY69GJ,KS121Z26S4VJLQ1WXN21,20171810,19101010,19111010,15111011,19111012
1B0Z3NX39RBS,BGSBC6553CCF3F292F02,KS122D66ZXYMB2T0HT81,KS120V86MZWV9Z9LKQY3,KS1219P6MRT9KQQKGRYH,KS127TX62KW7J6C5SJK2,26161210,32151018,32161416,20291110,11151210
112CD4YSD6SH,KS1218W78FGVPVP2KXPX,KSQPGV2XZO8UMNCC49LK,KS43I7T7CU4Q66EGVQLU,KSDLM69G0JUJ00M09JB1,KS126Q66JF4NMYT5JGK2,24111610,25131910,32131513,19151110,19171010
3ISXHVT1KKEQ,KS125F678LV2KB3Z5XW0,KS1224W5XSXCJBNSLLVX,KS122PG64BT2BT6X15HF,KS126PF6PJY1N0ZX5R0P,KSKG9OA3NDST6929VROF,23121010,23121311,23171528,23121312,23171710
ZD6AOVL7XTR3,ES36F4349696AA6C1AD0,KS121W46N4VQRL4M1NZ2,ES8B8C52EA70D3BD184E,KS1282M68WL9T4YH3SLF,KS123TP78MPJ4JGY1VM9,22101214,22111215,22101210,22101213,22111216
40VRSSDVB26X,KS1265M6RKG6JT6JC3N5,KS1282R607CFYF1FWJ74,BGS409FD4E9C8053A315,KS121Z26S4VJLQ1WXN21,KS1200364C9C1LK3V5Q1,32171011,32131526,32171018,32171024,32171022
NWI5FLUL1RSR,KS7G4X66Q33J9N7G9J4J,KS1282R607CFYF1FWJ74,KS122NY60HCYYDXHQGQN,KS1218W78FGVPVP2KXPX,KSQ99JKTZ4VRBARWNW2X,27111320,27111314,32161416,21121110,15111013
O1P98SNLC1TL,KS122556LMQ829GZCCRV,KS1253H61TTR1FZWSRH4,KS126HY6YLTB9R7XJC4Z,KS7G6J46GFF6BJH38BHN,KSQ39IM6T1T6MCGAI2LO,15111013,12101010,12101212,32161416,12131213
50I6GBXQJ7DP,KS121056X529461ZF6XW,ESF5997CBEA1E23C2384,KS126ZN706TQT20JSTTT,KS1227K6DGHN5PZTCDD0,ESE57A7FAC5FA25A621B,23151115,23151111,23151114,23151116,23151120
BV46MU62OEDR,KS122556LMQ829GZCCRV,ES8C0ABF53360F60928A,KS1259D6L30YYG3XR3VL,KS123X777H5WFNXQ6BPM,KS122HN63RD7JX5WNCJ8,23171810,23171541,27111320,23151016,23171310
KT0KXGNTUSJX,KS126966H39MX8JKF9TX,KS122BM7899YNC6504SP,KS1281M7573BG4S5QKMT,KS122716P0Q9TPWQFJH3,KSRR5TJKEQN6WJ7JS5DE,25131410,32161311,25131710,25131810,25111510
LL9RZRKBFQXL,KS1203W702ND09XHKJR5,BGS794951D216441A250,KS44175614LXCVMRTHP8,KS4418462TTGKL3CWJHT,KS4418371TN1X41T1P3G,19101010,19111010,19111011,19111012,19141110
ZGOPJDN8EZP7,KS7G4XR784Q66ZDX1WKL,KS1287R64YNBZGR50Y1N,BGS1ADAA36DB65721AA3,ESE1B279F38C73E025BD,KS127JM79FJ5MC2D5VH6,25111610,25111310,25111110,25111518,14122010
G8TANA6U48GW,KS120SQ5W4Q57JMD2Y81,KS123X777H5WFNXQ6BPM,KS7G2F36GFX1K55V6GK4,ES8B03DAD3B526316ED9,KS128545YHM9XCD7BWR8,32171011,32171017,11211112,32171022,32131510
UJINHD5XZWBH,KS1241J6PC0N3DT65QG8,KS120016K8T4NSLN5Q6K,KS1218W78FGVPVP2KXPX,KSQOOX1S2DYD0E1VVZ5X,KS7LO8P3MXB93R3C9RWL,23171524,23171712,23171535,23131116,23171541
DBVZB0OIH5CS,KS121XX660DWPDPRLVW2,KS120GV5ZXR64CJLL1J4,KS4401V5WX78L6JX0NW7,KS122556LMQ829GZCCRV,KS120SX6LJL1S06TG6QD,19121416,27121313,27111214,27111222,27121210
I9G5DZX5QJIC,KS1218W78FGVPVP2KXPX,KS441846K903WT1RYDKJ,ESF520D61BA7F0946F97,KS1282C778989GJWW9BZ,KS120025ZGZCGLN7D345,11211211,23171510,11211010,11211014,21131010
RB9OPLLV12BV,ESC0125793FA9AA2156E,KS1248L77TSY3J2V2XC1,KS120PP6GL94HJDMN0TQ,KS126256R04NWVG6Y5C0,KS1212B6QR5SK1LSD4S4,19111010,19111012,19101010,19111011,21141810
XMVW0NHJLA9A,KS122556LMQ829GZCCRV,KS1265P60HXFPH0VLFVP,ESF520D61BA7F0946F97,ES8F0D73ED4F952B6A48,ES7FB7FB752C1DCB7CA6,27121117,19111212,27111210,19111210,27121325
EK4AEGVFQ3JZ,KSWF5CX0VFKMUQF3RJNP,KS122PR70M3GKDT05647,KS441K2756CXYXBG990G,KS1218W78FGVPVP2KXPX,ESC80C5E846C65F847EB,19111110,23141011,23141212,23121010,23111310
BGKMQ8DNB0XD,KS683SQ6ZD2227YN4C93,KS1218H6YTH21VYCT4YN,KS5S1X799BL7UH79PT17,ES51980193663083AED5,KS123Y56VDHMZ288XX1W,19101010,19141311,19141110,15101115,19101710
DNMOPG8UX018,ESAC117F714B24AA6831,KS120V86MZWV9Z9LKQY3,KS120L66RV21DTVBSWX3,KS440MG6RG8VTDWBK38S,KS121T569X502KJPS0F3,12111011,22101214,22101213,22101210,23151115
RNZNZMCCYC3T,KS1203W702ND09XHKJR5,BGS409FD4E9C8053A315,KS122556LMQ829GZCCRV,KS120HK5XY6JV257QLTX,KS120SX72T8B5VLXS1VN,23171541,32171022,32131526,32131520,32171018
5F4C6VZBMP4J,KS1217P66NK6BW72M9FH,KS1280B68GD79P4WMVYW,KS126HY6YLTB9R7XJC4Z,KS128FT6R58BKG6NP7XY,KS1253H61TTR1FZWSRH4,23151115,23151111,23151114,23151116,23151120
6WEGGH02WPKQ,KS120HK5XY6JV257QLTX,KS123J47437LZTH6N7ZX,KS680KR72KH02C5GM5TY,BGSDD5FB715C9C84D8AE,ESEB1D4619E6E83A061D,32161416,26131114,32151013,32161415,20311610
MPPJBEAHY5HO,KS120GV6C72JMSZKMTD7,ESD45EAB54A83A5255D6,KSQPGV2XZO8UMNCC49LK,KS128866SHL94J005TTG,ESED820E6065D9AA8D6F,23111310,26151214,20321022,26151114,26151216
PG2MIRXC55L1,ES41410BA8ADFDBF48FA,BGSA720E33A12FF07972,KS122556LMQ829GZCCRV,KS127CR6S5TQJVYMG3HB,BGSDD5FB715C9C84D8AE,32161416,15111011,32151014,15111013,32161417
F78OSLQBW677,KS120VB76P5WB69FVNRT,ES1535DD708EB2396ABB,KS125F678LV2KB3Z5XW0,KS128G66RG96FZNHFCXY,ESA91D8112EB9ECA3570,23171710,23171521,23171524,14121310,14121910
XON55V6J9RUF,KS123H8637LFS5TXR2V6,KS120MQ655HPY3MW500F,KSCK7UOCSNOZGW1Y1TSS,BGSDD5FB715C9C84D8AE,KSK5NNT5S3UFT3WMEUNH,32161416,26131114,32171028,21141810,17151010
N3IT2VQYMHP9,KS1200H6XYN1CR0G5NZ0,KS440726NL4QJRHCMR43,KS124CH623PFBJS8T5KM,KS440XG6F9DTD3VG7JTV,KS120QQ6ZN003B8B7FK1,23171521,23171541,23151010,23171310,23171528
URVQT3G8CD31,ESB38820A543FA4E3969,KS127D361PF0FTXDZ7C4,KS123HV5WHQXDMXZ667K,KS126M166T8716PPYKSG,KS121BS6QFLZVY39PMHD,21111510,21121010,21131110,21121410,21111410
XSVOLTRJKLUM,KS1218R6R6HYPC4V8GPP,KS125F678LV2KB3Z5XW0,KS440PV6KXTRX0L8XWSM,KS1261W6S12LL9NC21GQ,KS1248L77TSY3J2V2XC1,19111010,19111012,19101010,19111011,19141311
X6CWZXSKOYTK,KS120PP6GL94HJDMN0TQ,KS1218W78FGVPVP2KXPX,KS1258263VKQVRQ9N0Y0,ESC1D3A0F8B99D270F69,ESCB38C6B130340D9E34,23171712,27101212,27121510,23171524,23131116
INSTQCZ1LK4K,BGSDD5FB715C9C84D8AE,KS1263K71W66XVVGKG2F,KSQPGV2XZO8UMNCC49LK,KSDJCA4E89LB98JAZ7LZ,ES9622D49D3DB0B498A3,27101010,27111214,27121313,27111222,23171524
82IJW95MZ08N,KS122626T550SLQ7QZ1C,KS124GV78MYQ469S38M8,KSV4CXO6S9ZZMIH51ZCD,KS125F9784GQ819LH2GL,KS121F56HCNN8HS317LM,23171528,23171710,23171543,23171541,23171524
2YVKLU1EAO1L,KS122556LMQ829GZCCRV,KS1203X6ZDCNW2J3RC4X,KS123H8759405VLYXGLP,KS1270N6Z7WJQ5KVN0GG,KS120LB6XV5409BCQ0NF,19111012,19111010,19111011,23151115,32171011
HZX7ZB146DZF,KS122NP6Q1WTCX2CYC2J,KS1203C6N9B52QGB4H67,ES70CD6E89F6DAD8F319,BGSF373D52E35D12562B,ES20CECA4FF83ECE8196,19101010,19141110,19141311,19101710,19101310
365MKRI2K5ES,ES3C8650B6A0820DAFF4,KSNZWKEHKHI8AO84T47R,ES29DDAE9CCE34160768,KS1259D6L30YYG3XR3VL,KSKJX44T33B6D4UCC8CB,18191215,32161412,32161416,23151210,32121312
RM43GMEFG9O9,KS1264X6Q6902BJMLNCB,KS1200B62W5ZF38RJ7TD,KS120RN6FDTS9FLCH3T0,KS1203C6N9B52QGB4H67,ESE2D5EA264FB06F5C4F,23171510,27101020,32131011,27121210,27111222
8A906K37E4EY,KS124WD6XB7RT57LR817,KS1218W78FGVPVP2KXPX,KS1218H6QYLZC35BYH32,ES39E5C01E1593CE9E72,KS127H05WDKJ5BPKWVH2,20251510,20341110,20311510,13101010,20251110
OA2VCYWL9700,ES9B78F71AABE6DB73F6,KS122556LMQ829GZCCRV,KS44023635DFP7CYKJ45,ES7A07CF87C516875B23,KS1203C6N9B52QGB4H67,16151010,27121210,32131011,27121312,27121510
7SRGFG46K9Y8,KS4425C7820LCHZS7VGX,KS122556LMQ829GZCCRV,BGS95A18276A5AEED5E5,KS120X767ZQ3210N2306,KS123NJ76GJLK91JS75M,32131111,32131518,32131311,32131526,11231110
SHKOECUBODS1,KS12320732STS9N7XT64,KS120RN6FDTS9FLCH3T0,KS7G4YT72YHJ3BVJ4P56,ESACE05AC1C90EC432EB,ESE2D5EA264FB06F5C4F,23121010,18151213,18151012,18151710,23111410
0IQ2FA39E3NW,KS7G2F36GFX1K55V6GK4,KS1217R6SMDJ0WQHN6LK,KS441PC61LH6SWW9P97Q,KS441K2756CXYXBG990G,BGSB1AA3A12976AFDDA2,32151014,32161416,23131115,32151018,23131110
7M59PCYD2KIR,KS124QR6F19BX4WPMW1H,KS4401T642KKKL4FQJMF,KS125RT75ZYS4TCFJ0H8,KS121YT721BY2F3M5YDR,KS1203W702ND09XHKJR5,21131010,21131110,32131510,21121210,21121410
8TL777K1D8NR,KS4408N6V7CC5HT8DBRT,KS122556LMQ829GZCCRV,KS124QR6F19BX4WPMW1H,ESCD05D84D2B4AB016C1,ES73A557482F94D812CB,20291110,11161210,20321019,32161416,33131211
A21A6XVAJ2K8,KS121Z26S4VJLQ1WXN21,KS123X777H5WFNXQ6BPM,KS440F476G8SKQRTH4CY,KS440K266YPXFVKMWMCR,KS124DX6G31F5M9ZHNGC,27111214,27121313,27121013,27111222,27121210
K5J42OI6OAFN,KS127D361PF0FTXDZ7C4,KS127QV5ZMNL5CBVSWHX,KS7AASDV6UOE7VFBGF4D,KS122B675FC1JT787TRB,KS441VC75P5WHX8QL5SN,19121416,19161111,19121011,19161110,19121511
KS3II3F4X2JP,ESE32E789240D17A61B7,KS123Y170CZM0V5Z3XXB,KS560WWYRXCX5ABQRPKB,ESAD92AA2437BEF8C136,BGS8B8D42612C037B185,23171524,36111010,23171712,27111222,27121313
DA9OEKNTBZ3M,BGSE3FFB2D561EEBC9FC,ES439D5D4E1DA572EFB8,KS122556LMQ829GZCCRV,KS127ZG6DBSF76WF7VYX,KS120W86MGP2XXV2NDCC,19101010,19111010,19111011,19111012,19141311
0KHFSU4SE2KY,KS1204B6FBVM6CXV6RDX,KS125F678LV2KB3Z5XW0,KS126HY6YLTB9R7XJC4Z,KS124TG6C6GQ3RGYBJ3G,ESC062552310A2937E6C,19111012,16141210,22101214,27111210,22111215
JDAN085RNTDR,KS126966H39MX8JKF9TX,KS1217P66NK6BW72M9FH,KS128736FZ36XLB57590,KS4401T642KKKL4FQJMF,KS441QM6LTNMGDSQKHLC,25131410,32161311,25131710,25131810,25111510
JXMZWQDBDPV4,KS9859HJ5UHFJ7ODS0ZM,KS121W46CJXQ5ZQ506MS,KS12043750BK3KLG30B5,BGS901DCAB75EFCF988F,KS124WD6XB7RT57LR817,20251510,19101010,19111010,19141311,19141110
S14ECI9RTJ6U,KS124046TRJDP25WFPYC,KS124JB619VXG6RQ810C,KS1218W78FGVPVP2KXPX,KS121W46N4VQRL4M1NZ2,ESDEF4173A4C8F26E0E5,19101010,19111010,19141311,19141110,19111012
G7QSODMX0RDT,KS128B16WQ7F1T5KVPGS,KS120GV6C72JMSZKMTD7,KS121Z26S4VJLQ1WXN21,KS441LF7187KS0CV4B6Y,KS4425C7820LCHZS7VGX,19111012,23171524,19111010,23171712,19111011
QQJ3A1IOPRA5,ES39E5C01E1593CE9E72,ESE8E6C89348587B4CCC,KS120SR6WD1FP76Z6GC2,KS1223966G4Q22CCCYC6,KS126X663B21NB77ZHSP,32131520,32131526,32101010,32131510,32171011
PB7V5G2L3AJ8,ES93374D273ED49FAFEA,ES47BA93FC30E2F301DC,KS127ZG6DBSF76WF7VYX,KS1287R64YNBZGR50Y1N,KS127D361PF0FTXDZ7C4,22101214,22111215,22101213,22111211,32151018
YX97I98UFQAU,ESC5567F7A6FA12D0DCD,KS1259C5ZCWP0W21KJ6Y,KS120MJ6M2QPPH3P1SYP,KS120L96KMYTDJ48NRSH,KS126X663B21NB77ZHSP,14111210,14111117,23171541,14111115,11221117
LZIUBHUHRTPM,KS120SQ5W4Q57JMD2Y81,KS120SQ5W4Q57JMD2Y81,ES133BDE1010A25D98CB,KS680KR72KH02C5GM5TY,KS4417N61DB04000S10C,23151215,32131111,23161111,19131810,23161015
PWH0MX1EGOK0,KS127296VDYS7ZFWVC46,KSP5DQT3N8BFEF7KTV7C,KS1218W78FGVPVP2KXPX,ESB0C6E0FE9CAB4E6D38,KSCMAVZ8V1RK4NMUHDSU,23171524,23171712,23171511,23131116,23171541
9I8YWGD4X4PZ,KSY51ARG5IAOJ5WCYU1H,KS124L170B43108HVVP6,KS1227P6FBK34WLH6X8Z,KS126HY6YLTB9R7XJC4Z,BGSDD5FB715C9C84D8AE,32161416,26131114,21161211,32151013,26101110
SXKJKMPLBBB0,KS123H8759405VLYXGLP,KS1239W6QZKL1H0TF1TJ,KS120GV6C72JMSZKMTD7,KS1264X6Q6902BJMLNCB,ESA15629E6F7F782773E,32161010,23151115,32161416,23151111,21111110
V8VOYGHVQIZD,KS1203W702ND09XHKJR5,ES15AEA4E1FF0B552CE3,KS124PB6WM344W71N2YN,KS44175614LXCVMRTHP8,KS123X777H5WFNXQ6BPM,20311610,20341110,32131612,17141810,19111011
TI7F2EYWPAJO,KS125B569R313XT23LHY,ES1BEEB0EA9BCFD65927,KS126J46GGVZB8BGGXSY,KS1219P6MRT9KQQKGRYH,KS124QR6F19BX4WPMW1H,19101512,19101611,19101022,19101511,36111110
DO1VA1QOXM8B,KS122556LMQ829GZCCRV,KS121Z26S4VJLQ1WXN21,KS120V86MZWV9Z9LKQY3,KS127D361PF0FTXDZ7C4,KS120626HMWCXJWJC7VK,23151010,23121010,23171521,23171543,23171710
Q5SMVVBJB1JV,KS125B569R313XT23LHY,BGSDD5FB715C9C84D8AE,KS1223966G4Q22CCCYC6,KS7G4YT72YHJ3BVJ4P56,KS122PT6RKPQ5KLM3XYH,23121010,23111310,23101010,32161416,32131526
OG996JLULYM7,KS440PV6H6S2F16NLXYF,ES6D557B9D5BE598FD74,KS7G2FX6L5L0NXGGHKMH,KS1270T6NPQBZL218BW8,KS4420H75G906GRK0QJZ,23171528,27121210,27121510,27101024,27101110
AR3SHLX0ST69,KS1203C6N9B52QGB4H67,KS7G0D05ZQPM0NFXJSBP,ESFA9982A2A945E439CB,KS120LH5W508G8HMY9GG,KSQ39IM6T1T6MCGAI2LO,17141810,20131312,20131216,33141214,20131214
Y08P0FODRO8B,KS1259D6L30YYG3XR3VL,KS120C76T2L99X2YNKS3,KS121YT721BY2F3M5YDR,KS127FQ6L0G5SBYPYZ26,KS124JB619VXG6RQ810C,25111110,22101410,22101213,25111610,25101110
OCN8DS7KVK1X,BGSBF003CCDF4A1C7477,KS1270P6SLFCFT476Y3R,KS125RZ5X2MBLVC6F634,KS1259D6L30YYG3XR3VL,KS125S56Y4CXSJHQHCZJ,20311610,20341110,20251510,20111310,20341227
MM2798P7PRJH,ESEAE801D753FD7B7877,KS440S66DFM34BM1MH7H,ESA5839C44D0970CF79F,KS124QR6F19BX4WPMW1H,KS120RN6FDTS9FLCH3T0,11151110,11151010,23171710,23171521,32121312
1N97NFNT06RL,KS126HY6YLTB9R7XJC4Z,KS1218W78FGVPVP2KXPX,KS120VD5ZH331TPJQYHK,KS126D668BLGSC15GFLS,KS1282V6K6P00L8ZP42P,27111222,27121313,27111214,27121210,27111221
253IQQUOLGQE,KS127M36PQPZLCDRJ5FB,KS128F265DV4XTBR70H7,KS120SR6WD1FP76Z6GC2,KS123X777H5WFNXQ6BPM,KS127D361PF0FTXDZ7C4,23161012,19121416,32131312,23161015,19161111
IAGWKR37H4KY,ES47BA93FC30E2F301DC,ES2F712D74818EF2888E,KS122586QWFFB748FK03,KS122PM76DCYL9WC89Y7,ES71C18378814E6740D6,23121010,23101010,23101110,23111310,23121311
BVPXNOJMGL1R,KSFX6JBNDFS27G78LHSA,KS124KQ78ZWBPC39W1RC,KS1215Z6TK2JY562DFD4,KS7G7GK6K3ZQ6N1Q1560,KS6876V65CM936RTLKNS,27121315,23171521,21121010,20251010,21131110
HCG7FD143XRV,KS126X663B21NB77ZHSP,KS121CX75Q8F638ZCJVZ,KS1203C6N9B52QGB4H67,KS125F678LV2KB3Z5XW0,KS123MC78KV644P5DDZ0,19181312,19161012,19161111,19181313,19141112
3J0QZOKPVIDD,KS1258B6FBG9B2CQ169N,ES3138113FCCC45863D9,KS1281N6YRB0FN640PH8,KS4413G62Q5JSFLYFTJS,KS125B569R313XT23LHY,36161117,36161120,36161112,36161124,36161110
EZA9AGULM5FQ,KS1228M6S0Q13JW8NV10,KS441LG5Y8XGW9TP7B4W,KS7G2F36GFX1K55V6GK4,KS1241J6ZY2S66SZG3QS,KS126YX6GF56X12MPN43,21121010,20251010,21111510,21121110,21131110
4R9V4K00ILU6,KS121Z26S4VJLQ1WXN21,KS1266X5W6791WSRJMVC,KS123HX69V95SC2NJZYZ,KS7G20264NW3ZVV10T1S,KS1218W78FGVPVP2KXPX,11211010,11171016,11171015,32171011,32101010
NQBU4KZREZRD,KS1280B68GD79P4WMVYW,KS120GV5ZXR64CJLL1J4,KS1206V5WFXYXG27QYFD,KS124G66QWSYM012SWS5,BGS608F6687987420449,16141210,32131011,27121210,27101212,27111222
SYM7D019LZH3,KS7G2PN6Q42WPLR91C09,BGSEE1E1C4671622F63B,KS123FS6SM7YBY0BS2T7,KS127D361PF0FTXDZ7C4,KS127D361PF0FTXDZ7C4,32161419,32131527,32131412,32161416,32131526
RLQIOB0NLW0V,KS126DB6T061MHD7RTGQ,KS4415Q6ZQNW127ZTWRN,KSKJX44T33B6D4UCC8CB,KS122556LMQ829GZCCRV,KS1217P66NK6BW72M9FH,32161416,32121010,32121312,32151014,23151021
FBMENUI3DO70,ESBF952629C36426E564,KS440PV6FRJ90X0QFNLY,KS123DZ6G27SPKS2Z9C2,ES219375F93247CE5AE3,KSJF3PBD3995K6E0OF1Z,18191511,13121011,20271110,13141311,13141111
OWR8J0JMMYR7,KS122FN6YY4S2D9BNSW4,KS126DB6T061MHD7RTGQ,ESE7B04C289BBEEDB2C6,KS122556LMQ829GZCCRV,ES1FCE2D775ABB85A648,19121413,19121416,25101110,19161111,19121110
231WCGV6LRLW,BGS409FD4E9C8053A315,KS1212B6QR5SK1LSD4S4,KS127D361PF0FTXDZ7C4,KS4424364KPJX7Q4X3YC,ES1C53496B6F1ECEDD9A,32131111,32171011,32131526,23151215,32171022
3XUXNB9DSSRK,KS121YT721BY2F3M5YDR,KS1253H61TTR1FZWSRH4,KS120SR6WD1FP76Z6GC2,KS120RN6FDTS9FLCH3T0,KS120VB76P5WB69FVNRT,32151014,15111013,32161416,27111222,32101110
VCF4US3G19KW,ESFD78E44C463297B830,KS1280B68GD79P4WMVYW,KS126X663B21NB77ZHSP,KS1203W6419RJG2KW4QS,KS120GV6C72JMSZKMTD7,19111011,23151115,19111010,23151114,19111012
CRYSAUUJ02GR,KS127FR6DHHFKW0NVCM0,KS120RN6FDTS9FLCH3T0,KS1218W78FGVPVP2KXPX,KS127D361PF0FTXDZ7C4,KS1207D5ZZHHQZ7JBD7G,16141210,32131011,16141110,27121210,27101110
5Y5KFSNRRLT2,KS441J8781NSVPFKS701,KS124QR6F19BX4WPMW1H,KS128066XVJ3VBR23R8W,KS1208P6ZMZ4N872Y7X5,KS1283V6XDFZSK6YP0HF,36111110,12101010,11191210,12101212,32101211
IGKPLRGGBI28,ESB51DB11352457B5945,ES3C8650B6A0820DAFF4,KSCH2TPBQX91532Y3Q8E,KS4418M78BCL9MTRBW0W,KS123YH6YZ1G0PZVVJW1,15111013,11211010,19141112,19131211,11211014
BG9SHO5D5AFQ,ESA420F05EBBD34B3C2A,KS126X663B21NB77ZHSP,KSQ99JKTZ4VRBARWNW2X,BGSB1AA3A12976AFDDA2,KS123KR6W35X39JP65MX,32161416,32151014,32151018,21131110,21131010
K83TQLL8OS9X,KS122555YNWMN79XR7DH,KS125C05ZSYGWN3V1DXK,KS122556LMQ829GZCCRV,ES6C29DABFE2921A7EA3,KS126DB6T061MHD7RTGQ,19101010,19141311,23151215,19141112,23161111
Q9WFB76AV3S2,KS7G09N768FLPTYZWXWV,KS4414P641N3XN0QK476,KS1200H6XYN1CR0G5NZ0,KS1217568CHTXMHV7V47,KS128BF6TYRZLF58T01Z,18121510,34151014,11211010,18121010,14111210
5SWSFL04MEUU,KS122626T550SLQ7QZ1C,KS4407H64CVBMTRQZRCF,KS121DY6DT8LNYJL7FZ1,KS1218W78FGVPVP2KXPX,KS121YT721BY2F3M5YDR,32161416,25111110,25111310,25111610,32171022
9VB92G1IPJJ9,KS121FC62SMJJD40TYZ4,KS128GW6YH3MPG8GH1P7,KS1258F6VFFDYRTK8L0Y,ES249EC655339813E06E,KS127ZG6DBSF76WF7VYX,32171024,32171022,32131526,32131520,32101110
6YCFNHP39LQT,KS122556LMQ829GZCCRV,KSQPGV2XZO8UMNCC49LK,ES8B867675B7DA42B6CF,KS122626T550SLQ7QZ1C,KS1248L77TSY3J2V2XC1,19111010,19111012,19101010,19111011,19141311
F8S2ZGE2J51B,ESD329DFE7AF20305B61,KS122556LMQ829GZCCRV,KS123MC78KV644P5DDZ0,KS126546T0C1332JMWTP,KS441NS6G86NC7BV1S6Y,11151110,11191514,11181210,11151010,36111318
6D86U8781XTQ,KS1203W702ND09XHKJR5,KS1284G6MK1552WHSZ32,KS4421B6105S1GF21ZW7,KS1241J6PC0N3DT65QG8,KS122556LMQ829GZCCRV,23131115,23131110,23171310,16131015,21121010
YME6RPKZGGM0,KS126966H39MX8JKF9TX,ESE3BD13EE682425FFD4,KS122CZ71K19596XHQ92,KS7G2F36GFX1K55V6GK4,KS122556LMQ829GZCCRV,25131410,32161311,25131710,25131810,25111510
B31P35ZWQYT3,KS123MC78KV644P5DDZ0,ESF8DEA415CA897576BA,KS123S46J5HRBLZRMRJ0,KS4411Q6V17S75QFD27S,ESF7DC135E43D8F6F4FF,19101010,19141311,19141110,22101213,19101710
0ZSRQL0SCKCW,KS1200365FTR9X0M96T9,KS44086772RVPJQ1SVW6,KS1282Y5ZSX4FGTYXP1C,KS120MJ6QP112G3XSMMT,KS128BX6GWS9P27Z6TS2,18121012,25111110,18151213,11151110,25111518
59Y61F42Q5IM,KS127FS5VP9B8WFRH60T,KS1203W702ND09XHKJR5,ES5239688B6AB9DB6662,KS120ZC6XFGG98FXT3J2,KS122556LMQ829GZCCRV,19151410,26111210,26111010,19161111,19161012
290BHJWP6TA0,KS1236M6HFJZS13165XK,KS122D66ZXYMB2T0HT81,KS4407F6YY6SBS730MJ8,KS123DZ63CL4S5D74XVG,ES6C29DABFE2921A7EA3,19101010,19141311,19141112,19131211,32131520
R1H69M0GAKAS,KS1267F6MSPN366LX7ST,KS123HX69V95SC2NJZYZ,KS7G46R6Q0KY5FGB4RXV,KS122556LMQ829GZCCRV,ESE7CA30002FF7223764,32161311,25131410,25131710,25111510,26101517
X5HY9LXL0BAN,KS125BH5X5W0R09ZW3B7,KS123DZ63CL4S5D74XVG,KS123X777H5WFNXQ6BPM,KS124JB619VXG6RQ810C,ES1BCC99EC731B69F632,20341218,20341214,20341227,20231310,20251110
Q85JSG65KXVF,KS126HY6YLTB9R7XJC4Z,ES42D3A470FCF7CAB0E5,BGS7BF4C03B6C4EE78B5,ES7757811C4F66D93371,KS440PY6J2365XD540J3,27121510,27101212,32131011,16141210,27121210
6MXRF9CFWAWQ,KS7G2PN6Q42WPLR91C09,KS126X663B21NB77ZHSP,KS440VY6ND0ZPW2DXDSP,KS127CS79GV081FMJYKZ,ES5269FD2583B0B9875C,23131110,23131115,16131015,23171510,23131117
4XJ765VA97KZ,KS123X777H5WFNXQ6BPM,KS122556LMQ829GZCCRV,KS7G55M6TRB1N24LW2P5,KS1218W78FGVPVP2KXPX,KS441QM63C04S4BTT4WP,11181016,32161416,27111320,11211211,26131011
9UK693P483CH,KS122FL69C9376N0WS3D,ES3892183E55561AE833,KS4418R70629H5L603FB,KS127D361PF0FTXDZ7C4,KS441DK5ZDF8Q8FWL19R,32161415,32151013,31151010,32131411,32161416
6GMDRDSFERFX,KS441DK5ZDF8Q8FWL19R,KS122ZF75YVNLXW1BN4Q,ESFB6F6182E69DA80843,KS1280N6G0RXMWQ29JCS,KSCLJ4U1QAP1TFAJHA5R,32101110,32171011,19131610,11171016,19131611
IJC1YDMT8VT4,KS1205H6HZDXGDV2R0QZ,KS1259P6JLCNT98TN5Q5,KS125VS69V711TZZW9ZK,KS125Z26XB67Y67KBRYP,KS123X777H5WFNXQ6BPM,27121313,27121210,32131011,27111214,27121414
E0RII5CQKP9X,KS124F66HZ79SC8WVBN3,KS123X777H5WFNXQ6BPM,KS1226L6XYT1N27WRYJM,KS121XV72NK1F5DDJKLK,ES5F80D4A3BDF9BB9069,19111012,19111011,19111010,12131213,24131321
K9875TRJIB73,KS122HN7559WPNWPMDML,KSM8TP2N6HPK1X9MFVRB,KS124QR6F19BX4WPMW1H,ES3A9408ABAD9C286489,KS1222C6WKYWRKRXQCR0,27121313,27111214,27111222,27121510,27121210
EEURXHW0IC1L,KS123MC78KV644P5DDZ0,KS1206Y6W7F5JS3VBTFL,KS440C365HRHPM9VQDFF,ES27963E051A97FA0422,KS440Z1754M82K9VYJFV,20341221,16141210,11211010,11181017,20311910
IWZWT994PN8Q,KS124WD6XB7RT57LR817,BGS4CDA2E23CE451E247,KS122P76RK0FDFPLR32K,KS441BG6SNZJWM0SN43N,KS120GV5ZXR64CJLL1J4,20251510,23121010,23111310,23121311,23101010
S4YE45TE3PPM,KS441DK5ZDF8Q8FWL19R,KS123HX69V95SC2NJZYZ,KS1246V69FLYLLNXWSFT,KS122626T550SLQ7QZ1C,KSQ99JKTZ4VRBARWNW2X,36161117,36161112,36161120,36161124,36161110
WPJ8YI340SQC,KS122556LMQ829GZCCRV,KS4420H75G906GRK0QJZ,KS120KG6WHGRLKG6DFS3,KS1225S77RQ7T10BMPXN,ES3C8650B6A0820DAFF4,23171528,23171541,23161012,23161015,23171810
46KIHOKM948I,ESFA9982A2A945E439CB,KS121W46CJXQ5ZQ506MS,KS441LY691MT0N689MWR,KS125B569R313XT23LHY,KS1248T6MC5L69MZ2L3R,23131115,23131110,23131116,23171712,32161416
T86R5KXSOLVQ,KS124JB619VXG6RQ810C,KS122C46Q68397G8TBNW,KS122QR6WQ8M7BLY05B3,KS123MC78KV644P5DDZ0,KS123X777H5WFNXQ6BPM,23171521,23151010,23171541,23171710,23171524
4Q4VTYK1DE7F,KS122556LMQ829GZCCRV,KS121JW5XD3J5438SMXP,KS1200H6XYN1CR0G5NZ0,KS7G0C36YW29VS8KPC05,KS12160602V51N7SJSX8,27111210,32121010,23171541,23131115,27111320
V9OB3MQW20X3,BGSDD5FB715C9C84D8AE,KS123H46XPW3L3S07696,KS4403G6XNX5KJSD906W,KS440X379PSH5DN1JT1N,ESFA9982A2A945E439CB,20341212,20341227,20341216,20341221,20341222
SRGI9P8TFXSW,ESA3F0428E1E082505D6,KS7G2F36GFX1K55V6GK4,KS125RY6LVQ68YWZXVY5,BGSDD5FB715C9C84D8AE,KS1226Y6DNDT05G7FJ4J,27111222,27111214,27121313,27121210,32131011
8R7SN1TCJFCZ,KS1218W78FGVPVP2KXPX,ES9BD12EB76B360E0E89,KS4412X7585VPZP35NM9,ES29DDAE9CCE34160768,ES1F4806556BB3DC5D4D,11211010,11211014,11211211,32161416,11211016
5LX9BEAHZA9T,KSKG9OA3NDST6929VROF,KS1266X5W6791WSRJMVC,KS120RN6FDTS9FLCH3T0,KS125F678LV2KB3Z5XW0,KS1218W78FGVPVP2KXPX,11211010,11171016,11171015,11181017,11211016
DA5H3Z4LB0FM,KS123R76WFGCDH9Y7NF8,KS48FY6GXFMZXZ067DJ0,KS126SW5ZZYP3HXXPX1X,KS1226Y6DNDT05G7FJ4J,ESD9C6F39952FADBE0EB,23171510,11131110,23151010,23171541,21131010
DLOR2TYZC5HS,BGSD663E7801D0013709,KS7G2PN6Q42WPLR91C09,KS6IKJI01W6JVQPVQJTR,KS1203W702ND09XHKJR5,ESCEB846B18AE3AA123A,32151014,11191413,32151013,32161416,32151018
3NUPUY0ZIA9A,KS124986R0H6NGX3SQP3,KS120LK70665WL8LBX8G,ES39BE30A2F5A24C6515,ESF5E4E161916F0E64A4,KS126X663B21NB77ZHSP,19161111,19121711,21111110,19161012,21131110
NAM148P0TVHH,ESF14A354DDD69B5FBD4,KS44175745H9Q0DPBDNT,KS7AASDV6UOE7VFBGF4D,KS123MC78KV644P5DDZ0,KS122556LMQ829GZCCRV,27111320,23111310,23111810,19141112,19131211
WS1ZL7P72L4X,KS1267F6MSPN366LX7ST,KS1280B68GD79P4WMVYW,KS125Y462DTP41N0WP4M,KS7G2F36GFX1K55V6GK4,KS124FP642Q7P7TBPPZN,27121313,27111214,27111222,27121210,32131011
JQBECCXHJ4WU,KS1225S77RQ7T10BMPXN,KS1225T707CD39S7QHV4,KS1218W78FGVPVP2KXPX,KS126256R04NWVG6Y5C0,KS121CX75Q8F638ZCJVZ,12101212,19181312,12101310,15111013,19161111
4Y2LR0JY32HO,KS122NY60HCYYDXHQGQN,KS440D278QZF1C56Y6H4,KS125B569R313XT23LHY,ESFA9982A2A945E439CB,KS127D361PF0FTXDZ7C4,21111310,21121210,21131110,21121010,21111510
1EN699FIA2QS,KS122SG5Y0Q5YQM7V8KT,KS440Y975RD841M02V3S,KS120B874P2P6BK1MQ0T,KS440PV6FRJ90X0QFNLY,KS125RT75ZYS4TCFJ0H8,23171541,23171810,27111222,32131510,27121210
398NLI8CXU1C,KS121FD6V0JF1LKMF37Z,KS125BH5X5W0R09ZW3B7,ES563BDD7449A5491F04,KS13USA80NE38XJHA2TL,KS123S46J5HRBLZRMRJ0,19101010,19141311,19141110,19101710,19141112
CEAAE5EZFRXY,KS124JB619VXG6RQ810C,KS127CM62SBF3CQSBBH3,KS1217P66NK6BW72M9FH,KS126GQ6RWCBGHRWL24T,KS124WD6XB7RT57LR817,20251510,20341221,20311910,20311510,20341110
BYPKNXMFH5E8,KS4410Q6TN140M067HLK,ESB6859F09DF2E149CC9,KS44175745H9Q0DPBDNT,KS122626T550SLQ7QZ1C,BGSDD5FB715C9C84D8AE,19101012,19141311,32161416,19141111,26131114
QOB867KBQNXP,ES5440CBCF35D3D83980,KS7G4YT72YHJ3BVJ4P56,KS1218B62M9QRBY8WRSK,KS126X663B21NB77ZHSP,KSY4WFI1S164RQUBSPCC,23171521,18121011,14111210,18141010,23151010
JYOOK63RVWOZ,KS120DK78G56K7ZMLFSV,KS126X663B21NB77ZHSP,KS120586JML0BZT76FZM,KS7G2F36GFX1K55V6GK4,KS123X777H5WFNXQ6BPM,20311610,20341110,16141210,20331010,20251510
CXZ2EI9212PG,KS125RT75ZYS4TCFJ0H8,KS1200H6XYN1CR0G5NZ0,KS128F265DV4XTBR70H7,KS124GB6X82809KJ6ZSZ,KS122556LMQ829GZCCRV,32131312,19121416,19161111,32131526,19121011
W5FKNJMVRYDC,BGS794951D216441A250,KS1218W78FGVPVP2KXPX,KS121Z26S4VJLQ1WXN21,KS7G20264NW3ZVV10T1S,KS12258757JQRQK8X5M9,19101010,19111010,19111012,19141110,24161218
1MM9432B6234,ES8B03DAD3B526316ED9,KS1287R64YNBZGR50Y1N,ES2F712D74818EF2888E,ES39A67F403EB3EAAF1A,KS124QR6F19BX4WPMW1H,23161012,23161015,23161013,12101212,23161110
CFILKJXJQ5NV,ES99B020D66F6670BCA6,KS7G4ML61B2JX1H1003Z,KS121056X529461ZF6XW,KS1280B68GD79P4WMVYW,KS124X67987XF85L4KQS,16141210,32131011,16141110,27121210,23151010
U92T24D7V911,ES9B78F71AABE6DB73F6,KS1218W78FGVPVP2KXPX,KS123FS6SM7YBY0BS2T7,KS122556LMQ829GZCCRV,KS120626HMWCXJWJC7VK,16151010,27121210,32131011,27121312,27121510
QGV8H0Z6WF6B,KS1226L6XYT1N27WRYJM,KS124WD6XB7RT57LR817,KS1229V75JRKRC5S980K,KS123J47437LZTH6N7ZX,KS1259D6L30YYG3XR3VL,20251510,20341110,20311610,20311510,14111114
Z4ZLDAJJO5OK,KS4407Q5Z676WM9G2VTW,KS44175745H9Q0DPBDNT,KS125B56QRYZLXXCSM5Q,KS4428L6J02SCZGG70YS,KS122HN63RD7JX5WNCJ8,25111310,36111110,25111610,32161311,11151110
DLBGKBUOC1R6,KS122YN6108R0RSDXXRC,KS1253Q66NQSNHM7JR49,KS1227P6FBK34WLH6X8Z,KS126HY6YLTB9R7XJC4Z,KS124QR6F19BX4WPMW1H,27121313,27111214,27111222,27121210,32131011
FVB71GHLU8M8,KS7G0C36YW29VS8KPC05,ES70CD6E89F6DAD8F319,KS120076FGP5WGWYMP0F,KS440HG6L2FMWJBJDZQK,KS1241P6PXRCKTDSWHTV,15111013,15111011,32171011,19161111,32101110
QYEOI3QIJTWV,KS120WT70DM8WX59219Z,BGSDD5FB715C9C84D8AE,KS1269X79B68JSBPFB34,KS1216S76GTKN00BTHP1,KS1218W78FGVPVP2KXPX,16141210,32131011,27121210,32161416,27101110
RGYBXKPM21B0,ES2CC185FC27BC0DF8FE,KS1263K71W66XVVGKG2F,KS123X777H5WFNXQ6BPM,KS1253H61TTR1FZWSRH4,KS122C06Z8NDM5G6NYNT,22101214,22111215,22101213,22101210,22111415
D95BU1ETLLG3,KS126546T0C1332JMWTP,KS43I7T7CU4Q66EGVQLU,KS124H568S1F92XY25VR,KS7G0B36XDYVR4071N7K,KS7LO8P3MXB93R3C9RWL,23131115,23131110,23111410,11211010,16131015
4TKVV7PGF7MV,KS123X777H5WFNXQ6BPM,KS121JW5XD3J5438SMXP,ESCC8F99B130EAC431A5,KS44175745H9Q0DPBDNT,KS7G2ZM64RD6FRWS5NHD,32121010,23171810,23171541,23131115,27111320
BOCHTCX5RIGO,KS44175745H9Q0DPBDNT,KS122BM7899YNC6504SP,KS1200365FTR9X0M96T9,KS1203C6N9B52QGB4H67,ES29C56D2465C253FC1D,27111222,27121313,27111214,27121210,27111211
826BHYZ1OV5V,KS4401T642KKKL4FQJMF,ES76F4C57A88877D6D64,KS440M66WRQTZZ5L6F5V,KS125TB6YR6236RKM563,KS4407N6CMTCYT0NYSVM,21131010,14111118,23171710,14101110,21131110
HCGW33A8NCXC,ES3937EEC3D5D7345412,KS7AASDV6UOE7VFBGF4D,KS441FR6L2YYQLPZBQRC,KS123Y76D7JBC3TT7S7W,KS4425C7820LCHZS7VGX,23171524,23171712,23171541,23171510,23171511
Y1OL5RKH87CY,KS1281N6YRB0FN640PH8,KS127Y978519ZR40DPMP,KS124JB619VXG6RQ810C,KS1222C6WKYWRKRXQCR0,KS126X663B21NB77ZHSP,23171524,23171541,23171510,23171712,23171528
XPBRRNTYLVVL,KS124JB619VXG6RQ810C,KS122PG64BT2BT6X15HF,KS121JN70DB9VHC8T9GN,KS1218H6YTH21VYCT4YN,ESA91D8112EB9ECA3570,19141311,19101010,19141110,19101710,19141310
6RSOFRVAF6YT,KS125F678LV2KB3Z5XW0,KS1227D60Q7225FTK55V,KS120XM6K01BDQNVTK1Q,KS1203S63CGLXTS4X8H5,KS122BL6107G2Z27JWJW,20281110,26141210,20101310,27121210,27121510
U9IVLX6X6SXU,KS1206T6DR6QD8JMTQY4,KS126SW5ZZYP3HXXPX1X,KS122F96DJHT3ZXB8FCZ,KS122556LMQ829GZCCRV,KS125B56QRYZLXXCSM5Q,32161311,23171510,32161416,32121312,11161210
NGC4XAIC0DHN,KS1280B68GD79P4WMVYW,KS120RN6FDTS9FLCH3T0,ES314A8628331352466D,KS1200H6XYN1CR0G5NZ0,KS126256R04NWVG6Y5C0,32151015,11161210,32161420,32121110,23171521
22O1TFXDTUMW,KS1222G6RD9GBB7Q6FY5,KS1280B68GD79P4WMVYW,KS441DK5ZDF8Q8FWL19R,KS121YX5XHV5QPYV2TXL,KS120VC7108H86J50CYW,32131511,23171810,32131520,32131526,32101010
3WX6ILJ42CW9,KSKJX44T33B6D4UCC8CB,KS125F678LV2KB3Z5XW0,KS1203W702ND09XHKJR5,KS122BL6107G2Z27JWJW,KS125Y462DTP41N0WP4M,19121416,19161111,27121210,27121510,27101212
N952B5IKRO8U,KS1218W78FGVPVP2KXPX,ES65621B26F53842D8BE,ES207B6F188C6A4481D6,ESDC58629CA141F03F92,KS121W46CJXQ5ZQ506MS,23171524,27101024,27121510,23171712,23171710
1UIW5E1QML5M,ESFA9982A2A945E439CB,KS44078734P6G9Q8HJF8,KS122556LMQ829GZCCRV,BGS1E4A87797AB89913D,KS1267F6MSPN366LX7ST,27111320,32131527,15101112,27111314,27111322
840982N2ATQY,BGS6F9F4F7DBABC95CE3,KS1222G6RD9GBB7Q6FY5,KS7G4ML61B2JX1H1003Z,KS1217P66NK6BW72M9FH,KS1281M7573BG4S5QKMT,16141210,13111010,20291110,20321111,32131011
P82J3TPS82XL,KS123X777H5WFNXQ6BPM,KS1218B5WWXNDNQTN9MP,ESFCB156A8BC41655036,KS440016YY6472ZWSQ9D,KS120GV6C72JMSZKMTD7,23171510,23171541,23171521,23171524,23171543
ISETUK1OOA35,KS4401V5WX78L6JX0NW7,KSUDU9T83UZ7CK5THOYD,KS122556LMQ829GZCCRV,KS124JB619VXG6RQ810C,KS1218W78FGVPVP2KXPX,23171521,23151010,23171528,23171710,23171541
HU2M6NWMUFGY,KS1200H6XYN1CR0G5NZ0,KSQPGV2XZO8UMNCC49LK,KS127D361PF0FTXDZ7C4,KS126D668BLGSC15GFLS,KS125F678LV2KB3Z5XW0,12101212,12101010,15111013,11221117,12101210
GQYMH33DHARJ,KS123YJ6KVWC91BTMB4R,KS1220G68PD5STH2DL2W,KS9DR3NESI5Z6N8MMD02,KS1200H6XYN1CR0G5NZ0,KS1238J5Z67LVF879RRH,27111222,21131110,27121313,21131010,21121210
2R6U0M2V0MW4,KS126HY6YLTB9R7XJC4Z,KS120BV6SR75RBKQH0G3,BGSDD5FB715C9C84D8AE,KS122Q960QYMW3YH0YWF,KS560WWYRXCX5ABQRPKB,27111222,27121313,27111214,32161416,27121210
AVF61DM78UI5,ES2F712D74818EF2888E,ESED820E6065D9AA8D6F,KS123X777H5WFNXQ6BPM,KS127D361PF0FTXDZ7C4,KS12621706P2NTMBQY45,26111210,26111010,12101212,26111110,12101210
ZNXYDC14ZSEX,KS123YJ6KVWC91BTMB4R,KS123QD6KPN9TV140LGZ,KS122Q960QYMW3YH0YWF,KS120HL62LT111PDC7HS,KS7G5CT61NJMNH0V22KQ,19101010,19141311,19141110,19111012,19131211
KTSG7FXZV4U3,KS122556LMQ829GZCCRV,KS1203W702ND09XHKJR5,ES7A53BF65E6B17B3A87,KS7G2F36GFX1K55V6GK4,KS120WS63LRYQZ1CCMPG,19111012,19111010,19111011,19101010,12131213
E54UKIGDIX1C,KS123J47437LZTH6N7ZX,KS1218B62M9QRBY8WRSK,KS126X663B21NB77ZHSP,KS120QQ6ZN003B8B7FK1,ES20CECA4FF83ECE8196,23171310,23171410,20311610,20231010,11221117
H9UGF10OO1PV,KS1200H6XYN1CR0G5NZ0,KS121Z26S4VJLQ1WXN21,KS122LP63R02H2Y6M04S,KS1281M7573BG4S5QKMT,ES3138113FCCC45863D9,36161117,36161120,36161112,36161124,36161110
YJOAOEJV9LHA,KS44086772RVPJQ1SVW6,KS121Z26S4VJLQ1WXN21,KS125F678LV2KB3Z5XW0,ESDF44DC766ED1E22E32,BGSDD5FB715C9C84D8AE,32161416,26131114,32151013,32161415,32131526
1KO6XNQXU71S,ES66EEB1C4C8D34B0CE0,KS123J07373VSJ0QY7BN,KS44086772RVPJQ1SVW6,KS1217P66NK6BW72M9FH,KS128275ZSJDZ37SNG87,11211112,11221117,24151222,11151110,32171011
70TGO5AWLGIT,KSQPGV2XZO8UMNCC49LK,BGS409FD4E9C8053A315,KS124QR6F19BX4WPMW1H,KS122FV73MMMYFGYMTTY,BGSFF108D1A483FBDEDD,32171029,21121010,32171022,32171018,32131526
DSDJT3BR4F2Z,KS1281M7573BG4S5QKMT,KS125446V6KJC45YF5WD,KS1280B68GD79P4WMVYW,ES21B4DC5789F40AFF1E,ES8B03DAD3B526316ED9,16141210,21131010,32131011,16141110,27101110
V1MZB3I4FIEE,KS1249W5XCGQDS6DV3R1,KS441426CFWZY06WC1J6,KSBFJJZ004CRBMIU8GAC,KS121056X529461ZF6XW,KS121CX75Q8F638ZCJVZ,32131311,13141111,20251410,13121011,13141012
MLT43E90EQEI,KS126D668BLGSC15GFLS,KS1280B68GD79P4WMVYW,KS126256R04NWVG6Y5C0,KSQPGV2XZO8UMNCC49LK,KS124FC71W4B4KNSST93,27121510,32131011,27121210,27101212,32131311
CWGK6RZLCH2X,ESBF952629C36426E564,KS127D361PF0FTXDZ7C4,ESB38820A543FA4E3969,KS123J07373VSJ0QY7BN,BGS17965D11BE6626144,24151222,32171011,32171018,24151319,32101110
1VH3JI9PVMTM,KS1267F6MSPN366LX7ST,KS122556LMQ829GZCCRV,KS7G2F36GFX1K55V6GK4,KS123X777H5WFNXQ6BPM,KS123K35XW0ZY6YB2QTW,18111116,18191215,18191216,18191316,18111115
GZW6IZ1256HH,KS7G2ZM64RD6FRWS5NHD,KS441PQ64HT13P34T8T5,KSQ39IM6T1T6MCGAI2LO,ESEB1D4619E6E83A061D,KS1282M68WL9T4YH3SLF,23171310,27111320,27111322,23171410,11111012
LUUJ7KEX5DEV,KSKJX44T33B6D4UCC8CB,ESD6D30789C8D0AA5C4A,KS123YJ6KVWC91BTMB4R,KS1203W6419RJG2KW4QS,ESAAF4D29C7393755ACD,20291110,20321111,20321022,19111011,19111010
5482Q78E5SFE,KSJZBX5H3PQ74JFOI21M,KS127D361PF0FTXDZ7C4,KS1200H6XYN1CR0G5NZ0,KS681KH79MJLQDPB9T88,KST71ITFIZYDOGER5ST6,22111010,19131610,14111210,22111011,19131611
NPE6SWYU2RNA,KS1218W78FGVPVP2KXPX,KS440HG7396B99Z1F5D4,KS1208P6ZMZ4N872Y7X5,ESB51DB11352457B5945,ES3E23B34FA62742E488,11211010,11211014,11181017,11171017,11211211
SPXLSEUNNRLS,KS7G2F36GFX1K55V6GK4,KS1248L77TSY3J2V2XC1,KS127D361PF0FTXDZ7C4,KS122QG6F0WSF1GQQ6XT,KS125PC72CJK6RF79Q6B,19111010,19111012,19101010,19111011,19141311
YH36MOTCG06X,KS1231M6M7DML5NQCX8V,BGSB2088345BF2316434,KS1203V5WXB7NG26XSR8,KS441LF7187KS0CV4B6Y,KS1220H6CP1BQGH9STNK,23171524,23171712,19111011,23171541,19111010
UDO4CDTBJ91Q,KS1212B6QR5SK1LSD4S4,KS120MQ655HPY3MW500F,KS120XP636CB5432F5TP,ESAF834A5A6F8575AB20,KS4418371TN1X41T1P3G,32131111,17151010,23151215,23161111,32171011
HOQQ0RAAOO91,KS122556LMQ829GZCCRV,KS1261W6S12LL9NC21GQ,KS1267F6MSPN366LX7ST,KS121Z26S4VJLQ1WXN21,KS122W26SKGLZJ2KLF5M,11221117,18191516,18151213,18192110,18191517
PATM0TXE321D,KS120VC7108H86J50CYW,ESCFB16E0136C9FD64E3,KS123X777H5WFNXQ6BPM,KS1200578T5QCYT0Z98G,KS123YJ6KVWC91BTMB4R,32131511,32131526,32131520,32101010,23171712
TKEYW0NRVVQF,KS125BH5X5W0R09ZW3B7,ESBF952629C36426E564,ESE91DB5BCB868512FDC,KSMNXY6MPS1EDWJ8P6B0,ES65C485CF3B67FE16DF,27101212,27121510,22111415,22101311,22101214
43F9RD4MWPMI,KS7G55M6TRB1N24LW2P5,KS12571603WK30XFFFKS,KS1281M7573BG4S5QKMT,KS1282L6PTF6G8R116R4,KS1287R64YNBZGR50Y1N,36161117,36161120,36161112,36161124,36161110
FJ2TEXQQGD5K,ESB38820A543FA4E3969,KS1218W78FGVPVP2KXPX,KS127ZG6DBSF76WF7VYX,KS121YT721BY2F3M5YDR,KS125F9784GQ819LH2GL,23141111,23161012,23141110,23161013,23161015
WCNKFHB7V80L,ESCC5B38A4D7A768FE7E,KS4401T642KKKL4FQJMF,ES1417F79ED88ACEE6CC,KS440C365HRHPM9VQDFF,KS126PF6PJY1N0ZX5R0P,21131110,36161117,23121010,21131010,36161124
MJSRD9Q46NOU,KS126X663B21NB77ZHSP,KS120C76T2L99X2YNKS3,KS122556LMQ829GZCCRV,ES8B03DAD3B526316ED9,KS126F877FXMTBJRD4B2,25111110,26111310,26111210,25111610,26111010
1SWJCKJLTEIY,KS1208X76FB40ZXZXY03,KS440Z26T60HXNGBDLL2,KS120T073RZ31KM42S8L,KS440TB6786R7HHQ2Z7D,KS1289C6QS0TSSB4PNGG,14121210,36111110,14121310,11121110,27111222
WKR38K2D0JZC,KS122556LMQ829GZCCRV,KS122L3623T14TVNXKQY,KS127YF631YF6JYZNX9P,KS122B06FRJSHG3ZF56F,KS1208P6ZMZ4N872Y7X5,21131110,21121210,21121010,32161010,21111510
KR1IFSI159I3,KS122CN6BRVZ0SHTVYF9,KS4418P67WQQGGD3YBY5,KS440PV6FRJ90X0QFNLY,KS7G09N768FLPTYZWXWV,ESA57D1ACED4A47FE3C5,18111114,18151212,27121210,27121313,11221117
QIMQODPXNF7C,KSQPGV2XZO8UMNCC49LK,KS120ZD6WQ71NHVC8HGG,ES3C8650B6A0820DAFF4,KS440Z26T60HXNGBDLL2,KS122BL6107G2Z27JWJW,36111110,27121210,27121510,27101212,32131011
391S8131YK6F,KS120LH5W508G8HMY9GG,KS1259D6L30YYG3XR3VL,KS1218W78FGVPVP2KXPX,KS440QS66YCBN23Y8K25,KS120HK5XY6JV257QLTX,17141810,23171810,20131312,20131216,23171541
JG107R925DSI,KS120Z470N04DCZV5SSD,BGS1FCE2AB7FEAB78B2D,KS1203B66DJG8T72WTJ4,KS1253Q66NQSNHM7JR49,KS680KR72KH02C5GM5TY,27101024,27121510,27101212,27121210,32131011
QANNS5QMLCLI,KS124VR68PRNLVLWXYZ1,KS1212B6QR5SK1LSD4S4,BGS91833D85A87367BA1,KS1241J6ZY2S66SZG3QS,KS126HY6YLTB9R7XJC4Z,21121010,20251010,21111510,21121110,21131110
3U6OKGK8MYDL,ESE8ED62932D770B73EA,KS7G4XR784Q66ZDX1WKL,KSZX7YZWNR5IDR1I2VMZ,KS1225T707CD39S7QHV4,KSKJX44T33B6D4UCC8CB,17171610,23171710,23171528,17171510,23171541
G61VH0AMXA6S,KS1282M5W0LX8GL33QBQ,KS127D361PF0FTXDZ7C4,KS127S56TFLN00DY9FFB,ES899BA440FA3441F22A,KS1225562LZSJSHJCJ2T,14171910,25121710,27111319,27111320,14171410
O05D8L8DJ0EK,KS4420D71YWJJ5Y4Q45N,ESEB1D4619E6E83A061D,KS128066XVJ3VBR23R8W,KS44175745H9Q0DPBDNT,KS122B568MKWX1K9STGP,16141210,32161416,36111110,11191210,23131312
1WG3HJSOS58Y,KS125PC72CJK6RF79Q6B,KS1225S77RQ7T10BMPXN,KS124216XT0CJXQQND1F,KS440XG653B0ZK3926JF,KS125QQ61B0JLDS3C1GM,22101214,22111211,22111215,22101213,22101210
TN0PLCFR7CL6,KS1218H6JY4J8RS4VJ78,ES51D61B69546A4FAEC7,ES3A33737C74D25D112A,KS128866SHL94J005TTG,ES9BD12EB76B360E0E89,27111210,32181013,27121310,11111015,11111010
PY9NPGIRD4JP,ESC32A252A85F151959C,KS1247H7701DW05BS80N,KS122556LMQ829GZCCRV,KS441K2756CXYXBG990G,KS122N46SYGJ8DLM7LQD,23121311,23121010,23111310,23101010,23121312
FOY4DD1VN8LF,ES54C6E1E07E9ABED51F,KS7G4ML61B2JX1H1003Z,KS4406W6JZ3DG03LFDWZ,ESD80D145AC3BB84827D,KS1218B62M9QRBY8WRSK,32131011,21141510,27121313,27121210,27111214
ZUBLEKVL9PTK,BGS2E1275F3C96CC1BA8,KS122556LMQ829GZCCRV,KS124JB619VXG6RQ810C,KS127RS6ZL8TP2N2LPJ2,KS123X777H5WFNXQ6BPM,12131213,12101212,12101310,12101210,20231010
BI6MGHAGMB36,KS122556LMQ829GZCCRV,KS1227P6FBK34WLH6X8Z,KS122556LMQ829GZCCRV,KS120076FGP5WGWYMP0F,KS123X777H5WFNXQ6BPM,23171528,23171710,23171541,23171524,23171810
YESU4FCL5EFJ,KS7G2F36GFX1K55V6GK4,KS126X663B21NB77ZHSP,KS123YJ6KVWC91BTMB4R,KS122556LMQ829GZCCRV,KS120BV6SR75RBKQH0G3,23111410,23112013,23112012,23111310,23112010
V9TKRWQDYODU,KSS30WWC1QZQY5T61CS5,KS122556LMQ829GZCCRV,KS1218W78FGVPVP2KXPX,BGSDD5FB715C9C84D8AE,KS122CH79G2KSBRRJHTN,32161416,26131114,32131526,11211112,32151013
K3FDJ2QSVLC5,KS123X777H5WFNXQ6BPM,KS122MK65TBR6RDBZL1P,ES85709E566FBB33D2B0,KS121F45VPV8C9W3QFYH,KS441K2756CXYXBG990G,23151115,19141311,19141112,23151111,23151114
VPCAYP9YPDAX,KS441026K15L0YMC8162,KS127PD6XH0GQ380FJ3N,KS122F164HPDT3CWVW24,ES70CD6E89F6DAD8F319,KS1282W6V4RX7LC1FDH9,11151110,11151010,32151017,32171011,11151210
7R2FMFP5MD3E,KS1258B6FBG9B2CQ169N,KS125F678LV2KB3Z5XW0,KS122PC66HKZ3JB45X61,KS122556LMQ829GZCCRV,KSKJX44T33B6D4UCC8CB,23151115,19101314,23151111,23151116,23151114
P0HZWCYKVMQY,KS123MC78KV644P5DDZ0,KS120DV6SCZV6WPL2233,KS1253Q66NQSNHM7JR49,ES8B867675B7DA42B6CF,KS121056X529461ZF6XW,31121110,18171013,31151210,21141410,32161421
80PZY037GBUH,KSX91VHAQXZ5CJKGY3QC,KS122B071LMGXVTT3Z91,KS125MK6L8XN70ZS40ZY,KS126CM78T30RTP4PBYM,KS1258L73H5QSVQVXSGN,21121410,21121310,21111210,32121312,32161010
QS1BHLF80HKK,KS122HK6LN2MZHFY69GJ,KS125WC6W1V65R5DTR2P,KS123Y170JP7JBSFVBSS,KS4402D6FYYMW0JQDWRX,KS1212B6QR5SK1LSD4S4,19141311,19101010,19141112,19141110,19101710
3FON8ONG5UDL,KSKG9OA3NDST6929VROF,KS120RN6FDTS9FLCH3T0,KS1218W78FGVPVP2KXPX,KS124FP642Q7P7TBPPZN,KS122556LMQ829GZCCRV,27121313,27111214,27111222,27121210,32131011
8D2TN20VZ9LY,KS440QS66YCBN23Y8K25,KS441NW6L8RQ4GD0HFRX,ES3C8650B6A0820DAFF4,KS12160602V51N7SJSX8,KS124JB619VXG6RQ810C,27111210,32161416,32161415,27121310,32131526
KZADBS9CWQQ2,KSQPGV2XZO8UMNCC49LK,KS122QJ64VGLBYPMNM11,ES8B867675B7DA42B6CF,KS123X777H5WFNXQ6BPM,KSQPGV2XZO8UMNCC49LK,21141410,32161421,12101210,21141510,12101212
H3I6WTL0OC7H,KS120076FGP5WGWYMP0F,KS122YN6108R0RSDXXRC,KSPSGF5MXB6568UIQ4BK,KS128G66RG96FZNHFCXY,KS123J15YJ6PLJDX8L8M,23171524,23171710,23171541,23171712,27121313
DE2Y3ZNP8KAI,KS126DB6T061MHD7RTGQ,KS123YD6FKBRB6PCBPMJ,ES3CDF4F5564949F81DB,ESB5B8DE9634A95EB739,BGS8102A0773806B87CE,32161416,27111320,32121312,27111314,27111225
ZG58XYJWWBK8,KS1200H6XYN1CR0G5NZ0,KS1203W702ND09XHKJR5,KS44023635DFP7CYKJ45,ESE1B279F38C73E025BD,KS1270B6ZM2TMYPKYRH1,20331020,32161416,20101110,20101310,32161417
O5XKQR4ZLXB7,KS127D361PF0FTXDZ7C4,KS1200H6XYN1CR0G5NZ0,KS1259D6L30YYG3XR3VL,KS125F678LV2KB3Z5XW0,ES6942CD173CAA05BA26,23171521,23151010,23171710,23151016,23151020
9ONQYQPX17NQ,ESC80C5E846C65F847EB,KS1218W78FGVPVP2KXPX,ES8BE0063D3F5F9870F4,ESF08B7CF6980EB50E60,KS125RZ5X2MBLVC6F634,18192011,23141011,18191217,23141212,18191316
NMB9UPEPPOLG,KS128BK6JSSHNT5QDPMX,KS1218W78FGVPVP2KXPX,KS124JB619VXG6RQ810C,KS7G2PN6Q42WPLR91C09,KS440JG6G5M5XQSS6KH2,19121411,27101025,33131114,11181017,27111318
JRPE2XN9TXFJ,KS127M06S0L9QJBRQKQ8,ES1C3E9E36DE37417D5C,KS441NS6G86NC7BV1S6Y,KS441846Q382NVKJSSC7,KSDMUMHE63DLB9OKKW37,21131010,21121310,21121410,32161010,21131110
E5AJR1OV9CPW,KS7G2PN6Q42WPLR91C09,KS1203S6MM7GLDM71WQD,KS7G0XN6BMFZ0L4T0WZB,KS441075WGFJJ4GRFG2Q,KS120V86MZWV9Z9LKQY3,16141210,19111012,19101010,19111010,19141311
10AIAOJDUX3V,KS1217R6SMDJ0WQHN6LK,KS125SJ6J3FPRPLTSD7J,KS1265D6RGJL2Y4J6V5B,KS122FB6H3NBQHKZWTBJ,KS125MK6L8XN70ZS40ZY,25111110,25111518,25111515,25101110,25111610
WQX1N6PH1RAE,KS124H46Q2PP8YC1WQ06,KS12621706P2NTMBQY45,KS122BP5YT02HT9R6Z16,KSQPGV2XZO8UMNCC49LK,KS122PT6RKPQ5KLM3XYH,27121312,27111211,32131011,27121210,27111222
5E51H3WQA1VR,KS1218B62M9QRBY8WRSK,ES652A5DE17F2C357291,KS122BS6SV7QSP47KLB4,KS1218W78FGVPVP2KXPX,KS122D46PJ09YVSBV9DW,21121010,20251010,21111510,27111214,27121313
DEHHD8WXQBIL,ES44A76635D68FD68316,KS125LS6N7WP4S6SFTCK,KS122556LMQ829GZCCRV,KSKG9OA3NDST6929VROF,KS120V86MZWV9Z9LKQY3,26151116,23151010,26151215,26151216,23121010
488PKWTZV4TY,KS123X777H5WFNXQ6BPM,BGS17965D11BE6626144,KS121BM6VGMJPK7X7938,KS1259D6L30YYG3XR3VL,KS4418371TN1X41T1P3G,32151018,32171011,32171018,32131526,32101110
C1RHLOE20RIL,KS123X777H5WFNXQ6BPM,KS1228M6S0Q13JW8NV10,KS1219N6Z3XQ19V0HSKR,ES9E9A9565C329709A50,KS681KH79MJLQDPB9T88,23171510,24161220,32171024,23171541,23171511
V4KFQ5DZ53X1,KS120XP636CB5432F5TP,KS121CF62WFJ19GK02H7,ES9B8332CCF22C5AEA4D,KS126256R04NWVG6Y5C0,ES933D5DCC6C3A7C44D9,23171528,23171710,23171541,23171524,13141211
E46XAAD0XH2M,KS121YT721BY2F3M5YDR,KS121Z26S4VJLQ1WXN21,KS7G4ML61B2JX1H1003Z,KS120SX6LJL1S06TG6QD,KS120L96KMYTDJ48NRSH,16141210,19121416,19161111,32131011,16141110
4LDIMSYJ9BOQ,KS120B874P2P6BK1MQ0T,KS121W46CJXQ5ZQ506MS,KS1220C663NX0Z4Q78P1,KS440PV6FRJ90X0QFNLY,KS122556LMQ829GZCCRV,32131520,32131512,32131516,32131526,23171310
RUPFLFCYWE3D,ESDBE903059CD049B5EA,KSKJX44T33B6D4UCC8CB,KS13USA80NE38XJHA2TL,KS122F377FV66S5LZS9T,KS1249V6KP7DGN5W2X0W,24131313,23111310,32121312,32161416,32151013
MA4800HERSOS,KS124MH6ZSZDFV5XXYQ4,KS1203W702ND09XHKJR5,KS1218B62M9QRBY8WRSK,KS127CD6TFVHL5L08RCS,ES53B7B0ACC57EC2138B,32171012,15111013,23161012,19151010,12101310
6ZMK6YWGXQE7,KS122626T550SLQ7QZ1C,KS122556LMQ829GZCCRV,KSMNXY6MPS1EDWJ8P6B0,KS122LZ65M6D6TNYLP9Q,KS123DG61YD6FCBK57FR,32161416,14171410,11211010,11211014,19161111
P3FRB7EI5R8V,ES9D789639C2386E1EFA,KS1200J5VN8518SHFY8F,KST1P94M2IAGV8AL4BAH,KS120V86MZWV9Z9LKQY3,KSVJXALDJ7E7I9CJZUJB,23171528,23171541,32161420,23171543,27121312
6L7J4V9ELS2Q,KS1258F6VFFDYRTK8L0Y,ES39E5C01E1593CE9E72,KS121Z26S4VJLQ1WXN21,KS1200H6XYN1CR0G5NZ0,KS4425C7820LCHZS7VGX,11191413,17111510,19141112,11221117,19151210
7IB22ZU6SJJF,KS1239W6QZKL1H0TF1TJ,KS441CX6CZY2D4TXL570,KS1254768LQMM7NLB8W4,KS126X663B21NB77ZHSP,KS1218H6YTH21VYCT4YN,19101010,19141311,23151115,23151114,19141110
VSF0S60KQHJ9,KS4401967TXYW7DXV8QX,KS121056X529461ZF6XW,KS1282M68WL9T4YH3SLF,ESED820E6065D9AA8D6F,ES39A67F403EB3EAAF1A,23161012,23161015,27111320,23161013,11221117
G4PDFCOPZFZZ,KS127QD6R8SVZFYYKLLM,KS1244J76BBG2CTNYHYR,KS122VL71WF050TPW0V7,KS1248P6CJ6XH85L8SX2,KS440PV6FRJ90X0QFNLY,23171712,23171524,23171541,23171511,23131116
L9GVBMQQ749Q,KS123X777H5WFNXQ6BPM,KS440QS66YCBN23Y8K25,KS1227P6FBK34WLH6X8Z,KS44086772RVPJQ1SVW6,KS122CG6J0L2ZZQMFQZD,14111117,14111210,11211113,23171810,11211110
2FS1O7D3Y82F,ESA812EE987E30DFD8FD,KS680KR72KH02C5GM5TY,KS120ZC6XFGG98FXT3J2,KS1201H611BT3GJ16LF6,KS1210M6L42L5M4YPFMV,26111210,18141010,18191516,26111010,18151012
VSKP30TX8J1C,KS1207D5ZZHHQZ7JBD7G,KS127CS79GV081FMJYKZ,KS1208X76FB40ZXZXY03,BGSA4D7CD0B47984D29A,BGSD0A6861A9594DD89D,16141210,32131011,32101121,27121210,11171012
GONI9HILZNKQ,KS440C365HRHPM9VQDFF,KS4418P67WQQGGD3YBY5,KS1281Y6QHJ8PQLHTZ6R,ES73A557482F94D812CB,ESAEEF5760144B8210FD,11211010,11181017,11211014,32161416,11211211
5IV86ZP1WZ2N,BGSA720E33A12FF07972,KSET2IWJVEGUTA3JC9WG,KS1246V69FLYLLNXWSFT,KS122556LMQ829GZCCRV,KS440DG6RPVM3FW77Q6D,36161117,15111011,27111211,36161112,27121312
BI305RE29U3O,BGS728518228C0E9B62C,KS1258N6LM1DD75W9GBW,KS1218W78FGVPVP2KXPX,ES2880E2602366D925B4,ESB04BCB6189A2CB271E,23171528,11161010,19151210,11211010,11171012
9YT1S4JIDA6U,KS124H46Q2PP8YC1WQ06,ES6978BEA54073B22038,KS120GV6C72JMSZKMTD7,KS123X777H5WFNXQ6BPM,KS124N46RMFSBQFLTM0L,32131011,27121210,27121313,16141210,27111222
ZG8ISZ514GIU,KS120016K8T4NSLN5Q6K,KS440W865GC4VRBW6LJP,KS125Y462DTP41N0WP4M,KS1217P66NK6BW72M9FH,BGS2B00C35FF71F8880A,19121416,19161111,19121011,19161110,23111310
6QXN6I8BLIEN,ESE2D5EA264FB06F5C4F,ES76EAFFCB7FAE2C51CD,KS126X663B21NB77ZHSP,ES8F73CC75C618D72F72,KS1228S6YKWXMH4M4DL7,32131520,32131526,32101010,32161416,32171011
OIV10JH6ZAZ5,KS4407N6CMTCYT0NYSVM,KS1216M6NP45YLTBVLDB,KS121Z26S4VJLQ1WXN21,KS123X777H5WFNXQ6BPM,ES6204EEE269AF03D4C4,23161012,23161015,23151215,23161111,15111013
0L89K8TEBTLD,ES6B35D286E07DE57345,BGS2E1275F3C96CC1BA8,KS126X663B21NB77ZHSP,KS125F678LV2KB3Z5XW0,ES899BA440FA3441F22A,23151115,23151111,23151116,12131213,23151114
SK9ZYEREPRDL,KS1203W702ND09XHKJR5,ES3892183E55561AE833,KS123X777H5WFNXQ6BPM,KS1200H6XYN1CR0G5NZ0,KS126966H39MX8JKF9TX,25131410,32161311,25131710,25131810,25111510
21F9LQ6W67VZ,KS1253Q6F3GR7L9HR8Q7,ESDDF4C4C9154A09CE3D,KSQPGV2XZO8UMNCC49LK,ES76EAFFCB7FAE2C51CD,KS125QD6CX29H8YCS9XR,24151316,24151213,24151313,24151320,24151222
UI1JLMFLUOAY,KS1200H6XYN1CR0G5NZ0,KS122JY6L949K25JM9B7,KS124GV78MYQ469S38M8,KS125375VTN1G67DL3PL,KS120GV6C72JMSZKMTD7,27121313,27111214,27111222,27121322,27121210
9V20YAR821UZ,KS125LS6N7WP4S6SFTCK,KS1226Y6DNDT05G7FJ4J,KS120GV6C72JMSZKMTD7,KS1282C778989GJWW9BZ,KS1241G62S9DC91TPGZK,24151311,17181310,11211211,11211010,11211014
4U0NUJE8VLWE,KS122PT6RKPQ5KLM3XYH,KS1200H6XYN1CR0G5NZ0,KS120276F2WTD1S8030J,ES9E9A9565C329709A50,KS127D361PF0FTXDZ7C4,23111310,23121010,23101010,27111214,27121313
JJY4MZVMCPSI,ES192DCB6EF143DC9DCC,KS1248T6MC5L69MZ2L3R,KSQPGV2XZO8UMNCC49LK,KS127Q56J10XVNDFQ3K1,BGSDD5FB715C9C84D8AE,32161416,11211014,26131114,11211010,11211211
2LYDKG2D7GG3,KS127ZG6DBSF76WF7VYX,ESA0E706FE59CA27098B,KS122556LMQ829GZCCRV,KS123HV5WHQXDMXZ667K,KS1263K71W66XVVGKG2F,20291110,20321022,20321111,20291010,20321019
HQ6DG8NKDAT5,BGS59240AE3D273EA166,KS440726NL4QJRHCMR43,KS122VW78Q67XR4C3ZDW,KS7G16D61SMNKDQZLKSV,KS128456FPN85WYD0SH8,19101018,19101011,11221117,24151313,24151213
0EN9UU2Y4IX0,BGS10F94E4049444B523,ES72D57E1BC4BB22BBB0,KSQPGV2XZO8UMNCC49LK,KSQPGV2XZO8UMNCC49LK,ESB80C76F5820B512E5E,18191516,18111311,11211010,18192012,18151117
XENFRRYBCN78,KS125QN69N74BRHT232H,KS1218Y74WJ6YV4KH0DM,KS120RN6FDTS9FLCH3T0,KS122P86NZFH1GP38G15,ES8F73CC75C618D72F72,23171524,23171712,23171714,23171541,23171716
45BG34IQ7ZJ3,KS120V86MZWV9Z9LKQY3,KS121DS6GB09TFN7RLX0,ESEB1D4619E6E83A061D,KS124QR6F19BX4WPMW1H,KS126Z96STZD3JX27V02,23151215,32151011,32131111,23161111,32161420
9K9XJUY0BVR6,KS122VW78Q67XR4C3ZDW,KS121Z26S4VJLQ1WXN21,ES3937EEC3D5D7345412,KS122556LMQ829GZCCRV,KS1212B6QR5SK1LSD4S4,23171524,23171712,23171541,23171510,23171511
VTYZ9345ZWUO,ES9CF178136F41E38F55,KS124HM771ZF70WBNNNW,KS44086772RVPJQ1SVW6,KS7G1036WXVYB5R8XQWG,KS680KR72KH02C5GM5TY,19131810,24161219,19131511,24161217,21171610
N9DL5TGSQ7AI,KS441K2756CXYXBG990G,KS1280N6G0RXMWQ29JCS,ES72D57E1BC4BB22BBB0,KS1200H6XYN1CR0G5NZ0,ESEB1D4619E6E83A061D,19131610,19131611,11211010,32171011,11211014
PGANL816LBUW,KS128866SHL94J005TTG,KS122556LMQ829GZCCRV,KS1212B6QR5SK1LSD4S4,KS6840J6LR0TLQ86LZJC,KS1252B6CXQBKCRJGG5W,23171524,23171712,23171510,23131116,23171716
63Y8OCVF34EI,KS123YM600CLQQD1GP56,ES3780CE54ECBF6F1791,KS122PG64BT2BT6X15HF,KS1226Y6DNDT05G7FJ4J,BGS11665AC6BD06C5EBD,32171028,19111212,19121416,19161111,19111210
AKN207KIOAYP,KS7G20264NW3ZVV10T1S,ESEB1D4619E6E83A061D,KS124WD6XB7RT57LR817,KS4420L6KYL45CVTHY1F,KS1280B68GD79P4WMVYW,20251510,23131113,23171712,32171011,23171716
QGASGK783NC8,KS1225N6LLCB6MVBP02R,KS44086772RVPJQ1SVW6,KSWF5CX0VFKMUQF3RJNP,KS1218W78FGVPVP2KXPX,KS125B45YZ8FF6LVXX3G,27101024,27121510,32161416,11151110,11231112
TMOFMMWI9S3W,KS122C775KRX1DK8Q1RQ,KS122556LMQ829GZCCRV,KS122C46Q68397G8TBNW,KS120V86MZWV9Z9LKQY3,BGS893CDAAACEF63B0CE,23171521,23151010,23171541,23151016,23171710
P5YRO1WODGZD,KS124HM64C6984RFYTDN,BGSFE08E3D89876EBD8A,KS125SJ6J3FPRPLTSD7J,KS123X777H5WFNXQ6BPM,KS122MK65TBR6RDBZL1P,23151115,23151111,19111011,23151116,23151114
XKIZFZMQP7RX,KS120ZX7019J4V8DHBTM,KS121Z26S4VJLQ1WXN21,KS441DK5ZDF8Q8FWL19R,KS121WY6GKT1CKKTCLXP,KS4418462TTGKL3CWJHT,23121010,23111310,23101010,23101110,23121311
7FXV7A7KX7MR,KS120GV6C72JMSZKMTD7,KS121056X529461ZF6XW,KS440PV6FRJ90X0QFNLY,KS122D46PJ09YVSBV9DW,ES2485681ABF954DB2BA,21121010,20251010,21111510,21121110,21131110
EH1VR1NECQOR,KS122556LMQ829GZCCRV,ESD4D74CA4B5DD98A214,KS1218W78FGVPVP2KXPX,KS122556LMQ829GZCCRV,KS123MC78KV644P5DDZ0,27101212,27121510,27101024,27121210,32131011
B8X6JMRE2U7F,KS4400X6ZTF2HFNS3WP1,KS124QR6F19BX4WPMW1H,KS1200578T5QCYT0Z98G,KS120GV5ZXR64CJLL1J4,BGS2B5070B09778B1443,32131516,32131520,32131515,27121313,27111214
NS0GNH8S2GT3,KS12190602QSDB2XD0KT,ESEB1D4619E6E83A061D,KS123X777H5WFNXQ6BPM,KS120H6772VQ0MQ5RLVD,KS122S475RQ5440YJ33H,11131111,15111010,27101014,25111510,32131513
NGVXXYN9T61Q,BGSE504C73DB3C0EC15A,KS125F678LV2KB3Z5XW0,KS120SQ5W4Q57JMD2Y81,ES3805A39975A2FA02A1,KS1226L6XYT1N27WRYJM,19141311,19101010,19141112,19141314,19141110
OMRDE51K8LXE,KS120LP6CBTTJSY8HRC8,KS122556LMQ829GZCCRV,BGS6D8F44DBC60BBB725,KS1203X6ZDCNW2J3RC4X,ESF9FAA3EBAA9D563B26,19111012,36161117,36161124,19111010,36161120
TX8O7II03OD4,KS124JB619VXG6RQ810C,KS123Y56VDHMZ288XX1W,KS127D361PF0FTXDZ7C4,KS4418462TTGKL3CWJHT,KS121W46CJXQ5ZQ506MS,19101010,19141311,19111010,19141110,19111012
IVIPV8MSWRR9,KS123JQ66Q4B1FXXLZK4,KS120SR6WD1FP76Z6GC2,KS122556LMQ829GZCCRV,ES87FBC9D1ADBC4946CF,KS440PW66NNLYJ09D6MC,27121510,27101212,32131011,27121210,16141210
RK2LBIMNZ9B9,ES2F712D74818EF2888E,ESBF952629C36426E564,KS1244J76BBG2CTNYHYR,KS121VS6P3KZV317RBZ6,KS1239W6QZKL1H0TF1TJ,21121010,23171712,21131110,23171524,20251010
YTIVR40DM9IF,KS1253H61TTR1FZWSRH4,KS441PC61LH6SWW9P97Q,KS124JZ5VYRZ5MJ85N2B,KS123X777H5WFNXQ6BPM,KS126HY6YLTB9R7XJC4Z,23131115,23131110,16131015,27111320,23131112
G8SBI4Q2Y9V8,KS122556LMQ829GZCCRV,KS1280H6816TH6WNVMND,KS440W3640PNXPGB5MSW,KS4403G6XNX5KJSD906W,KS1226Y6DNDT05G7FJ4J,13141111,13121011,20271110,23171611,23171610
8479R1133D91,KS126CB5Z7YH40VZCP5Y,BGS8DB61483F6A17FCDE,KS1282R607CFYF1FWJ74,KS120VC7108H86J50CYW,KS123Y56VDHMZ288XX1W,19101010,32151017,19141311,19111010,12101212
V3SY80W5GSM7,KS123MC78KV644P5DDZ0,KS126HY6YLTB9R7XJC4Z,KSQPGV2XZO8UMNCC49LK,KS1225S77RQ7T10BMPXN,KS1224W5XSXCJBNSLLVX,27111318,14111117,12101212,32131411,27111320
OE5IOMQD9ANO,KS1218W78FGVPVP2KXPX,KS1230469Q3H7ZQ2K8XK,BGSEE1E1C4671622F63B,KS7G20264NW3ZVV10T1S,KS120LH6DHTBJYVLFKB3,36161117,36161120,36161112,14161010,36161110
5NHXF4T8MA10,KS1206Y6W7F5JS3VBTFL,ESDC58629CA141F03F92,KS120W86KJ30NQJCQ3ZP,KS123Y56BJ5RWDQLYD5K,KS120Z7639SCP3GZQV40,19101010,19141311,19141112,16141210,19111010
0NZUTP4HY5I8,BGS91833D85A87367BA1,KS124L55Y9H5B5FHLYMQ,KS122556LMQ829GZCCRV,KS122556LMQ829GZCCRV,KS124QR6F19BX4WPMW1H,11151110,32171022,11151010,11151210,32171018
1C25XNOFG780,KS125QN69N74BRHT232H,KS122F96DJHT3ZXB8FCZ,KS120RN6FDTS9FLCH3T0,KS1219774ZFQ6TY3L9FL,KS121Z26S4VJLQ1WXN21,23171524,23171712,23171714,23171541,23171716
4BFPV0V6443K,KS121XX660DWPDPRLVW2,KS123X777H5WFNXQ6BPM,KS7G4T15W4RYVZTCDSWZ,KSCFTLKLB8GE4VIJNVRR,ESB38820A543FA4E3969,21121310,21141810,21121410,24131321,19111110
JPX16F1KYNTL,KS127X46B0N8TMBNN61S,KS124VJ71BKMYXC1PP09,ESF80FF10258D686691A,KS7G1P76W2FRM88BQFJN,KS121YT721BY2F3M5YDR,25131410,32161311,25111510,25131710,36161124
LRC6G1HAV6XH,KSET2IWJVEGUTA3JC9WG,KS121056X529461ZF6XW,ES7A07CF87C516875B23,ES1C53496B6F1ECEDD9A,KS122D66ZXYMB2T0HT81,27111211,27121312,27111214,27121313,27111222
ET8P1H1ZRIYD,KS1220G68PD5STH2DL2W,KS1274Y5Z0PFK7XN155K,KS1246V69FLYLLNXWSFT,KS123YJ6KVWC91BTMB4R,KS1253H61TTR1FZWSRH4,36161117,36161112,36161120,36161124,36161110
9NYPU87H0POS,KS440XG653B0ZK3926JF,KS120FV6SNZ00C8YJMJC,KS126X663B21NB77ZHSP,KS1258D71GC65F25H9TH,KS1200C5XQWW78VQ5ZYL,20311710,20311210,20341212,23171716,23171524
SWV5QD8C1AM0,KS127D361PF0FTXDZ7C4,KS127JM79FJ5MC2D5VH6,KS440ZC661D1D248K9QG,KS124KQ78ZWBPC39W1RC,KS1285T645JRKKFWSV0W,21121010,20251010,21131110,21111510,21131010
9EUKIFM5CI7H,KS121Z26S4VJLQ1WXN21,BGS8B8D42612C037B185,KS124QR6F19BX4WPMW1H,KS126X663B21NB77ZHSP,ES72D57E1BC4BB22BBB0,25111110,25111610,11211010,25111515,25111518
ZF761HJR6EET,KS441K2756CXYXBG990G,KS1200H6XYN1CR0G5NZ0,KS128HP65N6N70YV5ZM7,KS124G66QWSYM012SWS5,KS125F678LV2KB3Z5XW0,32161416,32151013,32121312,19161111,32161415
YYKATCRGEVPG,ES9E9A9565C329709A50,ES439D5D4E1DA572EFB8,KS5S1X799BL7UH79PT17,KS125F678LV2KB3Z5XW0,KS12752715S2P1XNBR43,20341227,20301314,20341212,20341110,24161220
EWT8J2VO7IUG,KS4407N6CMTCYT0NYSVM,KS125MK6L8XN70ZS40ZY,KS1227D60Q7225FTK55V,BGSA88BF6E32421AA38B,KS128866SHL94J005TTG,19121511,19121416,19141115,19161111,19121011
31FI0N6DGG5G,KS125MK6L8XN70ZS40ZY,KS122FV73MMMYFGYMTTY,KS122556LMQ829GZCCRV,KS1270P6SLFCFT476Y3R,KS1256C6DBYG39V53J4V,21121010,20251010,21131110,17131010,21111510
VITWU3BFXB4Y,ESED5F420D27CD6B451B,KS1218W78FGVPVP2KXPX,KS126L563YF9YNQQQ832,ES9E070CF7DFD323E9D9,KS121CX75Q8F638ZCJVZ,27101310,27111222,27111214,27121313,27121210
VM4JBUX476KE,KS44023635DFP7CYKJ45,KS440C365HRHPM9VQDFF,KSIJUG1D2NW7T16XO96D,KS7G2RS68WTQ4B3H2KMQ,KS440LJ76WNRD99W8RS0,23121010,23171528,23171541,11211010,23111410
ATH9KP6ASSSU,KS126HS6R7MH1W08PMVR,BGSDD5FB715C9C84D8AE,KS1258C6J7BK2F84V8FC,KS124QR6F19BX4WPMW1H,KS122P86NZFH1GP38G15,27101018,32161416,27101110,26131114,27101012
B9V1T4JXA2YM,KS4418H6DF21VK4NHKWB,KS121YT721BY2F3M5YDR,KS1253H61TTR1FZWSRH4,KS120GV5ZXR64CJLL1J4,KS43I7T7CU4Q66EGVQLU,26111210,27121313,27111214,26111010,27111222
R1930I6G61PC,KS123YJ6KVWC91BTMB4R,KSCH2TPBQX91532Y3Q8E,ES76F4C57A88877D6D64,KS126ZV68Z2NDGDC9JQC,KS44175745H9Q0DPBDNT,23151215,23151214,32131111,23161111,23151121
QS4HUFN4VNBO,KS125F678LV2KB3Z5XW0,ES334E1A00A7BA592E98,KS1267F6MSPN366LX7ST,KS1259D6L30YYG3XR3VL,KS122YN6108R0RSDXXRC,27121313,27111214,27111222,27121210,32131011
VYCS44PHH62M,ESB641A019499F7A06AE,ES5F80D4A3BDF9BB9069,KS122W867PQYM4N75YWR,KSQPGV2XZO8UMNCC49LK,KS1219261TYVPMGX8KVQ,19111012,16141210,19111011,19111010,16141110
P8HQMABSI9NB,KS7G4YT72YHJ3BVJ4P56,KS44175745H9Q0DPBDNT,KS122C06Z8NDM5G6NYNT,KS1200T78B9FLGC6TVY4,KS120WQ67KZ4DBMBGKX0,19161111,19121711,19121011,19121414,19121710
RGVZ9AAWE429,BGSB4E1D5CA81759D758,ES3C8650B6A0820DAFF4,KS440Z26T60HXNGBDLL2,KS1239W6QZKL1H0TF1TJ,ESDFA25A5C1E94B79381,36111110,11121110,11221117,17121013,26131114
RRRIXCIJQN6C,BGS59240AE3D273EA166,KSKJX44T33B6D4UCC8CB,ES73A557482F94D812CB,KS4411H6DM87QLDT97JT,KS1218B62M9QRBY8WRSK,14111117,14111210,32161416,14111115,32161010
29MAX6EBQGBP,KS1259D6L30YYG3XR3VL,KS1259D6L30YYG3XR3VL,BGSBC6553CCF3F292F02,KS4425C7820LCHZS7VGX,BGS18E06A1116E6F53E6,32151013,32161416,32161415,27121210,32131011
U7EGPNNHN6OF,KSQPGV2XZO8UMNCC49LK,BGSDD5FB715C9C84D8AE,KS1203V5WXB7NG26XSR8,KS7G55M6TRB1N24LW2P5,KS120MQ655HPY3MW500F,19111011,19111010,32161416,19111012,26131114
PM2FM72C6Z5T,KS121DS6GB09TFN7RLX0,ESB38820A543FA4E3969,KS1253H61TTR1FZWSRH4,KS122556LMQ829GZCCRV,KS1219W70LY1GXZDSKW5,32151011,32161420,13151110,23171522,23171517
OVXPKAYBSEWY,KS1203V5WXB7NG26XSR8,KS687J575SCWVW3LR42K,KS122556LMQ829GZCCRV,ESEB1D4619E6E83A061D,KS440C365HRHPM9VQDFF,19111011,19111010,11211010,23151115,11181017
L9TQVDZ4X1ZH,ESE1B279F38C73E025BD,KS440Z26T60HXNGBDLL2,KS1217P66NK6BW72M9FH,KS1218B62M9QRBY8WRSK,KS1267F6MSPN366LX7ST,36111110,11121110,17121013,26131114,25111310
7SCRV3HONIX7,KSDLM69G0JUJ00M09JB1,BGS1ADAA36DB65721AA3,KS120XP6CN6P1K86V6DZ,ESF2C5D269F58AE3BA49,ES6D557B9D5BE598FD74,20311610,23171528,23171710,20231010,20341110
FAAYFAINAWOP,KS1212B6QR5SK1LSD4S4,KSKJX44T33B6D4UCC8CB,KS12160602V51N7SJSX8,BGSDD5FB715C9C84D8AE,ES1C53496B6F1ECEDD9A,32161416,27111210,26131114,32151013,32131526
A5PMLQHDLQH1,KS440F476G8SKQRTH4CY,ESA5839C44D0970CF79F,KS440R072CLZFQ3FWGG1,ES8E748AAA880F67D6B6,KS124QR6F19BX4WPMW1H,12101215,23171710,23171521,11221115,23171541
T82DDL7FKNDG,KS4415S6Q3Q6JPVT2P33,KS122YN6108R0RSDXXRC,KS127LR6834753D8D7T0,KSQPGV2XZO8UMNCC49LK,KS123S46J5HRBLZRMRJ0,19141311,19101010,19141110,27121313,27111214
0Y0WLIWLAP3K,KS1217568CHTXMHV7V47,KS120265WKHSMJ6HYX8P,KS120RN6FDTS9FLCH3T0,BGS1ADAA36DB65721AA3,KS123MC78KV644P5DDZ0,23161012,23161015,26151117,18192011,23161013
A654NVGUW6YZ,KS7G1BR6XS3B87GHVMYH,KS44086772RVPJQ1SVW6,KS122HK6LN2MZHFY69GJ,KS1218W78FGVPVP2KXPX,KS1261W6S12LL9NC21GQ,23171521,23151010,23151020,23151016,23121010
RFIUPROG710E,KS1274X67LJPGGMXQL6B,KS1224W5XSXCJBNSLLVX,KS123DC6RRH5H6HMJ3QR,ES12001A151F8C659B87,KS121YT64JHV8Q1MLFRH,21161310,21161211,20251510,13101010,21161110
58DRC11ERTJ5,KS1203C6N9B52QGB4H67,KS122Q96S1LT3253TW3H,KS44086772RVPJQ1SVW6,KSZX7YZWNR5IDR1I2VMZ,KS120L66RV21DTVBSWX3,23121010,23151115,23101010,23151114,23121311
4ABISCW1PZ11,KS125BH5X5W0R09ZW3B7,KS124QR6F19BX4WPMW1H,KS12791657JTS84RWLVQ,ESE4C6DAB864E4F13841,KS128BF6TYRZLF58T01Z,23171520,23112013,11211010,23111410,23171541
64YFDS0DJI9K,KS441075WGFJJ4GRFG2Q,KSTRQ5SU1EX0XEK7VPT6,ES6982476D9ED5E7AEEF,KS1215R6G5DYNSM74PW5,KS441K2756CXYXBG990G,23171510,18191516,23161110,23161015,23161012
6QF1PAFL9WOA,KS128736G4DTS6WTY4P0,KS1203W702ND09XHKJR5,KS1216V6BW9W9PWLVHP8,KS120SQ5W4Q57JMD2Y81,KS123MC78KV644P5DDZ0,11131316,19181010,19181312,19161012,25111610
4EPXR9OGJEGX,KS1217P66NK6BW72M9FH,KS1219261TYVPMGX8KVQ,KS122556LMQ829GZCCRV,KS122556LMQ829GZCCRV,KS126Q66JF4NMYT5JGK2,24111610,25131910,32131513,19171010,36111318
DTECAFVO5Y0Q,KS441XD6SD64S66N8XPT,KS1256W6MPKRNM11QMPM,KS1280B68GD79P4WMVYW,KS120406FZSMTZF4M5SH,ESC5567F7A6FA12D0DCD,19111011,19101010,19111010,19111012,19141311
ZGUS8P6WKLX2,KS7G2VT72L9WMFRCG4G0,ES899BA440FA3441F22A,ESBE2E8DE338C307E78F,KS7G6NP6R6L1H1SKFTSY,ES2358C2129904DEF59F,13101010,20251110,20251510,20231010,20231210
FLMR19IK85EN,KS122D66ZXYMB2T0HT81,KS124G66QWSYM012SWS5,KS120S165SXK6CKVK77P,KSN3CMZZSDT2HFLGVZFP,KS120FG6YP8PQYYNQY9B,23151115,19161111,23151114,19121416,19121411
JOD5JGK546D2,KS1218L60PDVZX16NZT1,KS124DX6G31F5M9ZHNGC,KS441796583QGTMKQY3M,KS120LB6XV5409BCQ0NF,KS120PP6GL94HJDMN0TQ,19101022,19111310,19101512,24131326,19101611
L7G9JNPAXXHZ,KS440C365HRHPM9VQDFF,KS122F96DJHT3ZXB8FCZ,KS1220K62VQK9KS7ZVWS,KS128GC6JNCTB5MT96VM,KS4401T642KKKL4FQJMF,23121010,23151010,23121311,23111310,23121312
TTRUTI7ZFZTO,KS120W86KJ30NQJCQ3ZP,KS126X663B21NB77ZHSP,KS123HV5WHQXDMXZ667K,KS127ZK6MBRN29QBC755,KS44086772RVPJQ1SVW6,19101010,19141311,19111012,19141110,19111010
1AJSJJ583BYG,KS128HP65N6N70YV5ZM7,KS1218W78FGVPVP2KXPX,KS121X172Q0LS2ZDG99Y,KS7G2FX6L5L0NXGGHKMH,KSQPGV2XZO8UMNCC49LK,18151213,32161416,26141210,18151414,20291210
TE1EL8IT1LB8,KS121W46CJXQ5ZQ506MS,KS1280B68GD79P4WMVYW,KS1218W78FGVPVP2KXPX,KS127D361PF0FTXDZ7C4,KS1217R6SMDJ0WQHN6LK,14111117,14111115,14111210,14111114,14111116
S4FUSNZDWP73,KSCQ0SWSSG568HKQ1YNL,KS441QM6LTNMGDSQKHLC,ESED820E6065D9AA8D6F,KS127RT62P0W9B6Y0LTY,KS124046TRJDP25WFPYC,32131612,32131520,32131526,32131611,32131516
JLYS7JD6Z6PQ,ES58436FD74A0F08B296,KS1218B62M9QRBY8WRSK,ESEF6CBFE27C71B28816,ESF586319EAC399E9394,KS124745ZCN2G6TKC2QN,11171012,11181014,11171013,11181013,11211010
LN3OX5FL2MOX,KS1264X6Q6902BJMLNCB,KS1228S6YKWXMH4M4DL7,KS1244J76BBG2CTNYHYR,KS1200H6XYN1CR0G5NZ0,KS121W46CJXQ5ZQ506MS,23171712,23171524,23171511,23131116,23171541
7P2R5JGLWMK6,KS122P86NZFH1GP38G15,KS122TJ6KM1Z3LZD9JLR,KS44086772RVPJQ1SVW6,KS440PV6FRJ90X0QFNLY,KS1206V5WFXYXG27QYFD,16141210,27101212,32131011,27121210,11211010
T54884Z4UR2Y,KS120076FGP5WGWYMP0F,KS120SQ5W4Q57JMD2Y81,KS1217R6SMDJ0WQHN6LK,KS123KV6P7JVKY7RBTV2,KS1241J6PC0N3DT65QG8,21131110,21121010,21111510,21121210,21121110
OUZ1EGNTB34K,KS125S57165N2RB3XNBJ,ESFA9982A2A945E439CB,KS1258X6TN4MM1GP0SFK,KS1228M6S0Q13JW8NV10,KS120VW6JMZHZXZGD72C,32171028,27111222,27121313,27121210,32131011
M5HN1D613LY4,KS680KR72KH02C5GM5TY,KS127M06S0L9QJBRQKQ8,KS1227V6WBR3BH3SJYSZ,BGS409FD4E9C8053A315,KS1253H61TTR1FZWSRH4,32131520,19111011,32131526,32171022,32171018
9QB0E7CXSUO8,ES6A03A6D02FBA0D8CEB,KS1280B68GD79P4WMVYW,KSFS12Z1D00MRUX8Z7E8,KS1203B66DJG8T72WTJ4,KS124G66QWSYM012SWS5,27111320,27121013,27121014,27111314,23171716
DERI4K5OGZ2U,KS681KH79MJLQDPB9T88,KS125RZ5X2MBLVC6F634,KS123QD6KPN9TV140LGZ,KS125F678LV2KB3Z5XW0,KS7G4BM6L4F7TD38NLC1,26131115,26131014,26131111,11221117,18191316
FE9O1XGJNGVS,ESDFA25A5C1E94B79381,KS120L96KMYTDJ48NRSH,ES14F9AC68CA0E9A2BA9,KS127Q56J10XVNDFQ3K1,KS441PL6JPXW200W0GRQ,11221117,19141112,19131211,23171541,23171810
UQI62K3L0W5R,KS1218W78FGVPVP2KXPX,KS123X777H5WFNXQ6BPM,KSQPGV2XZO8UMNCC49LK,ES14F9AC68CA0E9A2BA9,KS1200H6XYN1CR0G5NZ0,19131211,19141112,19141314,19141311,19101010
Y8NYFWDC112H,KS120626HMWCXJWJC7VK,KS127ZG6DBSF76WF7VYX,KS440Z26T60HXNGBDLL2,KS122LZ773L5MZ56S322,KS127TD6X5C909DYQ765,36111110,27111320,27111314,11121110,19131611
DF9M13OTESU2,KS122556LMQ829GZCCRV,KS125B569R313XT23LHY,KS124WD6XB7RT57LR817,KS126SW5ZZYP3HXXPX1X,ESB5B8DE9634A95EB739,20251510,32161416,20341110,20311510,13101010
TYLAVZME9WT0,KS122556LMQ829GZCCRV,KS9ZSS5UNBOR9NT1GMGF,KS124QR6F19BX4WPMW1H,ES8A181CC267A7BA3E67,KSQPGV2XZO8UMNCC49LK,11211210,11211211,11211014,23171521,11211010
T6H6RA0DQD29,ES7E661995FDFAA3C497,KS123DZ63CL4S5D74XVG,KS440DP6VB7S8QLNV6YT,KS123YV78SK2486RNN2Q,KS1263K71W66XVVGKG2F,25111110,25111610,25111518,25111515,25101110
LIVHO8KTO9QE,KS123X777H5WFNXQ6BPM,ES271C4EB47A4BD5AD68,KS125Q36PBT7H9G2VK9V,KS121YT721BY2F3M5YDR,KS1RQLEJQ4336UADC164,23131115,14111118,23171712,23101113,23171524
UIX6HT3IE68P,KS122556LMQ829GZCCRV,BGS794951D216441A250,KS1218B62M9QRBY8WRSK,KSKJX44T33B6D4UCC8CB,KSGQ9QZ5IFB2Q2JYUENP,19101010,19111010,19111012,19141110,19141311
4GMA4IXQWOUY,KS126SW5ZZYP3HXXPX1X,KS123X777H5WFNXQ6BPM,KS125F678LV2KB3Z5XW0,KS1229T6LN87KTDQX2B6,KS124CW644N3BNDQ4V1R,36161117,36161120,36161112,36161124,36161110
RWAOBC3OKO3V,ES99B020D66F6670BCA6,KS128F265DV4XTBR70H7,KS123X777H5WFNXQ6BPM,KS120ST66K9HBSZ7MPS3,KS125PR73HNP7LH485XT,19121416,32131312,19161111,23151115,19121011
F12CHDAUBM3B,KS123MC78KV644P5DDZ0,KS126HY6YLTB9R7XJC4Z,ESE1B279F38C73E025BD,KS124KX6QKX9RWPMBWVR,KS128FQ6BBT0M5LXV7GH,13101010,20251510,20251110,21131110,21111110
AYIBUSA0WQOF,ES7A07CF87C516875B23,KS126S86N4K800BJBTQP,KS121Z26S4VJLQ1WXN21,BGS18A642702DFA6F745,KS1203Z6YQZ0X4XX7RM2,27121315,27111216,16141210,19141110,32131210
01S9BAY6B0M1,KS4407J6G3HPTRRSNZR6,KS12160602V51N7SJSX8,KS1219677F286BXFPBNC,KS122LP63R02H2Y6M04S,ES8B03DAD3B526316ED9,32171029,27111210,15111013,32131527,32171018
CILPJZ80ND3Y,ES97950ED1C1EF84AC29,KS123NJ76GJLK91JS75M,ES8B03DAD3B526316ED9,KS120XD77GTR3W3GXHBF,KSCH2TPBQX91532Y3Q8E,25111110,14111118,25111610,25111518,11231111
SP3V5VS0JZWL,KS122556LMQ829GZCCRV,KS1200H6XYN1CR0G5NZ0,KS1266X77DX8LMF3CHKQ,KS1287R64YNBZGR50Y1N,ES97A20B847203DF73EE,11181015,23171310,23141214,11221117,23171410
IAXUFVPIG3YV,KSQPGV2XZO8UMNCC49LK,KS7G4ML61B2JX1H1003Z,KS120626HMWCXJWJC7VK,KS120L96KMYTDJ48NRSH,KS4417N61DB04000S10C,16141210,32131011,16141110,27121210,23151215
XPSA97L6X2OZ,KS127D361PF0FTXDZ7C4,ESBE0ED5266B3B91D676,KS125W361KTR7KYD844N,KS122556LMQ829GZCCRV,KS1207L6QQP6TYRGY3L9,16141210,27101212,16141410,23171521,16141510
06NKWFG3MWU4,KS126HY6YLTB9R7XJC4Z,ES38C838634C9F2E7B7F,KS127ZG6DBSF76WF7VYX,KS123X777H5WFNXQ6BPM,BGS9D0AC44C13FEF8961,19111011,19111010,19101210,12111110,19111012
LYUYRJ55VFNI,ES7F774162E2780F8ADB,KS125F678LV2KB3Z5XW0,KS1200H6XYN1CR0G5NZ0,KS44253607FYTYCJNMPZ,ES71C18378814E6740D6,21131010,32151018,19131211,32171018,32171024
7RY21G6YRGC5,KS127ZG6DBSF76WF7VYX,KS123Y170JP7JBSFVBSS,KS122C06Z8NDM5G6NYNT,KS12592696SWR9G8BFF2,KS7G7X55ZKBF0R0WCSZQ,19141311,19101010,19141112,19131211,19141314
RX0GWHAOQHVD,KS120RN6FDTS9FLCH3T0,KS121W46CJXQ5ZQ506MS,ESB38820A543FA4E3969,KS7AASDV6UOE7VFBGF4D,KS120LH6DHTBJYVLFKB3,18151213,18151217,18151710,18192110,18151212
2PJ0MMUG8XJK,KS120RN6FDTS9FLCH3T0,ES665E24CD3C689EAD3D,KS4425C7820LCHZS7VGX,KS1281M7573BG4S5QKMT,KS127D361PF0FTXDZ7C4,17141410,19161110,23111010,17113710,23111310
45ED5GGSJ6VV,KSQPGV2XZO8UMNCC49LK,KSQ39IM6T1T6MCGAI2LO,KS43I7T7CU4Q66EGVQLU,KS125MK6L8XN70ZS40ZY,KS123X777H5WFNXQ6BPM,32151014,15111013,12101010,12101212,32151018
RATLCEZI8UBE,KS122556LMQ829GZCCRV,KS127D361PF0FTXDZ7C4,KS124046TRJDP25WFPYC,KS1259D6L30YYG3XR3VL,KS121Z26S4VJLQ1WXN21,11151210,26101519,11161610,11151110,20291110
9IUYZ9TOS7CU,ES383B16CCA5EC68F385,KS126X663B21NB77ZHSP,KS122PM76DCYL9WC89Y7,ES8B867675B7DA42B6CF,KS441K2756CXYXBG990G,23121010,23101010,23101110,23111310,23121311
JQ9HE6VB7HFG,KS1200771D9CR9LB4MWW,KS124H46Q2PP8YC1WQ06,ES71C18378814E6740D6,ESFA9982A2A945E439CB,KS122556LMQ829GZCCRV,16141210,32131011,16141110,23131312,27121210
7JK83MVQIIXK,KSQPGV2XZO8UMNCC49LK,ESE804C353E12807FEF4,KSQPGV2XZO8UMNCC49LK,KS1287M692W39DYZN8ZZ,KS1245B69S835T6C8KB4,21111110,21131110,32161416,23111310,11111012
B6884ROJVVF0,KS127R26PVSGVL35D7L1,KS1219677F286BXFPBNC,KS1203W702ND09XHKJR5,KS122556LMQ829GZCCRV,KS1217R6SMDJ0WQHN6LK,11171020,20291110,19141112,14111117,19101010
115BOIYMYK86,KS120WM730QRLVPV26RR,KS120RN6FDTS9FLCH3T0,KS1227P6FBK34WLH6X8Z,ESEB1D4619E6E83A061D,KS122626T550SLQ7QZ1C,19101010,19141311,19141110,19111010,19141310
UDBUJHBQI1YM,KS1203B66DJG8T72WTJ4,KS1242C6S44TD4DN39K5,KS441FM75ZDSSYXG6M84,ES750DFF3E0853E95124,KS122556LMQ829GZCCRV,21131010,21131110,23151115,19181410,23151111
SDA8980BT7RO,KS440Y975RD841M02V3S,KS120YR5YL8LVNYR4249,KS440W865GC4VRBW6LJP,ES8E748AAA880F67D6B6,KS122C46Q68397G8TBNW,23171528,23171521,23171541,23151010,23171524
FF124VF89X22,KS122555YNWMN79XR7DH,BGSA51ADAE2DC6E0C191,KS123HX69V95SC2NJZYZ,KS121Z26S4VJLQ1WXN21,KS1200H6XYN1CR0G5NZ0,25101110,25111110,25111518,25101010,25111610
V9C0XFEVMY1Q,KS122556LMQ829GZCCRV,KS124QR6F19BX4WPMW1H,KS1226Y6DNDT05G7FJ4J,KSKJX44T33B6D4UCC8CB,KS7G7K873Z87GNGYHQKB,23171510,23171541,27121011,23171514,32131522
8XQ41WJX3XYR,KS122556LMQ829GZCCRV,KS120PQ6XD1JWMFQVJNW,KS120BV6SR75RBKQH0G3,KS121Z26S4VJLQ1WXN21,ES65C485CF3B67FE16DF,27101212,27121510,27121210,32131011,27101110
R39IIXHAIAW4,KS122556LMQ829GZCCRV,KS440SR65FDSYM6XM21G,KS1237L6PKFC8187JKW5,KS122C775KRX1DK8Q1RQ,KS1287R64YNBZGR50Y1N,19101010,19141311,19141110,19101314,19141112
J56UTDRJDL2A,BGSA7DCCDC1D023EA7F9,KS122FN6C971NB3RMGRM,KS1210M6L42L5M4YPFMV,KS1218W78FGVPVP2KXPX,KS440BK74Y470B1M1NP4,14111210,12101216,17121025,17121116,14111115
5ZJAUCYHONBP,KS1203X6427JW5JX3V8L,KS123MC78KV644P5DDZ0,KS1217X6TT5N14H0N0P4,KS7G1YH6989K60428HFJ,KS7G2F36GFX1K55V6GK4,19101010,20231210,19111012,19141311,19111010
HECFXW7PT0RK,KS123X777H5WFNXQ6BPM,ES8F0D73ED4F952B6A48,KS441J8781NSVPFKS701,KS47ZFZPB8JBKAM9WK3A,KS441S06L3NZBK0D6JM8,27121117,16141210,27121325,12101010,27111210
EXMOJD85DW1N,KS120016K8T4NSLN5Q6K,KS121BS6QFLZVY39PMHD,KS122C06Z8NDM5G6NYNT,ES70CD6E89F6DAD8F319,ES9262EB46A460722CB4,15111011,15111013,32171011,15101010,32121010
66FB818Y8F88,KS122556LMQ829GZCCRV,ES2538347AA3A4C346C9,KS124DX6G31F5M9ZHNGC,KS1209176P7V54S9GVL8,KS1281Y6QHJ8PQLHTZ6R,27121510,27111214,27121313,27101024,27101212
HY9KDPPEQ1ZJ,KS126HY6YLTB9R7XJC4Z,KS122P16DMVQL50L733L,KS2GHRCYA6TRT29F1HOO,KS127QV5ZMNL5CBVSWHX,KS441FM75ZDSSYXG6M84,23121010,23111310,23111410,23101010,23121311
21ID9VVN5X48,KS124VR68PRNLVLWXYZ1,BGSADA90D2986CD3E35B,KS126DB6T061MHD7RTGQ,BGSB1AA3A12976AFDDA2,KS1267F6MSPN366LX7ST,32151014,32161416,32151018,25111110,25131810
4VF16185IBJU,KS122PG64BT2BT6X15HF,ESD45EAB54A83A5255D6,KS1282N72VHC87KVY1G3,KSKJX44T33B6D4UCC8CB,KS125F678LV2KB3Z5XW0,27111320,27111314,27111322,23171310,23121312
AUD9K9TR74QG,KS44175745H9Q0DPBDNT,KS441FR6L2YYQLPZBQRC,KS127ZG6DBSF76WF7VYX,KS1259D6L30YYG3XR3VL,ES6307DDE7C7ABFDEA76,26111210,26111010,26111310,26111110,18191316
OC6P3FKE5H1G,KS122VW78Q67XR4C3ZDW,KS1267F6MSPN366LX7ST,KS124046TRJDP25WFPYC,KS1281M7573BG4S5QKMT,KS125RW6ZWZ8DLT13SNR,21131110,32151014,21131010,11151210,32151018
UCF6WXQGLDXZ,KS1239Y6FNL0GN8819NP,KS1218W78FGVPVP2KXPX,KS126BK72NQVGDQ6Q7K3,KS1248P6CJ6XH85L8SX2,KS1265N6Q8R9WTY8PB27,20311610,27121321,20341110,34141010,27111223
IBTT9PAF667Z,KS1218W78FGVPVP2KXPX,KS1208P6ZMZ4N872Y7X5,KS1263K71W66XVVGKG2F,KS127D361PF0FTXDZ7C4,KS1265M698X7BRS20SWP,27111222,25111110,25101110,25111518,25111515
6XLJKFCQJUKU,KS124G66QWSYM012SWS5,BGS734F72C178934E389,KS120HK5XY6JV257QLTX,KS7G8736RPC57X37H7R6,KS1203V5WXB7NG26XSR8,25131710,25131410,32161311,25131810,25111510
KDTS1FB2VI10,ESD80D145AC3BB84827D,KS7G6NP6R6L1H1SKFTSY,KSQ99JKTZ4VRBARWNW2X,ES71C18378814E6740D6,KS126HY6YLTB9R7XJC4Z,23151010,15111013,32161416,23171543,23171521
J42RL1EH8HYF,KS122556LMQ829GZCCRV,KS680KR72KH02C5GM5TY,KS120SR6WD1FP76Z6GC2,KS1227P6FBK34WLH6X8Z,ESF520D61BA7F0946F97,15111013,24161214,32121312,32161416,32151018
PS0RS95ZOW60,KS127FG69RG4V6KHDDS6,KS1218R61L2LHV8J334J,ESD45EAB54A83A5255D6,KS1248L77TSY3J2V2XC1,KS123S46J5HRBLZRMRJ0,19101010,19141311,19111010,19111011,19141110
QDU2EB0T4UOX,KS43I7T7CU4Q66EGVQLU,KS1227P6FBK34WLH6X8Z,KS1265F71V3PY4KH0JW5,KS122GT6JKK1CC52DWGH,ES5F80D4A3BDF9BB9069,19111012,19111011,19111010,19101010,20231210
Q08JT6GK3LV3,KS1220G68PD5STH2DL2W,ES3CFFFE227B9801719B,ES5515E43EB7FBC6BB6A,ES3CF3DDCE84FD523928,KS44175745H9Q0DPBDNT,31151310,27111320,32131526,32121310,32161416
UPMANQY0HU97,ES5F80D4A3BDF9BB9069,ESEB1D4619E6E83A061D,KS120LB6XV5409BCQ0NF,KS122VT6S2JJ5C5D80NF,KS123X777H5WFNXQ6BPM,19111012,19111011,19111010,19101010,23161012
UUKGSUINJESP,KS126HY6YLTB9R7XJC4Z,ES474F4753BF3E936126,ESF14A354DDD69B5FBD4,KS441FR6L2YYQLPZBQRC,KS120RN6FDTS9FLCH3T0,26111210,26111010,26111310,26111110,18191316
R81BMQF7ZK94,KS121Z26S4VJLQ1WXN21,ES2BB25DB544B26CD7AA,KS1241J6ZY2S66SZG3QS,KS7G2F36GFX1K55V6GK4,KSDJCA4E89LB98JAZ7LZ,21121010,20251010,21111510,21121110,21131110
UJJCSEXGGOC5,ES69F016F911ABB9D44E,KS7G6J46GFF6BJH38BHN,KS123QD6KPN9TV140LGZ,ES15B16B907D759C1EC2,KS126SW5ZZYP3HXXPX1X,11161610,11151110,11181210,11151010,11161310
NAQ2YOTOS87M,KS122556LMQ829GZCCRV,BGS7A3AF265D98E8B412,KS440QS66YCBN23Y8K25,ES13164C3C5650DB8ADC,KS122556LMQ829GZCCRV,11161510,25111110,25131810,25111810,26101517
37KTLL8SN5YZ,KSKG9OA3NDST6929VROF,KS123X777H5WFNXQ6BPM,KS126HS6R7MH1W08PMVR,KS121Z26S4VJLQ1WXN21,KS1218B62M9QRBY8WRSK,19131211,19141112,19101010,19111011,11221117
SJBCCD4EOXIR,ESEB1D4619E6E83A061D,KS127D361PF0FTXDZ7C4,KS1200T5ZT69L9WDBV8G,KS1200H6XYN1CR0G5NZ0,KS124QR6F19BX4WPMW1H,18151120,25121010,25121312,32131111,23151215
DFOVD79C9MV9,KS127CS79GV081FMJYKZ,KS441PC61LH6SWW9P97Q,KS121056X529461ZF6XW,KS4409D76NW1S5LNCL18,ES4F42CA14B21F271165,23131115,23131110,19161111,19121711,16131015
O2TLA27F8LWV,KSV4CXO6S9ZZMIH51ZCD,KS4403P68Z3K0R3WZW84,KS128HP65N6N70YV5ZM7,ESED820E6065D9AA8D6F,BGS4563DFBF3F7EEAA55,23171528,23171710,23171543,23171541,11111012
HYB7TH34CUYS,BGSD663E7801D0013709,KS1263K71W66XVVGKG2F,KS123YH6YZ1G0PZVVJW1,KS1223773DHR863P9KJ1,KS123X777H5WFNXQ6BPM,21131010,19131211,19141112,19141314,21131110
YBJ7SOYGY21J,KS4417C74STWPWR9TNT1,KS7LO8P3MXB93R3C9RWL,ESA7A804109FFEDA2EF8,KS127D361PF0FTXDZ7C4,BGS3A9918446203012B2,19111310,19101022,19101512,24131326,19101611
T9QUBWRP8GUU,KS123MC78KV644P5DDZ0,ES72D57E1BC4BB22BBB0,KS121Z969HJV6236K3Q7,KS1217R6SMDJ0WQHN6LK,KS1270N6Z7WJQ5KVN0GG,32171011,13121011,13141111,20231310,13141011
OU5MHSBDJ532,KS7AASDV6UOE7VFBGF4D,KS1248P6CJ6XH85L8SX2,KS127PY6TFB1W119ZSB2,KS4417G5ZQHDYP24XB2P,KS127F36326KXDQ104H6,36111110,36141310,11221010,21141110,21171110
K8HUP3FTJ6AC,KS122Q960QYMW3YH0YWF,KS124H568S1F92XY25VR,KS440Z26T60HXNGBDLL2,KS121Z26S4VJLQ1WXN21,KS441K2756CXYXBG990G,23131115,23131110,36111110,16131015,11121110
RK1CTZGWKIDN,KS1282N6NQMZ95M1HJ7L,KS126706DPFD3354M7YK,KS4429L697TF15HH7081,KS7G1YH6989K60428HFJ,KS1226L6XYT1N27WRYJM,20231210,32181010,23171310,23171410,20291110
U62ER6EU6RLN,ES5BEBAEBFD6E28E402F,KS128066XVJ3VBR23R8W,KS123MC78KV644P5DDZ0,KS1218L60PDVZX16NZT1,KS440PV6FRJ90X0QFNLY,36111110,11191210,27121210,27121313,32131011
CJ4T0SEKKBP2,KS126X663B21NB77ZHSP,KS122556LMQ829GZCCRV,ES40B8B3F330068769DA,ES8B03DAD3B526316ED9,ES13EADE4B8DAB7C5CB3,21111510,21111310,21121010,21111410,21131110
U87CM453KF48,ES914A85DD95BDA4F711,KS1289C6QS0TSSB4PNGG,KS127D361PF0FTXDZ7C4,KS125396X5DJ1MXHT6YC,KS1217R6SMDJ0WQHN6LK,24161219,24161010,14111117,11221117,13151110
V818IQWLOK7G,BGSD663E7801D0013709,KS441LF7187KS0CV4B6Y,KS120436N14BN10FM7W8,KS123X777H5WFNXQ6BPM,BGS40BC1EBF9741AA911,19111010,19111011,23171524,19111012,23171712
ZKM5VGYWI7ZW,KS4401V5WX78L6JX0NW7,KS44086772RVPJQ1SVW6,KS43I7T7CU4Q66EGVQLU,KS125C05ZSYGWN3V1DXK,KS1200H6XYN1CR0G5NZ0,23171528,23151215,23161111,23171710,23171541
XOF33QE6JIXU,KS121Z26S4VJLQ1WXN21,KS7G5CT61NJMNH0V22KQ,KS1218W78FGVPVP2KXPX,KS127887314GMCR1VRR5,ESF0C01F4A5BE2D33EAF,20291110,15111013,11161110,20291010,20371210
69A14350Q8OB,BGS9C28433EB4077C017,KS1253H61TTR1FZWSRH4,KS124986R0H6NGX3SQP3,KS123X777H5WFNXQ6BPM,ES5A792CE88222A39B0D,23151115,23151215,23151114,24121210,23161111
C2KEIVLI77JZ,KS128866SHL94J005TTG,KS440VC66WGHJVQ82KCP,KS122556LMQ829GZCCRV,KS124MN6480FZQZYDF7Q,KS121Z26S4VJLQ1WXN21,11211211,11211014,11211015,11211010,11211210
JA2M0W10LBT3,ES39E5C01E1593CE9E72,KS441QM63C04S4BTT4WP,KS1253H61TTR1FZWSRH4,KSQPGV2XZO8UMNCC49LK,KS122SG5Y0Q5YQM7V8KT,23171541,23171810,11181016,11191413,23171522
ZIGIKQWJ2C9O,KS1259878L4HP9Z4JWKY,KS122VW78Q67XR4C3ZDW,KS7G7LT731301PM8PGN8,KSKG9OA3NDST6929VROF,KS120RN6FDTS9FLCH3T0,15111011,12131211,20231210,32131516,15111013
0RRSXQSAAYE8,KS120415VRMKCMYR91NZ,KS120GV6C72JMSZKMTD7,KS122VT6S2JJ5C5D80NF,KS1217R6SMDJ0WQHN6LK,BGSDD5FB715C9C84D8AE,19111010,19101010,19111012,19111011,19141311
E0BN24N3JHYA,KS122B06FRJSHG3ZF56F,KS122PM76DCYL9WC89Y7,KS441HK6PSZJ031Y085G,KS128CD5ZPL9DT9W0NRB,ESDE88522D5CAB41E894,16141210,32181015,23121010,23101010,23101110
X8PLWQ1QU1RE,KS1203W702ND09XHKJR5,KS1228M6S0Q13JW8NV10,KS124JB619VXG6RQ810C,KS122P767ZWK429HNC22,KS122C06Z8NDM5G6NYNT,23121010,23121311,23121312,23111310,23111410
DTBYRGC8KIXC,KS1200H6XYN1CR0G5NZ0,KS122BL6107G2Z27JWJW,KS1227V6WBR3BH3SJYSZ,KS1200578T5QCYT0Z98G,KS126B76BSNPT73P7J2Z,27121210,27121510,27101212,32131011,20251210
S9RYLLWB7SJW,KS120QQ6ZN003B8B7FK1,KS125PR73HNP7LH485XT,KS125BH5X5W0R09ZW3B7,KS1218W78FGVPVP2KXPX,KS1241P6PXRCKTDSWHTV,23151115,23171310,23151114,23171410,23151111
XPNMJQY3ODSX,KS123YJ6KVWC91BTMB4R,KS125F678LV2KB3Z5XW0,KS127D361PF0FTXDZ7C4,ES6204EEE269AF03D4C4,KS1206V6K46N1SDVJGBD,16141210,23161012,16141110,32131011,15111013
3CII1J0F53QB,KS120LH6DHTBJYVLFKB3,KS4418D6RW4837XPT884,ESEB1D4619E6E83A061D,KS122556LMQ829GZCCRV,KS122BL6107G2Z27JWJW,27121210,27121510,27101212,32131011,27121313
ZU0F5E47RHOW,ESCC8F99B130EAC431A5,KS1253D6B27CMTZ496YL,KS1282Y5ZSX4FGTYXP1C,KS440XG6F9DTD3VG7JTV,KS1226Y6DNDT05G7FJ4J,19101010,19111012,19141311,19141110,19111010
D6FWUNIBW1GI,ES8B03DAD3B526316ED9,KS1282W6V4RX7LC1FDH9,KS120LB6XV5409BCQ0NF,KS120GV5ZXR64CJLL1J4,KS7G6J46GFF6BJH38BHN,27121313,27111214,27111222,27121210,32131011
EJRSBBLBADKE,KS122556LMQ829GZCCRV,KS120LH6DHTBJYVLFKB3,KS1289M61SWCFXZM8DC3,ES26F70DE1799788D6F9,ES501046F1CC91CBA0D3,27121210,32131011,27121510,27101212,27101110
D14VE92MPNSM,ES75B9A3A71AE4458847,KS4418877WW06JL2XBNJ,KS123X777H5WFNXQ6BPM,KSJF3PBD3995K6E0OF1Z,ESD45EAB54A83A5255D6,23151115,23151114,23171521,23151112,23151010
KYR06O6ATBY7,ESD329DFE7AF20305B61,KS127D361PF0FTXDZ7C4,KS1218B62M9QRBY8WRSK,KS1248L77TSY3J2V2XC1,KS125SS6Z01PYP99SN5G,19111010,19101010,19111012,19111011,19141311
ZAF9KW51D3JJ,KS124JB619VXG6RQ810C,KS126X663B21NB77ZHSP,KS122FV73MMMYFGYMTTY,KS1259D6L30YYG3XR3VL,KS127YF631YF6JYZNX9P,32161010,21131110,32161416,21121210,21121010
86QE7AJUL7W8,ES92BBFCE941D849C9A4,KS122556LMQ829GZCCRV,KS440C365HRHPM9VQDFF,KS121Z062B812PLRSS3M,KS1261W6S12LL9NC21GQ,11211010,11181017,19161110,11211014,11211211
VA02DZ61TXSN,KS122VW78Q67XR4C3ZDW,KS440Y975RD841M02V3S,ESC0125793FA9AA2156E,ES9FB32769C9772653CA,KS125MP70K0J6WFJSG88,27121313,20311610,27111214,21141810,27111222
24WJT8HDPWVB,BGSD4F6E81315300F68E,KS1238H659P08Z726BK8,KS1253V6Y3X0N15VNKCR,ES2485681ABF954DB2BA,KS126BZ6TX5WQZMPD6HL,27111214,27121313,23151115,27121013,27111222
F3KWBNBPAVAJ,KS1270P6SLFCFT476Y3R,KSMNXY6MPS1EDWJ8P6B0,KS1220C663NX0Z4Q78P1,KS1259D6L30YYG3XR3VL,KS1203W702ND09XHKJR5,32131520,32131526,32131512,32131516,32131511
VRNEGN2B4JTJ,KS122556LMQ829GZCCRV,KS441G468LJ03HSZ8P3D,KS121996CBWZX0W48B64,KS127PD6XH0GQ380FJ3N,ES75388526FA5C8C8C76,17111510,25111515,17141310,11191413,26121010
WNNHJ7XVG0FN,KS681KH79MJLQDPB9T88,KS1208P6ZMZ4N872Y7X5,KS121W46N4VQRL4M1NZ2,KS127RR61H1X4CYBBZF5,KS1253H61TTR1FZWSRH4,12101310,21161310,12101212,21161110,20231010
51VUTPQCMSV1,ES5269FD2583B0B9875C,KS126HY6YLTB9R7XJC4Z,KS1259D6L30YYG3XR3VL,KS44175745H9Q0DPBDNT,KS125F678LV2KB3Z5XW0,23131110,23131115,16131015,23131117,27111320
4JUFN24XCRWD,ES3059A62D4FF54CD4ED,KS1215Z6TK2JY562DFD4,KS1249Y66VV2FSWMKZHH,KS1280B68GD79P4WMVYW,KS440PV6FRJ90X0QFNLY,21161211,21161310,21161210,32131210,27121210
8QHS9CKHAWV8,KS1256W6MPKRNM11QMPM,ES4A24B7D11092539EC2,KS1218B62M9QRBY8WRSK,ESEB1D4619E6E83A061D,KS1200H6XYN1CR0G5NZ0,27111222,27111221,27121210,32131011,32131311
8U6B15X8G1HZ,ESBF952629C36426E564,KS1269G64FJ1GZKV0GX9,KS1217P66NK6BW72M9FH,KS128866SHL94J005TTG,BGSDD5FB715C9C84D8AE,25111110,32161416,25111518,26131114,25111610
62E21TRBXAZV,ESC80C5E846C65F847EB,ESEB1D4619E6E83A061D,KS1203W702ND09XHKJR5,BGSF524DF9FB0A18C04D,KS1258B6FBG9B2CQ169N,11181210,19101314,19101010,23141011,19141311
ABXXWNRSNIMU,KS1248L77TSY3J2V2XC1,BGSA720E33A12FF07972,KS125MK6L8XN70ZS40ZY,KS1282N6NQMZ95M1HJ7L,ESE1B279F38C73E025BD,19111010,19111012,19101010,19111011,15111011
GM5SRZEPFEKX,KS120LB6XV5409BCQ0NF,KS7G1YH6989K60428HFJ,KS4401967TXYW7DXV8QX,KS120BL5Y82H6T9F0F1B,KS1225K67C74NWDXNJSL,20231210,17121026,23161012,15111013,23161015
16H7009WVNF7,ESE91DB5BCB868512FDC,KS1218W78FGVPVP2KXPX,ES1BEEB0EA9BCFD65927,KS122PG79GBGKLPG9WNK,KS440S66DFM34BM1MH7H,19101512,19101611,11151110,19101022,22101311
6FWTV1DJJZQF,KS1283V6XDFZSK6YP0HF,ES76F4C57A88877D6D64,ES72D57E1BC4BB22BBB0,KS121CX75Q8F638ZCJVZ,KS120XM6K01BDQNVTK1Q,26141210,26141910,11211010,19181312,19161012
VI052U9AZ3CE,KS1218B62M9QRBY8WRSK,ESB7D4D9034BC8B2CAB1,ESB812BB8B0FCA695F64,KS123BW775J89VSVGJG6,KS125SS6Z01PYP99SN5G,24141110,17171510,17141110,17171610,17141910
3RZN9L3H03ZB,KS441FR6L2YYQLPZBQRC,KS123X777H5WFNXQ6BPM,KS1257K66JF3DRP7F8GX,KS127D361PF0FTXDZ7C4,KS126QY605N7YVHFYCTW,26111210,23171541,24121210,26111010,24161010
KIO5B6IIJPSH,ES39E5C01E1593CE9E72,KS1209176P7V54S9GVL8,KS127GW70FYB37C8KZG4,KS7G4M2727B31FZ3KKVX,KS120SQ5W4Q57JMD2Y81,27121313,27111214,27101022,11131316,27111222
X4MIVL590J1M,KS122556LMQ829GZCCRV,KS441K2756CXYXBG990G,ES9E9A9565C329709A50,ESD45EAB54A83A5255D6,KS125B569R313XT23LHY,24161220,32171024,21131110,20291110,32151018
N0IZH88RBYWC,KS681KH79MJLQDPB9T88,KS1200H6XYN1CR0G5NZ0,KS122FY73SVQX6J22KR1,KS1200H6XYN1CR0G5NZ0,ES8C087D7EE8B81DA9C0,22101214,22101213,22111215,22101210,32151018
5A36E1JQQXF2,KS122556LMQ829GZCCRV,KS1203W702ND09XHKJR5,KS1203C6N9B52QGB4H67,ESF7CBEBE067150B911F,KS127D361PF0FTXDZ7C4,27121510,27101024,27121210,32131011,27101212
15F4JM8R7A4K,KS125F678LV2KB3Z5XW0,KS440Z26T60HXNGBDLL2,KS121Z26S4VJLQ1WXN21,KS1200365FTR9X0M96T9,KS126ZM787JTJ3Z7TVQX,23161012,23161015,36111110,23161210,11121110
RK8CJRE5C5JO,KS120L771PM275D58Q8Z,KS120QQ6ZN003B8B7FK1,KS122556LMQ829GZCCRV,KS120KX6PMTQF19QTFPT,KS128866SHL94J005TTG,22111416,23171528,22111215,23171541,22111415
BSEPR1B20UC8,KS1281Y6QHJ8PQLHTZ6R,ESA52F9E66596E26382C,KS126SW5ZZYP3HXXPX1X,KS1203W702ND09XHKJR5,KS120L96KMYTDJ48NRSH,19171111,23171810,23171541,19171110,18111114
B726EW7LRKHT,KS43I7T7CU4Q66EGVQLU,KS1218W78FGVPVP2KXPX,ESEB1D4619E6E83A061D,KS440W865GC4VRBW6LJP,KS1228M6S0Q13JW8NV10,23111310,23101010,23121010,11111012,23101110
4PO1I3MSDN1M,KS121YT721BY2F3M5YDR,KS7G2FX6L5L0NXGGHKMH,KSFX6JBNDFS27G78LHSA,ES665E24CD3C689EAD3D,KS122FX6SN0JZZ13B0FB,23171521,23151010,23151011,23151016,23151020
DZR1YXR2DHYL,KS122NR5WBK04FGMP0HD,KS122556LMQ829GZCCRV,KS7G55M6TRB1N24LW2P5,KS12160602V51N7SJSX8,KS123Y170CZM0V5Z3XXB,27111210,23111310,23101010,23121010,23121312
SUMH3B0N9CC7,KS122QP68CD2HZFTWP7F,KS124JB619VXG6RQ810C,ESD10C356D19164207BC,KS126LB63HNSY7XKDH0B,BGSDD5FB715C9C84D8AE,32161416,26131114,26111210,26111010,19181410
3GTXYZ8AKV3U,KS125F678LV2KB3Z5XW0,ES2F712D74818EF2888E,KS681KH79MJLQDPB9T88,KS1218W78FGVPVP2KXPX,KS1280B68GD79P4WMVYW,12101212,12101210,12101010,12131213,12101310
Y6C5TG8BKA8V,ES20CECA4FF83ECE8196,KS120ZX7019J4V8DHBTM,KS127NB6VPTVSF9N875L,KS441DK5ZDF8Q8FWL19R,BGS6BF85B9F471BED8B0,23101010,23121010,23111310,23101110,23121311
E0HRQSU95IYU,KS124VJ71BKMYXC1PP09,KS125F678LV2KB3Z5XW0,KS120GV6C72JMSZKMTD7,KS44175745H9Q0DPBDNT,KS1238H659P08Z726BK8,27111214,27121313,27121013,27111222,27121210
X5IC86Z1B98V,KS123VY5ZW3319SF7RLL,ES750DFF3E0853E95124,KS126S86N4K800BJBTQP,KS441K2756CXYXBG990G,KS126DB6T061MHD7RTGQ,19111310,19101512,19101022,16141210,21131010
0JECKOU0HYO3,ES3FE1FDE838BAE7DEB4,KS1207164CW5X2SJPW43,KS4411H6DM87QLDT97JT,KS1259D6L30YYG3XR3VL,KS122SP76CJCX9T70P6B,16141210,16111210,23171712,23171524,32121011
WT2FES5CS9UI,KS1282X64QGHTFWQ8J2Y,KS121056X529461ZF6XW,KSKJX44T33B6D4UCC8CB,KS440W865GC4VRBW6LJP,KS125RZ5X2MBLVC6F634,26131014,26131115,26131111,26131112,26131012
PL6UZA28OR9F,KS1219261TYVPMGX8KVQ,KS123X777H5WFNXQ6BPM,ES5E5A68D47827AFE4F0,KS1218W78FGVPVP2KXPX,KS1259D6L30YYG3XR3VL,20251610,20231210,20311210,20191310,20341227
YNIIJUQW4QD1,KS4411R6WQQBS85SX2TV,KS1258B6FBG9B2CQ169N,KS7G2F36GFX1K55V6GK4,ES474893303A3AA6A5B7,BGSFF75EF747B0FDC375,25101110,25111110,14111115,19101314,25101210
K5EBDSTVAHM9,KS122PR6NST1560F3X9L,ES6B281FF517647036CF,KS123B75Z8CKNHP05L6Y,ES40B8B3F330068769DA,KS121Z26S4VJLQ1WXN21,36161117,36161120,36161124,36161112,11191012
V42T8LLIHKPJ,KS121YT721BY2F3M5YDR,KS124QR6F19BX4WPMW1H,ESCB38C6B130340D9E34,KS127296VDYS7ZFWVC46,KS440D46TXLZWJB033XL,27111214,27121313,27111222,27121510,23171524
UJ4FQKSD7GDP,KS120GV6C72JMSZKMTD7,KS4425C7820LCHZS7VGX,KS120RN6FDTS9FLCH3T0,KS126HY6YLTB9R7XJC4Z,KS1276W6N38QJ2XZ1GCC,23151016,23161015,23171521,23161115,23161114
25LZSE99F77L,KS123987840L8J17862K,KS128HF6HV6ZFR1RR2GC,KS126SW5ZZYP3HXXPX1X,KS2NX4D6V9DI3RLCH9J5,KS121056X529461ZF6XW,23151115,23151111,23151116,23151114,23151117
BPBBQHTXP0SH,BGSDD5FB715C9C84D8AE,KS441726FF2HBJTL448F,KS4412X7585VPZP35NM9,ESA5839C44D0970CF79F,KS122556LMQ829GZCCRV,11211010,11211014,32161416,27111222,11211211
6SAFK9KKVP2M,KS122556LMQ829GZCCRV,KS13USA80NE38XJHA2TL,KS123H56W4F21M098TMZ,KS121056X529461ZF6XW,KS441LF7187KS0CV4B6Y,20331014,23171524,23171712,20111310,20341212
F8CGVYIE6IVW,KS1263Y78QX1MGZFJ561,KS4411H6DM87QLDT97JT,KS4418H63Z3RP725L3BW,KS123X777H5WFNXQ6BPM,KS44175745H9Q0DPBDNT,14111117,14111210,20231210,20341218,14111115
4ZQFEZKFH00A,KS1248T6MC5L69MZ2L3R,KS124JZ5VYRZ5MJ85N2B,KS1281Z6YSCYDNCG1D8T,KS120GV5ZXR64CJLL1J4,KS120GV5ZXR64CJLL1J4,27121313,27111214,27111222,27121210,32131011
OWGZRIXA11DP,KS120SR6WD1FP76Z6GC2,KS124JB619VXG6RQ810C,KS120QQ6ZN003B8B7FK1,KS120FG6YP8PQYYNQY9B,KS1203W702ND09XHKJR5,23171310,23171410,27111320,11111012,15111013
XH3W6Z6ELCAN,KS120V86MZWV9Z9LKQY3,KS1217R6SMDJ0WQHN6LK,KS125BH5X5W0R09ZW3B7,KS122HK6LN2MZHFY69GJ,ESED820E6065D9AA8D6F,23151010,14111117,19111011,14111115,23121010
5IPRUIXBH3HS,KS124CW644N3BNDQ4V1R,KSXJ7XB9T8PJONA9FLFL,KS123YH6B5Z6Q799424R,KS1287M692W39DYZN8ZZ,KS1256W6MPKRNM11QMPM,23171210,19141112,19131211,21111110,19141314
SHQENGJ9U6V6,KS7G2F36GFX1K55V6GK4,KS1228S6YKWXMH4M4DL7,KS1201W79NJW2J5ZQDFV,KS4407N6CMTCYT0NYSVM,KS124CW644N3BNDQ4V1R,19141112,32101110,32101010,32131526,32131520
C2RH2XK2PTHO,ESEB1D4619E6E83A061D,ES7A07CF87C516875B23,KS125B569R313XT23LHY,KS124FP642Q7P7TBPPZN,KS1226Y6DNDT05G7FJ4J,27121313,27111214,27111222,27121210,32131011
B0AHI1YWT3HK,KS4424P6G7QVWXC3B756,BGS409FD4E9C8053A315,KS440D46TXLZWJB033XL,KS124QR6F19BX4WPMW1H,ES39A67F403EB3EAAF1A,27121313,27111214,27111222,32131011,27121210
JWV2QNRMTN29,KS120SR6WD1FP76Z6GC2,KS123DP6JFXMPMKNCLG4,KSJF3PBD3995K6E0OF1Z,KS121W46CJXQ5ZQ506MS,KS440XG6F9DTD3VG7JTV,25111110,23171521,25131710,25111518,25131810
XX9IGD40CM0T,KS1219N6Z3XQ19V0HSKR,KS7G4YT72YHJ3BVJ4P56,KS441626TDSV2J6GBB86,KS1212B6QR5SK1LSD4S4,KS1205G5ZKS8ZZWVPM9Y,23171510,23161012,23161015,32171011,32131510
DET4KERZ1V8R,KS4420F638JZ4L3BDT29,KS127D361PF0FTXDZ7C4,KS127D361PF0FTXDZ7C4,KS122FN6C971NB3RMGRM,KS7AASDV6UOE7VFBGF4D,14111210,23131115,23171716,23171712,23171524
33ZSMV30QABX,ES99B020D66F6670BCA6,KS125B569R313XT23LHY,KS120V86MZWV9Z9LKQY3,KS122556LMQ829GZCCRV,KS124QR6F19BX4WPMW1H,23151010,32151018,23121010,23171521,23171543
8V2WV3DYF7BN,ES99B020D66F6670BCA6,ES38E4DE8DCF54349FAE,KSQPGV2XZO8UMNCC49LK,KS1258T726SRJLTWL70J,BGS33C91FD776084E25E,14111117,11221117,14111115,14111114,14111210
P7B4HJKWBJPC,KS1241P6PXRCKTDSWHTV,KS120B874P2P6BK1MQ0T,KS1220G68PD5STH2DL2W,KS123Y66DNRSJ1QGK9NW,KS1267F6MSPN366LX7ST,27111320,23171310,19131211,32101010,19141112
7D00YKGAMYJ4,KS124WD6XB7RT57LR817,KS122X96FRP16VD72VY6,KS1218W78FGVPVP2KXPX,ES8F73CC75C618D72F72,KS1200X6V3937RSF8VVM,20251510,20172010,13101010,20341110,20171810
7ZPQFGLYGWR7,ESFCB156A8BC41655036,ES8B03DAD3B526316ED9,BGS459303A372A1AB24E,KS128HP65N6N70YV5ZM7,KS1203W6419RJG2KW4QS,23171510,19111011,12131213,19111010,12101010
NPTPR2PRYVF3,KS1258Q68HT2CQNBZ89B,KS121Z26S4VJLQ1WXN21,KS1281N6YRB0FN640PH8,KS127D361PF0FTXDZ7C4,KS4417C74STWPWR9TNT1,19111310,19101022,19101512,24111610,24131326
7ODKEF828XG8,KS1265M6RKG6JT6JC3N5,KS124JB619VXG6RQ810C,KS122ST5X31W4TVGPN0B,KS1200C5XQWW78VQ5ZYL,ES20CECA4FF83ECE8196,23151115,23151114,23151111,23151112,23151116
RAZMDUYH2W9O,KS1203W702ND09XHKJR5,KS123X777H5WFNXQ6BPM,KS126SW5ZZYP3HXXPX1X,KS127D361PF0FTXDZ7C4,KS127D361PF0FTXDZ7C4,19101010,19111010,19141112,19111011,19131211
JG4LB45ALIMX,KS121XY60R6Z5C3R172K,KS125MP70K0J6WFJSG88,KS1210R6L3FYYVTNNS8S,KS122Z36QK3N5097B5JH,KS128716PCLBYDMS1KR5,27121313,27111214,27111222,27121210,27121414
2ELALQ26UNVS,KS128BX6GWS9P27Z6TS2,KS4425C7820LCHZS7VGX,KS441K2756CXYXBG990G,KSQPGV2XZO8UMNCC49LK,ESA6EF2FD3872374BF62,18121012,18191318,18191517,18151214,18151213
BPGT9967ST8L,ES932A5EE6AD7069CE61,KS1203W6419RJG2KW4QS,KS1218W78FGVPVP2KXPX,KS4407N6CMTCYT0NYSVM,KS441WY66ZKHTQWGRWJN,19111011,19111010,19101010,19111012,19141311
T7NWUQIQ9VOB,KS122556LMQ829GZCCRV,KS124JB619VXG6RQ810C,KS121Z26S4VJLQ1WXN21,KS124JB619VXG6RQ810C,KS122W179TCW8RVX29ZR,18191516,18151213,18121012,18151012,18121010
EFQJG02U1G46,KS127D361PF0FTXDZ7C4,KS124RX787SQ1WVD8XF6,ESB5D9A022CCBA78A229,KS121056X529461ZF6XW,ES48DC8725830674E88F,16141210,16141110,23131010,27101212,32131011
8KPQPJSFY0U5,KSQPGV2XZO8UMNCC49LK,KS1216S76GTKN00BTHP1,BGSD663E7801D0013709,KS1206Q6LBTPFC8TY5K0,ES3394E4839769062BF9,16141210,32131011,27121210,27101110,23171310
M9DEOCIRIO74,KS122626T550SLQ7QZ1C,KS1218W78FGVPVP2KXPX,KS126JR6F5V2TRCLB1H5,KS7G6YG64JBBTX2X6KVB,KS127FQ6L0G5SBYPYZ26,20291110,23171510,12101310,12101212,20231010
TCM2VSS666CE,KS441FM75ZDSSYXG6M84,KS124QR6F19BX4WPMW1H,KS123MC78KV644P5DDZ0,KS1218W78FGVPVP2KXPX,KS122556LMQ829GZCCRV,23151115,23151111,23151114,23151116,23151112
7FAHIAPJY1ZB,KS120436N14BN10FM7W8,KSIDDB2VJJYDU67905S9,KS122556LMQ829GZCCRV,KS127D361PF0FTXDZ7C4,KS4407N6CMTCYT0NYSVM,19111010,23171712,19111011,23171524,19111012
ZZRJO7VBHH5O,KS120LK70665WL8LBX8G,KS1282K6L2GNN4SDY2WN,KS7LO8P3MXB93R3C9RWL,KS1218W78FGVPVP2KXPX,KSFX6JBNDFS27G78LHSA,23171521,23151016,23151010,32161415,23151011
WZ8EM2BGA7SC,KS122W26SKGLZJ2KLF5M,KS127FQ6L0G5SBYPYZ26,ESAC4A094237C52BB369,KS122YN6108R0RSDXXRC,KS125BH5X5W0R09ZW3B7,23121010,23121311,23111310,23101110,27121313
YG0QLWE10W7T,KS127ZG6DBSF76WF7VYX,KS120436N14BN10FM7W8,BGS794951D216441A250,KS121YT721BY2F3M5YDR,KS125S57165N2RB3XNBJ,19111010,19111012,19111011,19101010,19141311
ND7U4XXGX57Z,KS126HY6YLTB9R7XJC4Z,KS121Z26S4VJLQ1WXN21,KS126966H39MX8JKF9TX,KS120XP6CN6P1K86V6DZ,ES43869431F72FA3328B,25131410,32161311,25131710,25111110,25131810
WK0YEHVDO9KH,KS1226Y6DNDT05G7FJ4J,KS123X777H5WFNXQ6BPM,KS1287M692W39DYZN8ZZ,KS122B071LMGXVTT3Z91,KS7G4435Y86B10HMV3H3,19111310,19101022,19101512,21111110,19111012
07WXC1KNGROJ,KS1218W78FGVPVP2KXPX,KS1245Y6PYVS26SDW4D4,KS1281Y6QHJ8PQLHTZ6R,KS1226L6XYT1N27WRYJM,ES8E36C07FC9A2BCEE10,11191013,18161310,32131311,11211211,18111114
8B3UMAM003L4,KS127D361PF0FTXDZ7C4,KSN97GEUHPNGNAQFDCGY,KS121JN70DB9VHC8T9GN,KS1228M6S0Q13JW8NV10,KS44173655WFR7JPTX25,23121010,23121311,23121310,32171011,32101013
X3BID6V1LK4A,KS440Y975RD841M02V3S,KS126QY605N7YVHFYCTW,KS1280B68GD79P4WMVYW,KS123B75Z8CKNHP05L6Y,KS127D361PF0FTXDZ7C4,36161117,36161120,36161124,36161112,36161110
2SA12MESQ790,KS1282R607CFYF1FWJ74,KS4425C7820LCHZS7VGX,KS4401D6PYRMFQC4HR62,KS121W46CJXQ5ZQ506MS,KS120WP6R5GTZG51Z9WZ,27111319,21121110,19131511,21121010,19131810
NUJJQ9K6RE4Q,ES832D5A4A82C0C5C93D,KS123MC78KV644P5DDZ0,KS128716HL1C1Y0ZS84Q,KS125F678LV2KB3Z5XW0,KS122HN7559WPNWPMDML,11221117,21121110,21121010,21131110,20251010
890YMT0W3X2F,KS127D361PF0FTXDZ7C4,KS1218W78FGVPVP2KXPX,KS12752715S2P1XNBR43,KS126966H39MX8JKF9TX,KS122NX79W5LSNS07C02,25131410,32161311,25131710,23121010,25131810
XJ2EZNJ8U81N,KS1281M7573BG4S5QKMT,KS1253Q66NQSNHM7JR49,ESE2D5EA264FB06F5C4F,KS122QR6MFLRQRX6MN12,KS123Z75WFFSZPXNH04Q,32131111,18191210,23151215,23111310,23161111
RNH5EHYWFCDV,KS124FJ6XTZW8297NQG8,KSDMUMHE63DLB9OKKW37,KS43I7T7CU4Q66EGVQLU,KS120L96KMYTDJ48NRSH,KS7G747655VG23WXMS9B,21121310,32161010,21131010,21121410,21141810
9FDLR8Z101JD,KS1218W78FGVPVP2KXPX,KS1218W78FGVPVP2KXPX,KS4420D71YWJJ5Y4Q45N,KS4418877WW06JL2XBNJ,KS122556LMQ829GZCCRV,16141210,23131312,27121210,32131011,27121510
SX2YP7VNSGOL,KS125PC6JNQW658X4N1G,KS126HY6YLTB9R7XJC4Z,KS126HY6YLTB9R7XJC4Z,ESA420F05EBBD34B3C2A,KS121Z26S4VJLQ1WXN21,22111215,22101213,22101214,22111211,22111216
D9ER94TEVWLQ,KS0R7EAFEF4YURUY3RZR,KS1203B66DJG8T72WTJ4,KS1281M7573BG4S5QKMT,ES272C086D99D386202F,KS126HY6YLTB9R7XJC4Z,23151215,19161111,32131111,18191516,19121711
QSN5QC35AZNP,KS1267F6MSPN366LX7ST,KS127D361PF0FTXDZ7C4,KS123DZ63CL4S5D74XVG,KS1241G62S9DC91TPGZK,KS127D361PF0FTXDZ7C4,24151311,17181310,21121010,21131110,26141410
IN3OEUVTYT8Q,KSQPGV2XZO8UMNCC49LK,BGSD2202B2068482C30B,KS44241613XS4PFB9NNS,ES76F4C57A88877D6D64,KS126SW5ZZYP3HXXPX1X,25111110,25111410,32131111,25111810,23151215
7IA41SASCEBF,KS120XP6CN6P1K86V6DZ,KS125Q36PBT7H9G2VK9V,ESB7D4D9034BC8B2CAB1,KS1269W6ZF8J5YJDDVN9,KS1218L60PDVZX16NZT1,14111118,26102110,34151013,10141210,25111110
COF3138I2XOG,KS120W86MGP2XXV2NDCC,KS1281M7573BG4S5QKMT,KSQPGV2XZO8UMNCC49LK,KS1203W702ND09XHKJR5,KS122BL6107G2Z27JWJW,19101010,19111010,19111011,19111012,19141311
8OM08TV4REAS,KS1267F6MSPN366LX7ST,KS127D361PF0FTXDZ7C4,KS125KQ5WKM97L66SSQY,KS1238H659P08Z726BK8,KSQPGV2XZO8UMNCC49LK,27111214,27121313,27121013,27111222,27121210
85UVLYABZM36,ESB38820A543FA4E3969,KS122C775KRX1DK8Q1RQ,KS1218W78FGVPVP2KXPX,BGS608F6687987420449,KS1280B68GD79P4WMVYW,23171521,32121011,23171310,23171410,32131210
JUIS2GY9YTJU,KS126HD6VL9XVJ2V08HC,KS120076FGP5WGWYMP0F,KS127D361PF0FTXDZ7C4,KS1233N741Q4095RFZS8,KS127TJ5WC2Q9Q8NG2PC,11161310,23171510,32161415,11151110,11161210
DTBH55RBC76U,KS126966H39MX8JKF9TX,KS120L16S3RLJ82VQ08H,KS122556LMQ829GZCCRV,KS121XS5Y65G7JJG1VV5,KS1261W6S12LL9NC21GQ,25131410,32161311,25131710,25131810,25111510
EMRUYP04K43S,KS1265D6RGJL2Y4J6V5B,KS1203W702ND09XHKJR5,KS1227P6FBK34WLH6X8Z,KS122T66BVPB3KY22M3S,KS1218W78FGVPVP2KXPX,36161117,36161124,36161120,36161112,36111318
MQ0NJVJPCMW0,KS125B56QRYZLXXCSM5Q,KS126D668BLGSC15GFLS,KS125MP70K0J6WFJSG88,KS127PM6PLRSPT9BHY6C,KS1259D6L30YYG3XR3VL,27121313,27111214,32161311,27111222,27121210
R7D6E5F0H74I,KS1201S68FZ6ZZ9GHX62,ESED820E6065D9AA8D6F,ESA68E69A441441F3A8B,KS440KB6FXGRQ72ZC2TT,KS123YJ6KVWC91BTMB4R,21161211,23121010,21161310,25111610,10131210
H1WBVR6CUHR5,KSRR5TJKEQN6WJ7JS5DE,KS127HD613LP9WSM6T7J,ESF33377FEB029256815,BGS2B5070B09778B1443,KSQPGV2XZO8UMNCC49LK,32131516,32131520,32131515,22111211,23151115
H9VGKY5CGAGH,KS1226F69R0RGH400DKS,KS126K770MP5D0G67Q4M,KS1267F6MSPN366LX7ST,KS441S06L3NZBK0D6JM8,KS122VT6S2JJ5C5D80NF,23101010,23111310,23121010,23101110,23121311
GB36H2BQGFQW,KS124DX6G31F5M9ZHNGC,ES5515E43EB7FBC6BB6A,KS12403769SV21756FDY,KS1203W6419RJG2KW4QS,ES236B732A7C2CCB39F0,19111011,19111010,22101110,19111012,19161111
1VGM3LM8FHCC,KS126X663B21NB77ZHSP,KS125ZB6BWF5RY40BH1B,ESB7D4D9034BC8B2CAB1,KSCH2TPBQX91532Y3Q8E,KS127D361PF0FTXDZ7C4,15111013,32151014,15111011,32161416,32161010
83FI4OJAIPXE,KS122556LMQ829GZCCRV,KS1218B5WWXNDNQTN9MP,KS120L96KMYTDJ48NRSH,KS1253H61TTR1FZWSRH4,KS1267F6MSPN366LX7ST,23171810,23171541,32171028,32151014,23171710
G0E5H0E8BCAO,KS7G2F36GFX1K55V6GK4,KS121XY60R6Z5C3R172K,KS1212B6QR5SK1LSD4S4,KS1203W702ND09XHKJR5,KS122556LMQ829GZCCRV,18171015,18121010,18171014,14111210,14111115
LRKI72OALFWY,BGS7B708B9B8F0CC6ADD,KS123YP6MHF8G0QZ5LKX,ES1C53496B6F1ECEDD9A,KS122F75Y533WSSJ4HR5,KS125PC6JNQW658X4N1G,19101018,22111215,22101214,22101213,22111211
OA8NZF94E82X,ES9E070CF7DFD323E9D9,KS120LB6XV5409BCQ0NF,KS122F96DJHT3ZXB8FCZ,KS1225T707CD39S7QHV4,ES563BDD7449A5491F04,19141314,19141311,19141112,19101010,19141010
M7K4986K33UF,KS120BV6SR75RBKQH0G3,KS7G40J769R8LWTZ9550,KS124RX787SQ1WVD8XF6,KS120XD77GTR3W3GXHBF,ES501046F1CC91CBA0D3,25111110,25111610,26102110,25111518,25101110
292MI560TOHX,BGSD2F9B776F6F09F686,KS127D361PF0FTXDZ7C4,ES6C29DABFE2921A7EA3,KSQPGV2XZO8UMNCC49LK,KS1219261TYVPMGX8KVQ,19101010,19141311,19141112,19131211,19141314
W9BFC0XEF6A9,KS124JB619VXG6RQ810C,KS1276T5ZVB4Q66TM92D,KS1287R64YNBZGR50Y1N,ES9E9A9565C329709A50,KS122556LMQ829GZCCRV,23121010,23101010,23111310,23121311,23101110
I7P5TB94874F,KS126X663B21NB77ZHSP,KS121Z26S4VJLQ1WXN21,KS128736FZ36XLB57590,ES7A07CF87C516875B23,KS1282T6STD9RJZ677XL,16141210,23131115,32131011,16141110,27121210
F5RXE78D29F8,KSFS12Z1D00MRUX8Z7E8,KS123X777H5WFNXQ6BPM,BGS4B1E67D78D44F6A9A,KS125F678LV2KB3Z5XW0,KS121Z26S4VJLQ1WXN21,11171020,27121013,27121014,11211010,23171716
DESIS69OP2C8,ES71C18378814E6740D6,KS127D361PF0FTXDZ7C4,KS1270T606VPCMV4QHBR,ESE1B279F38C73E025BD,ESC0125793FA9AA2156E,21141810,21151010,19111110,27121313,27121312
ON8UUJS75ELT,ESEB1D4619E6E83A061D,KS1284G6MK1552WHSZ32,KS120SQ5W4Q57JMD2Y81,KS1259D6L30YYG3XR3VL,KS1226Y6DNDT05G7FJ4J,23171310,23171410,11221117,11111012,23141214
VF0JQQNVCEQF,KS122FL69C9376N0WS3D,KS121DY6DT8LNYJL7FZ1,BGS21E6F1AA864072D74,KS44175745H9Q0DPBDNT,KS122YN6108R0RSDXXRC,32161415,32151013,25111310,25111110,25111610
IFLNWROV6ZJ0,BGSE4F92B253B0FF8F19,KS121905YTBHHX4N89W2,KS441QM6LTNMGDSQKHLC,ESCA52100E7DBDF47A7F,KS124QR6F19BX4WPMW1H,32171011,32131510,11111012,32101110,32131526
HPTMQK0YMXNE,KS4424P6G7QVWXC3B756,KS1227K6DGHN5PZTCDD0,KS120VD5ZH331TPJQYHK,KS122M56BC6W8PRDB02X,KS4417C74STWPWR9TNT1,19111310,19101022,19101512,24131326,27121313
BZ13M9NPK2V0,ESEB1D4619E6E83A061D,KS1217R6SMDJ0WQHN6LK,KSWR4RCZQM7RAQNUFC40,KS124JB619VXG6RQ810C,KS122556LMQ829GZCCRV,23121010,23121311,23111310,23121312,23121310
CYYPQ7A4FRV1,KSBNT7421OXHKB4JO8GJ,ES7DB79B8D8E30056109,KSAS8LK1JG2Y0OLN4C53,ES8B03DAD3B526316ED9,KS441FM75ZDSSYXG6M84,23121010,23151115,20271110,13121011,12101110
P1O8M291AZHZ,KS1203W702ND09XHKJR5,KS1218W78FGVPVP2KXPX,KS124R469YBN5SX8XNMH,KS121CM5YYWQM2077BF3,KS120PP6GL94HJDMN0TQ,26151214,26151114,26151115,27101212,32131011
S1GYAPNRRVXJ,KS122PG64BT2BT6X15HF,KS122556LMQ829GZCCRV,KSZX7YZWNR5IDR1I2VMZ,KS6833T66CBZHBTRQG5Q,KS122556LMQ829GZCCRV,32131111,23121010,23151215,23171710,23171528
RT2L2IEO9UVJ,KS123X777H5WFNXQ6BPM,ES1A29D8EF25130304B9,KS1239W6QZKL1H0TF1TJ,BGSB207414BB6B9E9EAB,KS4420D71YWJJ5Y4Q45N,19161012,16141210,32131526,32101010,23131312
FSSBJDX0PKOV,KS125BH5X5W0R09ZW3B7,ESBF952629C36426E564,KS124046TRJDP25WFPYC,KS123X777H5WFNXQ6BPM,KS1275Z6908VHW76FRXH,23171510,23171541,23171810,23171710,23171524
F2TBW4PYX3S6,KS1203Y62Y4C11XJ6PHP,KS1218B62M9QRBY8WRSK,KS122556LMQ829GZCCRV,KS1219677F286BXFPBNC,KS124QR6F19BX4WPMW1H,19101010,19111010,19141311,19141110,19141112
DU0ISB5IQNF7,KS120HK5XY6JV257QLTX,KS122VP5W9LZ8TRNFJY0,KS124WD6XB7RT57LR817,KS1282L74XHKNNKDS8DP,KS128BF6TYRZLF58T01Z,20251510,32121010,16141210,23131312,32151014
OUBNLMA4AC1P,BGSD2202B2068482C30B,KS127D361PF0FTXDZ7C4,KS1264H778JLQY5FK48G,KS127LL6Y6KV7VXW07P8,KS122QR6MFLRQRX6MN12,18171025,18191316,25111410,20191310,25111110
IJWEF7R1BLLY,KS122556LMQ829GZCCRV,ESCE52FF07209D532142,KS122556LMQ829GZCCRV,KS122B071LMGXVTT3Z91,ESFA9982A2A945E439CB,23141011,32101113,11191111,27111320,23171543
1PHEIV6DDZV7,KS1219K6K2NY0V711DDD,KS122556LMQ829GZCCRV,ES81A4322023A99593FE,KS124PR62MV42B5C9S9F,KS123PM708XTL2N3FJNX,23171528,21141210,23171710,23171541,23171524
VHF48UZ27NR6,KS120RQ729S7CR8GSZ95,KS125F678LV2KB3Z5XW0,ES8481EA6A5970BEED3F,KS127D361PF0FTXDZ7C4,ES8112FBBD916F633942,19151410,23151115,23151111,19111110,19101314
YAXKEAKVOD3R,KS120HK5XY6JV257QLTX,ES5269FD2583B0B9875C,ES9C4BA42EEF41C08D62,KS7G16D61SMNKDQZLKSV,KS12752715S2P1XNBR43,23131110,23131115,16131015,20321022,23131117
WXLCIU4BMRCO,BGSD663E7801D0013709,KSCH2TPBQX91532Y3Q8E,ESFA9982A2A945E439CB,KS1203W702ND09XHKJR5,KS1226Y6DNDT05G7FJ4J,15111013,32151014,19101010,19111011,19131211
0SXG4XNUBY86,KS121W46CJXQ5ZQ506MS,KS120W86KJ30NQJCQ3ZP,KS128866SHL94J005TTG,KS125WC6W1V65R5DTR2P,ESFA9982A2A945E439CB,19101010,19141311,19111012,19141110,19111010
O9W6YA8JB90C,KS7G20264NW3ZVV10T1S,KS1248P6CJ6XH85L8SX2,KS7G16D61SMNKDQZLKSV,KS124FP642Q7P7TBPPZN,KS120QQ6ZN003B8B7FK1,27121313,27111214,27111222,27121210,32131011
CMZX8J5MS20T,KS4412W6XQYHSK0FTL67,BGS6712A075FC970319B,KS124QR6F19BX4WPMW1H,KS125BH5X5W0R09ZW3B7,KS125F678LV2KB3Z5XW0,11151110,11151010,11211010,32121312,11211014
QWB9SLO9NLUP,KS125RZ5X2MBLVC6F634,KS122556LMQ829GZCCRV,ESAC117F714B24AA6831,KSY4WFI1S164RQUBSPCC,ES66EEB1C4C8D34B0CE0,22101214,22101213,22101210,22111215,22101012
SGPYNYJ0UFO2,KS122556LMQ829GZCCRV,KS123MC78KV644P5DDZ0,ESB92020333F27589A43,KS122NM6B8TWBGL2X18F,KS4404475JBQ0GSP7CX1,23121311,23121010,23111310,23101110,23101010
AMC69RSW8KBO,ESED820E6065D9AA8D6F,KS120C76T2L99X2YNKS3,KS120RN6FDTS9FLCH3T0,KS122626T550SLQ7QZ1C,KS124745ZCN2G6TKC2QN,25111110,25111610,25101110,25111518,11211010
DN1TH1XJG2Y8,KS120B06XR4VDPVDMC86,KS122556LMQ829GZCCRV,KSRR5TJKEQN6WJ7JS5DE,KS122556LMQ829GZCCRV,KS122W96T2T9J5PZ0VMP,25111510,15111010,23171521,22111211,23151010
GSS8K5IJULP9,KS440F476G8SKQRTH4CY,KS122PG64BT2BT6X15HF,KS440Z26T60HXNGBDLL2,KS127FH6RY182W88Z7JM,ES899BA440FA3441F22A,11161410,36111110,11151110,11121110,17121013
USSHU1BACXF6,KS126966H39MX8JKF9TX,KS441LG5Y8XGW9TP7B4W,KS1203X6ZDCNW2J3RC4X,KS122626T550SLQ7QZ1C,ESCBFA9BBEC03650DB42,25131410,32161311,25131710,19111012,19111010
WPXS2LYM9VUD,BGSE6092A38185417AEB,KS125X473FY475QKKY02,KS7G4T15W4RYVZTCDSWZ,KS7G2PN6Q42WPLR91C09,BGSDD5FB715C9C84D8AE,21121310,32161416,21141810,32161010,32121312
XLE9LSA5PNVW,ESCE52FF07209D532142,KS1258B6FBG9B2CQ169N,KS120PQ6XD1JWMFQVJNW,KS1219977HCLGR8H96W8,KS122556LMQ829GZCCRV,19101314,19101313,19141311,19101010,19141110
QZZKW3GI60Q6,KS121F760MT5QS38TK2S,KS1224W5XSXCJBNSLLVX,KS128DB64C2HK9QV1ZDZ,KS7G0PW6D0N7DHW3YXF6,KS125KL5Z50L4J0MJ95R,23151115,19111011,19111010,19111012,23151112
NBIL8B5L9JPA,ES38C838634C9F2E7B7F,KS121YT721BY2F3M5YDR,KS121BS6QFLZVY39PMHD,ES91755231B8A47A86A0,KS1249V6KP7DGN5W2X0W,21121410,15111011,21131010,15111013,21121210
2SKKFTFYTKS1,ES7FADB436F6EEE179DE,KS441K2756CXYXBG990G,KS4421B6105S1GF21ZW7,KS122626T550SLQ7QZ1C,KS1227P6FBK34WLH6X8Z,21131010,23131115,23131110,21131110,16131015
TRD83X9AGE9N,BGS794951D216441A250,KS12201692CGPC6SNM5Z,KS122556LMQ829GZCCRV,KS441RD6NRHRTH3K7RCB,ES5F6754DB9A4B2B8F8B,19101010,13121011,19111010,20271110,19111012
L2U5CFP37CDH,KS1259D6L30YYG3XR3VL,KSQPGV2XZO8UMNCC49LK,KS1227P6FBK34WLH6X8Z,KS126X663B21NB77ZHSP,KS1227P6FBK34WLH6X8Z,32171011,11211010,32131526,32101110,32131520
SKYKZ1GWJINX,ESCE098AD556DBCF708F,KS126SW5ZZYP3HXXPX1X,KS123Y170JP7JBSFVBSS,ES3CF32686E20E20F195,KS43I7T7CU4Q66EGVQLU,22111215,22101214,22101213,19131810,32151018
01EPEKGVZPFC,KSUDU9T83UZ7CK5THOYD,KS1212B6QR5SK1LSD4S4,KS1256V72T3PMM5X9R0X,KS7G0C36YW29VS8KPC05,KS441LG5Y8XGW9TP7B4W,23171521,23151010,27111222,23151016,27111221
TQLV7RXT4QX2,KS4420J76GFLNLCJYPH9,KS1222B6VD8DPL8MTMPC,KS123Y56VDHMZ288XX1W,ES8F73CC75C618D72F72,KS125MK6L8XN70ZS40ZY,23171524,23171712,19101010,23171541,23131116
S1YQ6T0OTGPE,KS123MC78KV644P5DDZ0,KS123X777H5WFNXQ6BPM,KS1219N6Z3XQ19V0HSKR,KS120HK5XY6JV257QLTX,KS4417D6KR1JMCDVG38G,19101610,23171510,19111211,19101611,19101010
2BN0I97ERR59,KSQPGV2XZO8UMNCC49LK,KS120GV6C72JMSZKMTD7,KS1206R6J3HDQV8PPC87,KS1248T6MC5L69MZ2L3R,KS127WJ76HLZX75MZZQW,18111316,26101610,11111214,18111112,26101514
5JZTFBQONVW8,KS122J56PZMMFL1SVY1F,KS122B071LMGXVTT3Z91,KS120W86MGP2XXV2NDCC,KS126S86N4K800BJBTQP,ES4E55E2CC427CF883C3,19101010,19111010,19111011,19111012,19141311
DG38RAJIB931,KS122556LMQ829GZCCRV,KS123XT6RSRP6JL7K865,KS7G2F36GFX1K55V6GK4,BGS794951D216441A250,KS7G7LT731301PM8PGN8,16141210,32131612,19101010,19111010,19111012
3QSQCQ30O30U,KS1218W78FGVPVP2KXPX,KS125F678LV2KB3Z5XW0,KS1218W78FGVPVP2KXPX,KS121W46CJXQ5ZQ506MS,KS4411H6DM87QLDT97JT,14111117,14111210,14111115,14111116,14111114
HDM6K6HGQ6SR,KS127D361PF0FTXDZ7C4,KS1228M6S0Q13JW8NV10,ESCB38C6B130340D9E34,KS9859HJ5UHFJ7ODS0ZM,KS1203V5WXB7NG26XSR8,19111011,27121510,19111010,27101212,27101024
TG21HSLTDKVU,KS120B874P2P6BK1MQ0T,BGS5363C9FF585447FFA,ES4F42CA14B21F271165,ES823422433AC25ECCEB,KSDJCA4E89LB98JAZ7LZ,32131312,23171524,23171712,32131313,23171541
GX49JMZ43D3Z,KS121DS6GB09TFN7RLX0,KS121017533VB8TBLQ9L,KS123X777H5WFNXQ6BPM,KS440Z26T60HXNGBDLL2,KSRGLA2SD4T20RIP6ORS,36111110,14111210,11121110,32151011,17121013
MKWCJ8DL4JM0,KS120XD77GTR3W3GXHBF,KS124JB619VXG6RQ810C,KS126X663B21NB77ZHSP,KS123Y56BJ5RWDQLYD5K,KS120265WKHSMJ6HYX8P,25111110,23161012,25111610,25111518,23161015
RQINDAMT8QM7,KS1200H6XYN1CR0G5NZ0,KS1218W78FGVPVP2KXPX,KS122556LMQ829GZCCRV,KS43I7T7CU4Q66EGVQLU,KS123MC78KV644P5DDZ0,19141112,19131211,19111011,19101010,19141314
HFT4I26LH07B,KS123X777H5WFNXQ6BPM,KS1203S6MM7GLDM71WQD,KS120BL6H9Z8TPFTZ1C2,KS127JM79FJ5MC2D5VH6,ES547CF3BDF839A139D3,19111012,25111110,25111610,25111310,19101010
EMBH4VSK23AF,KS122TP61TV16099MSY3,ES4BF328858AD03D80FD,KS124JB619VXG6RQ810C,KS1217P66NK6BW72M9FH,KSOVUQHJIJAIHI0SZNZ3,27111222,27111214,27121313,27121210,27111221
BLA91JY4XMAL,KS1226Y6DNDT05G7FJ4J,KS1265F71V3PY4KH0JW5,KS440PV6KXTRX0L8XWSM,KSKJX44T33B6D4UCC8CB,KS1208P6ZMZ4N872Y7X5,27121313,27111214,27111222,27121510,27121210
5RHCJTDAKXVX,KS7G4YT72YHJ3BVJ4P56,KS1283R6BBX34S61XLQS,KS128866SHL94J005TTG,KS127D361PF0FTXDZ7C4,KS125F678LV2KB3Z5XW0,23171810,23171541,23171540,12111112,23171710
YHTXP25M9FER,ESF520D61BA7F0946F97,KS1203W702ND09XHKJR5,KS122B071LMGXVTT3Z91,KS122626T550SLQ7QZ1C,ES899BA440FA3441F22A,24161214,11211010,11211014,32121312,11211016
GNZS43C5BA75,KS121056X529461ZF6XW,KS127D361PF0FTXDZ7C4,KS1213Q5Y632QWZ7PVVS,KSQPGV2XZO8UMNCC49LK,KS127D361PF0FTXDZ7C4,26141910,14171410,25111110,26141210,25111810
YRCE3SEMZYG8,KS121W46CJXQ5ZQ506MS,KS123YJ6KVWC91BTMB4R,KS1203T6J7F2P3TG6Y6K,ESD2EDF2E51D7C90FD5F,KS125BH5X5W0R09ZW3B7,32171011,32101110,32101010,32131526,32131510
GQNXSKYZ86IO,ESF586319EAC399E9394,KS4418371TN1X41T1P3G,ES2F712D74818EF2888E,KS1203B66DJG8T72WTJ4,ES3805A39975A2FA02A1,19141311,11171012,19101010,19141112,11181014
IM2L184UVM6N,KS1218B62M9QRBY8WRSK,KS124DX6G31F5M9ZHNGC,KS1219462WRQNHNTPZ7G,KS126S86N4K800BJBTQP,KS1217X6TT5N14H0N0P4,16141210,19141112,19101016,16141110,23131010
3C1HD9N1O5BQ,KS440HG71VWNW6M15GR7,KS1239W6QZKL1H0TF1TJ,KS120XD77GTR3W3GXHBF,KS125Z26XB67Y67KBRYP,ES5269FD2583B0B9875C,23131110,23131115,25111110,11181013,16131015
FMPKXVHAGKC4,KSOLBOKKX23X15NAC1IN,KS122556LMQ829GZCCRV,KS124QM6G2G824WRK8DZ,ES93374D273ED49FAFEA,KS122556LMQ829GZCCRV,20311610,20231210,20231010,20341110,20341227
CPKJCSLQC3C5,ESCE0C9EA47C719A51CF,ESF92222331B3CF32764,KS1253970YL6HJ9RNSC0,KS1259D6L30YYG3XR3VL,ESA5839C44D0970CF79F,22111416,22111415,23161012,23161015,22111413
IPAXNQEGE5EK,KS120SR6WD1FP76Z6GC2,ES1C53496B6F1ECEDD9A,KS686Y976L1WJ98QFSD4,KS1282L6PTF6G8R116R4,KS126BM74VLHGCD1P8Z1,20291110,27111314,20321022,27111313,27111320
446Q16NZ7DSO,KS1241P6PXRCKTDSWHTV,KS1248P6CJ6XH85L8SX2,ES5F80D4A3BDF9BB9069,KS1200B62W5ZF38RJ7TD,KS7G8GT6FMX6NJ5BWKF0,19111012,19111011,19111010,19101010,23171510
SAXYK2E58F3O,KS122556LMQ829GZCCRV,KS123MC78KV644P5DDZ0,KS441J8781NSVPFKS701,KS1218W78FGVPVP2KXPX,ESB286573053208BD138,12101010,12101212,12131213,12101214,12101210
HR07N8VOEUBF,KS127FR6DHHFKW0NVCM0,KS440W865GC4VRBW6LJP,KS122MK65TBR6RDBZL1P,KS1239W6QZKL1H0TF1TJ,KS1259D6L30YYG3XR3VL,23151115,23151111,23151116,23151114,23151112
WPQO2LNGIXMC,KS123S46J5HRBLZRMRJ0,KS1259D6L30YYG3XR3VL,KS125F678LV2KB3Z5XW0,KS121XX660DWPDPRLVW2,KS1207Y5XBMWD4PCQWW7,19101010,19141311,19141110,19101710,19101314
M1TM27O19QTG,KS441DK5ZDF8Q8FWL19R,KS126HS6R7MH1W08PMVR,KS122HS6V6P4ZLH8WK4M,KS126HY6YLTB9R7XJC4Z,KSQPGV2XZO8UMNCC49LK,19131110,19111011,21161310,21161110,13101010
WN2K83MNA9TV,BGS459303A372A1AB24E,KS1203C6N9B52QGB4H67,KS1238H659P08Z726BK8,KS121Z26S4VJLQ1WXN21,KSOPDDN3W5WZ7TE785BL,23171524,27111214,27121313,27121013,23171712
0DILXN48LBCL,KS122J56PZMMFL1SVY1F,KS120BV6SR75RBKQH0G3,KS122PF6FZS3609GDG0V,KS440H873RW906B7R308,KSODK33CRU6GAS0O46M4,23121010,11211010,23111310,23171528,23171541
BT1KT7GA8SR6,KS1282T6Q5K730ZTFM2W,ESED820E6065D9AA8D6F,KS1218V6D1NWTXTCWP33,KS1287M692W39DYZN8ZZ,KS4401D6PYRMFQC4HR62,21111110,21131110,23101010,32161416,23111310
B1AJO091C795,KSZX7YZWNR5IDR1I2VMZ,KS120S165SXK6CKVK77P,ESE0F6CC1AC3C6200715,KS1218W78FGVPVP2KXPX,BGSD663E7801D0013709,19121710,19121711,23151115,23151114,23151111
BV2J3T4H8QFD,KS1218L60PDVZX16NZT1,KS120X767ZQ3210N2306,KS122F164HPDT3CWVW24,KS124QR6F19BX4WPMW1H,KS1212B6QR5SK1LSD4S4,32151017,23171521,23151010,23151016,32171011
FWQVALBNA023,ESEB1D4619E6E83A061D,KS43I7T7CU4Q66EGVQLU,KS120ZX7019J4V8DHBTM,KS123HX6YG0PPBXV3922,KS4425C7820LCHZS7VGX,23101010,23121010,23111310,23101110,23121311
75NIFKCEPGJS,KS1218H6YTH21VYCT4YN,ES17006014D09C0CB92C,ESD2EDF2E51D7C90FD5F,KS120WQ677W47TWMCBB2,KS1259D6L30YYG3XR3VL,19101010,19111012,19111010,19141311,19111011
STUZHG1GF4OF,ES93374D273ED49FAFEA,KS1218W78FGVPVP2KXPX,KS120FV6SNZ00C8YJMJC,ES72D57E1BC4BB22BBB0,KS124JB619VXG6RQ810C,20311710,20311210,20341212,11211010,20341227
GF0G46U2SLZ2,KS1281M7573BG4S5QKMT,KS125BH5X5W0R09ZW3B7,BGSC405EBFB9F205A813,ESB38820A543FA4E3969,KS9859HJ5UHFJ7ODS0ZM,19161012,19161111,19121011,19121416,32131526
04Q3QTMAYMYW,ES249EC655339813E06E,KS1226Y6DNDT05G7FJ4J,ESF0C01F4A5BE2D33EAF,KS1226Y6DNDT05G7FJ4J,KS121FF73FPRD54WNWG8,32161010,32161416,20291110,32151010,21111110
Z6QL3E49YWS3,KS1253Q66NQSNHM7JR49,KS1239W6QZKL1H0TF1TJ,KS1218W78FGVPVP2KXPX,KS125396806XPV2Z8XQ6,KS1267F6MSPN366LX7ST,23161012,23161015,18191210,23161013,23141111
GNWNL7I3P0OI,KS1253H61TTR1FZWSRH4,KS124FC71W4B4KNSST93,KS122556LMQ829GZCCRV,KS120MG6W03JCFGKFHHC,KS125F678LV2KB3Z5XW0,27121510,23151010,32131011,27121210,23171543
A0IRAL0L8LPH,KS123K35XW0ZY6YB2QTW,KS122556LMQ829GZCCRV,KS126X663B21NB77ZHSP,KS125MK6L8XN70ZS40ZY,KS6IKJI01W6JVQPVQJTR,18111116,18191215,32151014,32161419,32161416
3PFDT75MCAYJ,KS122556LMQ829GZCCRV,KS1203X6ZDCNW2J3RC4X,KS1280B68GD79P4WMVYW,KS127FS5VP9B8WFRH60T,KS122556LMQ829GZCCRV,19111012,19111010,19111011,12131213,19101010
ADDQHKGAD7X4,KS44175614LXCVMRTHP8,KS127L06ZMJ6CPPS4G47,KS127CH6C5XN5Y6B4126,KS1289C77QBFVS06FR9G,KS120V86MZWV9Z9LKQY3,32101113,32171013,19141112,11191111,19141311
TK0TD0DOF83G,ES339417221F721DAD77,KS126QD6T5SS79BL2GQH,KS127KQ6LD33VJ6MC8F9,KS123X777H5WFNXQ6BPM,KS7G6J46GFF6BJH38BHN,10131210,25111610,20271010,25111110,14171110
9ZQHBQIQICB5,KS1226Y6DNDT05G7FJ4J,KS124DX6G31F5M9ZHNGC,KS1259D6L30YYG3XR3VL,KS1218W78FGVPVP2KXPX,KS440BK74Y470B1M1NP4,12101216,17121025,17121116,11151110,17121113
Q5HHOI4KBQ08,ES1778C57D48A4CCD2F7,KS120ZG5Z4HL47QBVR0X,KS1223L5YRZHWW1TB65W,KS4420D71YWJJ5Y4Q45N,KS441JM64022GT53T0LV,22111215,22101214,20311610,16141210,23171536
VZL5UQW6B9W5,ES4AA8E6761B71814520,KS125JW6MFF4MZ1QZNPP,KS122556LMQ829GZCCRV,KS1218W78FGVPVP2KXPX,ES7D007E896BF43B4EC9,23131115,16131015,23131110,16141210,23171712
VF02GVLLSAJH,BGSD663E7801D0013709,KS127D361PF0FTXDZ7C4,KS122C06Z8NDM5G6NYNT,KS124QR6F19BX4WPMW1H,KS122VW78Q67XR4C3ZDW,11191413,15111013,32101110,32171022,27111320
1INHKIXXX1GJ,KS1200H6XYN1CR0G5NZ0,KS1258C6J7BK2F84V8FC,KS127D361PF0FTXDZ7C4,KS123Z75WFFSZPXNH04Q,BGS4B1E67D78D44F6A9A,11171020,27101018,27101110,32131011,11211010
WGT2LB25485H,KS121Z26S4VJLQ1WXN21,KS13USA80NE38XJHA2TL,KS7G4ML61B2JX1H1003Z,KS122556LMQ829GZCCRV,KS127RT62P0W9B6Y0LTY,32131612,32131520,16141210,32131611,32161416
PKN646UW7YE4,KS1267F6MSPN366LX7ST,KS441LF7187KS0CV4B6Y,KS1281Y6QHJ8PQLHTZ6R,KS120B874P2P6BK1MQ0T,KS123X777H5WFNXQ6BPM,23171524,23171712,23171511,23171541,23171510
Q28QAQX9V3ED,KS120FG6YP8PQYYNQY9B,ES6204EEE269AF03D4C4,KS1208P6ZMZ4N872Y7X5,KS4418H63Z3RP725L3BW,BGS2E1275F3C96CC1BA8,12101212,12131213,23161012,12101310,15111013
76QWVGFRI7FZ,ES17006014D09C0CB92C,KS1218W78FGVPVP2KXPX,KS122LP5Z969YKTZ5R6C,KS440F763Z9F5J9LWYZ2,KS122556LMQ829GZCCRV,23151115,23151111,23151114,23151112,23151116
KRZD5E9P3JPX,KS122626T550SLQ7QZ1C,KS1200H6XYN1CR0G5NZ0,ES76F4C57A88877D6D64,KS126X663B21NB77ZHSP,ESBF414CCDC9807C7CB2,33141216,32101117,20241212,11211010,32171024
FI53LLP0NFDD,KS680KR72KH02C5GM5TY,KS1223966G4Q22CCCYC6,KS7G2F36GFX1K55V6GK4,KS120B874P2P6BK1MQ0T,KS1226Y6DNDT05G7FJ4J,32131520,32131526,32131510,23171310,32101010
0U2HVMBN4HZW,KS120887040ZBRPXRMPS,KS4417C74STWPWR9TNT1,ES76F4C57A88877D6D64,KS122ZN5W4DW5ZFSJHQ5,KS1201477MH4F3DJK1RC,19111310,19101022,19101512,24131326,19101611
ZR4E5IZB1EDM,ESCE52FF07209D532142,KS125LS6N7WP4S6SFTCK,KS44086772RVPJQ1SVW6,KS125F678LV2KB3Z5XW0,KS127CD6TFVHL5L08RCS,32171012,11151110,19111110,15111013,23171524
5L02MOYQJ3IZ,KS44175745H9Q0DPBDNT,KS441076RVCYNSQP485M,KS4417C74STWPWR9TNT1,KS120LH5W508G8HMY9GG,KS125HL70PSCMY4FSF0M,19111310,19101022,19101512,24131326,22101213
FSLTJ669REA3,KS125PC72DZWL37LFBG1,ES2EC8932A157A788D11,KS122626T550SLQ7QZ1C,KSQPGV2XZO8UMNCC49LK,KS1203C6N9B52QGB4H67,22111211,22101214,32161416,24131315,22111215
TS4RO893ENVR,KSDMUMHE63DLB9OKKW37,KS124QR6F19BX4WPMW1H,KS125Y462DTP41N0WP4M,KS44078734P6G9Q8HJF8,KS127D361PF0FTXDZ7C4,21121310,32161010,21121410,21131010,19121416
FOQSR41S6EQX,KS122C06Z8NDM5G6NYNT,KS120SR6WD1FP76Z6GC2,KS1208P6ZMZ4N872Y7X5,KS7G55M6TRB1N24LW2P5,KS441BJ6LNS1QCJHRMTW,23171611,15111013,26151214,12101310,12101212
GUO8I5JWK6Z0,ESB38820A543FA4E3969,ESEB1D4619E6E83A061D,KS4425C7820LCHZS7VGX,KS125Y462DTP41N0WP4M,KS4411H6DM87QLDT97JT,19121416,14111117,19161111,19121011,19161110
9PYQLD56YJV6,ESF14A354DDD69B5FBD4,ES84834128DEDF821260,KS1227P6FBK34WLH6X8Z,KS123NK6JJHH5LVPSZ4T,KS120GV5ZXR64CJLL1J4,24131327,27121313,27111222,27111214,27121210
XIO25NA8KY60,KS122556LMQ829GZCCRV,ES6942CD173CAA05BA26,KS6876V65CM936RTLKNS,KS1253H61TTR1FZWSRH4,KS126PY69KTZN6P06R7P,27121315,16141210,23171521,16141110,16131015
X2N2SUA5M4EO,KS440726NL4QJRHCMR43,ES73A557482F94D812CB,KS122FV73MMMYFGYMTTY,KS1228S6YKWXMH4M4DL7,KS44175745H9Q0DPBDNT,21131110,21121010,20251010,32161010,21131010
OWMWGOSNSTAV,ES316C395BF4FE1A7F97,KS441QM6LTNMGDSQKHLC,KS120GV6C72JMSZKMTD7,KS124VG6WSJ4SKFZV1T6,KS681KH79MJLQDPB9T88,13121011,13141111,20271010,20101310,20271110
0X7H2CPCC3ZK,KS125F678LV2KB3Z5XW0,KS127D361PF0FTXDZ7C4,KS123Z75WFFSZPXNH04Q,ES9E625C2D299C5B9C91,KS7G2FX6L5L0NXGGHKMH,32131111,23151215,23161111,20291210,11221117
CBTL97P7DFLR,KS123KR6W35X39JP65MX,KS125RT75ZYS4TCFJ0H8,KS120XP6CN6P1K86V6DZ,KS124JB619VXG6RQ810C,KS1201W79NJW2J5ZQDFV,32161416,32131526,21131010,32131510,32171011
YXFIBLEJGUBL,KS121Z26S4VJLQ1WXN21,ES69A7B2F64A26E170F5,KS122P063X6NGMHLP002,KS127CS79GV081FMJYKZ,ES5515E43EB7FBC6BB6A,12101212,19161111,23111310,12101210,11191413
UTX7R07VPPM8,KS4418462TTGKL3CWJHT,KS441RD6NRHRTH3K7RCB,KS120L96KMYTDJ48NRSH,KS1205767R47RZSQ9RHY,KS441J8781NSVPFKS701,12101010,12101212,23171541,23111310,23171810
H2NXXMS3RAG0,KS1281M7573BG4S5QKMT,KS125F678LV2KB3Z5XW0,KS122S8606ZY2MRCQG5R,KS1218W78FGVPVP2KXPX,KS7G8HW67D8KPDBPSR6L,20311610,23161115,23171525,20341110,20251510
XL244VRBJ3HI,KS440ZZ6HJGY92HPTWCV,KS120SR6WD1FP76Z6GC2,KS1203W702ND09XHKJR5,KS121Z26S4VJLQ1WXN21,KS122C06Z8NDM5G6NYNT,15111013,19101010,19111010,19141112,19131211
J6VDCF33U699,KS1218W78FGVPVP2KXPX,KS1280B68GD79P4WMVYW,KS123X869MDB5374BK8S,KS120GV6C72JMSZKMTD7,KS125BH5X5W0R09ZW3B7,25112110,25111210,18151314,19111011,25131810
SLG6MM1ZXYVG,ESED820E6065D9AA8D6F,KS05DFK1PMZ2JHVAKL0W,ESC5567F7A6FA12D0DCD,BGSADA90D2986CD3E35B,KS126X663B21NB77ZHSP,16121110,24161217,16151410,24161219,16121510
Y5H3O0SW5861,KS123X777H5WFNXQ6BPM,KS1203T6J7F2P3TG6Y6K,KS441K2756CXYXBG990G,KS123MC78KV644P5DDZ0,KS1217P66NK6BW72M9FH,32171011,32101110,32101010,32131526,32131510
9SB5MBZGJZG8,KS123MC78KV644P5DDZ0,KS4418371TN1X41T1P3G,KS1222G6RD9GBB7Q6FY5,KS121975WDFKW7W3PYZN,KS126J46GGVZB8BGGXSY,32171011,11221117,23171810,32131510,32171017
I1RIMVN1BT9W,KS125F678LV2KB3Z5XW0,KS121256306L6MCCF5R3,KS7G0NS71QMMQGQGTH3Q,KS122PG64BT2BT6X15HF,KS123X777H5WFNXQ6BPM,23161012,25112010,23161015,36161117,36151210
19Q1J10IDSFF,KS1203W702ND09XHKJR5,ES8B867675B7DA42B6CF,KS124QR6F19BX4WPMW1H,KS1217P66NK6BW72M9FH,KS1208P6ZMZ4N872Y7X5,21141410,32161421,21141510,21141110,19101010
O2D8FU8KXHRT,KS7G0Z579RRP7TRC2L9T,KS1282W6V4RX7LC1FDH9,KS441846Q382NVKJSSC7,KS1217R6SMDJ0WQHN6LK,KS7G09N768FLPTYZWXWV,11151210,26101517,26101519,26142010,11151110
YCFZ61I3EYJ5,KS44175745H9Q0DPBDNT,KS121CX75Q8F638ZCJVZ,KSZGBI5RVDDC0KZXZGB4,KS125BH5X5W0R09ZW3B7,KS125B569R313XT23LHY,23161012,23161015,23161110,19181312,23161114
74TJH56RNCKR,KS1280H6816TH6WNVMND,KS122556LMQ829GZCCRV,KS121Z26S4VJLQ1WXN21,KS7G2P95Z7JT2JK0ZP65,KS125WC6W1V65R5DTR2P,13121011,13141111,23161115,20271110,13141012
GAS0R778NRXV,ES36BB7D95D0BF489852,KS1224W5XSXCJBNSLLVX,KSQPGV2XZO8UMNCC49LK,KS1259D6L30YYG3XR3VL,KS440PV6FRJ90X0QFNLY,27111222,27121210,27121313,27111318,32131011
3X2KB6JY5R1S,KS1203B66DJG8T72WTJ4,ESB38820A543FA4E3969,KS126X663B21NB77ZHSP,KS1217R6SMDJ0WQHN6LK,ES1C53496B6F1ECEDD9A,18191516,18151213,14111210,18121012,18151012
TVOIWATX5JTB,KS120LB6XV5409BCQ0NF,KS1287R64YNBZGR50Y1N,KS125Y462DTP41N0WP4M,KS126HY6YLTB9R7XJC4Z,KS122556LMQ829GZCCRV,19121416,19161111,23161012,15111013,19121011
7MEHZS8F093F,KS4425C7820LCHZS7VGX,KS121BS6893JT49LJRPL,KS1263K71W66XVVGKG2F,ES899BA440FA3441F22A,KS125MK6L8XN70ZS40ZY,25111110,25101110,25111518,18151111,25111515
KUM88BW69ZMQ,KS44175745H9Q0DPBDNT,KS122YN6108R0RSDXXRC,KS126JR6F5V2TRCLB1H5,KS1219677F286BXFPBNC,ES832D5A4A82C0C5C93D,23171510,27121313,27111214,27111222,27121210
DVLNKND669UG,KS122BL6107G2Z27JWJW,KS123X777H5WFNXQ6BPM,KS123FS6SM7YBY0BS2T7,KS7G4ML61B2JX1H1003Z,KS1218W78FGVPVP2KXPX,27121210,32131011,16141210,27121510,27101212
FZJAHSAO2QWK,KS7AASDV6UOE7VFBGF4D,KS1200H6XYN1CR0G5NZ0,KS440JG6WST2V8SD4K2Y,KS124046TRJDP25WFPYC,ESAAF4D29C7393755ACD,32151012,32161416,11151210,11221117,11221015
EAF3IHSWIXN1,KS1256W6MPKRNM11QMPM,ESEB1D4619E6E83A061D,KS1283V6XDFZSK6YP0HF,KS120626HMWCXJWJC7VK,KS120076FGP5WGWYMP0F,27111222,11221015,11221011,27111221,27121210
15IKPQAHCUA0,KS1287M692W39DYZN8ZZ,KSQPGV2XZO8UMNCC49LK,KS127D361PF0FTXDZ7C4,KS26BVAZEM0MFCVFST66,KS127PD6XH0GQ380FJ3N,23171521,23151010,23151016,23151011,23151020
F2L9O98N2R48,KS1227V6WBR3BH3SJYSZ,KS1263K71W66XVVGKG2F,BGSD663E7801D0013709,BGSDD5FB715C9C84D8AE,KS4421B6105S1GF21ZW7,23131115,23131110,32161416,16131015,26131114
G2PU2NU4H6FQ,KS1282M68WL9T4YH3SLF,ESC1166A9FAE0B23BDCA,ES6942CD173CAA05BA26,KS126X663B21NB77ZHSP,KS1224W5XSXCJBNSLLVX,23171521,27111320,23151010,23171541,23151016
VW8BOTOV50ZF,KS121Z26S4VJLQ1WXN21,KS123X777H5WFNXQ6BPM,ESB7D4D9034BC8B2CAB1,ES8F73CC75C618D72F72,KS5S1X799BL7UH79PT17,17141110,17141910,32131520,17171610,32131526
XSNWER8ZDXHY,KS123586FGV3X7F7BJR7,KS121ZL6GFFT6K0ND5B2,ES8B8C52EA70D3BD184E,KS120LB6XV5409BCQ0NF,KS125F678LV2KB3Z5XW0,22101214,22111215,16141210,22101210,22101213
R5U83YGMEXF9,KS124F463KMJQGJ9DGGV,KS1215Z6TK2JY562DFD4,KS122NY60HCYYDXHQGQN,KS125BH5X5W0R09ZW3B7,KSQPGV2XZO8UMNCC49LK,27121313,27111214,27111222,27121210,32131011
9IGFU8IOGXPB,KS121056X529461ZF6XW,KS123X777H5WFNXQ6BPM,KS4407J75X4WDBY7RGLC,KS122FV73MMMYFGYMTTY,KS441S06L3NZBK0D6JM8,21121010,32131520,20251010,21131110,32131111
Y00G0BF8ZQ1V,ES99B020D66F6670BCA6,KS123QS6V49RPS3KZQ5P,ESBE0ED5266B3B91D676,ES8F73CC75C618D72F72,KS125F678LV2KB3Z5XW0,16141210,32131011,27121210,16141110,27121325
CO59AVH094IP,KS123X777H5WFNXQ6BPM,KS7G16D61SMNKDQZLKSV,KS13USA80NE38XJHA2TL,KS122556LMQ829GZCCRV,ES3C8650B6A0820DAFF4,24151313,24151213,23111310,24151222,23101010
BOQCPL72U22E,KS125RW6ZWZ8DLT13SNR,ES501046F1CC91CBA0D3,KS122C06Z8NDM5G6NYNT,KS123FS6SM7YBY0BS2T7,KS1263K71W66XVVGKG2F,25111110,25101110,25111518,25131710,18192110
UADVWKSHY8NB,KS44175745H9Q0DPBDNT,KS1218W78FGVPVP2KXPX,KS1259D6L30YYG3XR3VL,KS122Q960QYMW3YH0YWF,KS120WT63K4HC6NX7QXV,19161111,19121011,19161012,19121711,19121110
MTS1EGPGVTN4,KS122556LMQ829GZCCRV,KS12027766237GNG6G37,ES8B03DAD3B526316ED9,ES1C53496B6F1ECEDD9A,KS1218W78FGVPVP2KXPX,26151114,26151214,26151117,18192011,20321022
U8EL5015OOP7,ES8B03DAD3B526316ED9,KS120RM619V18NJXTHV1,KS1218W78FGVPVP2KXPX,ESA5839C44D0970CF79F,KSS30WWC1QZQY5T61CS5,23171524,23171541,23171712,23171710,23171510
EN606N9RR7S2,KS125PR6FFPHM75QYRKB,KS126HY6YLTB9R7XJC4Z,KS683SQ6ZD2227YN4C93,KS7G4956GFZ2FR5Y8YBC,KS1203B66DJG8T72WTJ4,23151215,23161111,21121010,32121312,23161210
G5M296NJWU73,KS4401T642KKKL4FQJMF,KS44175745H9Q0DPBDNT,KS122W26SKGLZJ2KLF5M,KS441FM75ZDSSYXG6M84,KS4425C7820LCHZS7VGX,23151115,21131010,21131110,23151111,23151114
BMAE38SRYO4R,ES39A67F403EB3EAAF1A,KS124TG6C6GQ3RGYBJ3G,KS122MP6KKDNSFRC2LXF,ESF586319EAC399E9394,ESCA52100E7DBDF47A7F,22101214,11151110,11171012,23161012,22111215
OL3QRDEDODU6,KS1282N6NQMZ95M1HJ7L,KS1259D6L30YYG3XR3VL,ES9BD12EB76B360E0E89,KS123MC78KV644P5DDZ0,KS125D76HT94Q66M4LJS,24151213,23171310,24151313,23171410,24151212
8AB13T4Y0TB1,KSNWU0H1XNMPN5FPLTPE,KS122FN6YY4S2D9BNSW4,BGSD2202B2068482C30B,ES9BD12EB76B360E0E89,KS120L96KMYTDJ48NRSH,25111410,32131511,25111110,11211010,23171810
Z91KMGQAW4TE,KS120GV6C72JMSZKMTD7,KS127D361PF0FTXDZ7C4,KS7AASDV6UOE7VFBGF4D,KS1272Y6RFNZKNGWDWMB,KS123X777H5WFNXQ6BPM,23121010,23121311,23111310,23121312,23111410
BJHY3M2I3QM6,KS441036Q8YQ0P81GPB0,KS124JB619VXG6RQ810C,KSCH2TPBQX91532Y3Q8E,KS125F678LV2KB3Z5XW0,KS124KQ78ZWBPC39W1RC,21121010,20251010,21131110,21111510,21131010
BEAWQW29PY5K,KS1241P6PXRCKTDSWHTV,KS1227N6MSF1WZ4B566W,KS1240M786PV2LRP3GVK,ES3FE18245473308D1EB,KS126K06YSWLGCMB6B0Y,21161211,21161310,32121310,23161012,32161416
VGKH250CVGFG,KS441K2756CXYXBG990G,KS1259D6L30YYG3XR3VL,KS120RN6FDTS9FLCH3T0,KS1287S66VYLS8GZ0DN3,KS1227V6WBR3BH3SJYSZ,11211310,11211016,11211010,32131512,11211212
JM171K1YM2J9,KS120RN6FDTS9FLCH3T0,KS122556LMQ829GZCCRV,KS441K2756CXYXBG990G,KS1233L6BGZ6R7D2FX0H,KS122PG64BT2BT6X15HF,12101212,20291110,12101210,23111310,23121312
KHL1CRHM22SN,KS122556LMQ829GZCCRV,KS4407C6SJKLF7H0MJP5,KS440QS66YCBN23Y8K25,KS120BV6SR75RBKQH0G3,KS125F678LV2KB3Z5XW0,32161417,19171310,23111410,32171213,23112013
4YJDKEI5QFQ6,ES8F73CC75C618D72F72,KS1280B68GD79P4WMVYW,KS441S06L3NZBK0D6JM8,KS1218W78FGVPVP2KXPX,ESA2046B83319C31C349,32131520,32101010,32131526,32131311,32131510
VY32I3PJ7K99,KS4411Q657NLLX1MK3HY,KS1218W78FGVPVP2KXPX,KS122LZ73LBCYNVBL9N7,ES9BD12EB76B360E0E89,KS127CL6X4QFQJBVRK85,19131716,32161311,23171528,19131910,19161111
GBUL1OT96GSK,ES4E81D4E042F468C897,KS1287R64YNBZGR50Y1N,ESFA9982A2A945E439CB,ES8B8C52EA70D3BD184E,KS7G747655VG23WXMS9B,22101214,22111215,22101210,22101213,22111216
J2Q8D5Z85461,KS127D361PF0FTXDZ7C4,KS1224W5XSXCJBNSLLVX,KS126966H39MX8JKF9TX,KS123X777H5WFNXQ6BPM,KS128116D4F00DD8HQZN,25131410,32161311,25131710,25131810,25111510
ZYYBDAU8EZKX,KS1218W78FGVPVP2KXPX,KS122C775KRX1DK8Q1RQ,KS1259D6L30YYG3XR3VL,KS4407J6G3HPTRRSNZR6,KS122556LMQ829GZCCRV,32171029,23171521,32131527,23171310,23171410
N26F4DQWML7O,KS1282K6QK68NJHMG8V2,ES71C18378814E6740D6,KS121C76HJ5W4VDVBPNJ,KS440C365HRHPM9VQDFF,KS7G2PN6Q42WPLR91C09,11211010,11181017,11211014,11211211,11171017
JZWYIX7BRRBA,KS120QQ6ZN003B8B7FK1,KS1253H61TTR1FZWSRH4,KS122VV71XNN7Y03XJNN,KS122556LMQ829GZCCRV,KS122556LMQ829GZCCRV,23171310,23171410,23161114,23151016,23171521
ISUTP04SBRSP,KS1218L60PDVZX16NZT1,KS440PX70147DD63BTWM,KS121015YX330W3PZD68,KS123X777H5WFNXQ6BPM,KS127W96P4XCBSGT33VJ,18101010,26141910,25131610,25111515,18181410
JL8EZ31T6ERQ,KS123X777H5WFNXQ6BPM,KS121Z26S4VJLQ1WXN21,KS680KR72KH02C5GM5TY,KS125B569R313XT23LHY,KS1259D6L30YYG3XR3VL,32151018,21131010,32161416,20291110,32151014
651LZVGW9HNE,KS7G6NP6R6L1H1SKFTSY,ES65621B26F53842D8BE,KS1227Y68P23M2LCD1H1,KS123X777H5WFNXQ6BPM,KS120GV6C72JMSZKMTD7,23171524,23171712,23161012,23171710,23171541
HR9T9CD1LQJS,KS120RN6FDTS9FLCH3T0,KS126X663B21NB77ZHSP,KS124RX787SQ1WVD8XF6,KS120SR6WD1FP76Z6GC2,ES1A29D8EF25130304B9,32101010,32131526,32171011,32131520,32131510
AHXTHV3A3ZMF,KS122556LMQ829GZCCRV,KS1200H6XYN1CR0G5NZ0,KS1212B6QR5SK1LSD4S4,KS127D361PF0FTXDZ7C4,KS123MC78KV644P5DDZ0,32171011,32131510,32171017,11191111,19141112
8YFH3XDVQ8PK,KS120LB6XV5409BCQ0NF,ESEB1D4619E6E83A061D,KS1206Y6W7F5JS3VBTFL,KS44175745H9Q0DPBDNT,KS1226Y6DNDT05G7FJ4J,16141210,23161012,32131011,16141110,23161015
G0L3RTZ5TV6G,KS440PW66NNLYJ09D6MC,KS1218W78FGVPVP2KXPX,KS1289C6QS0TSSB4PNGG,BGSB511C0D120574331E,KS1203X6ZDCNW2J3RC4X,19111012,19111010,19111011,27121510,27121210
AUZF01SVB8Q3,KS441PC61LH6SWW9P97Q,ESB86D2F388953738EC4,KS126X663B21NB77ZHSP,KS122C06Z8NDM5G6NYNT,KS440HG71DHMZX7FDNH9,19191010,19101014,23131115,23161012,23131110
5IPBXMMNR1V1,KS121FD72ZG62L4LVSF8,ESB4C707E98B551DE4A2,KS441S06L3NZBK0D6JM8,KS120RN6FDTS9FLCH3T0,KS121Z26S4VJLQ1WXN21,32161010,19101016,21111110,32161416,19131211
9X6REAVBEHHW,KS124N25XCM21768Z4PJ,KS1203C6N9B52QGB4H67,KS126HY6YLTB9R7XJC4Z,KS122NR6NY1KB0TD40G4,KS125RW6ZWZ8DLT13SNR,17113210,32151014,21131010,20301210,32151018
31DZRHTTQAYI,KS126V16PQ524FN4TK77,KS121BY6K99L7MVPZYDX,KSQPGV2XZO8UMNCC49LK,KS1202B652YN84D9KXMX,KS44175745H9Q0DPBDNT,26111110,23131115,26111210,23131110,26111010
6PWE3960BMTX,ES1C53496B6F1ECEDD9A,KS1218F6KN6BBYSLG365,KS123X777H5WFNXQ6BPM,KS127LN77V87V52LXM55,ES9BD12EB76B360E0E89,20321022,20341110,20341227,20101310,20111310
TWY6H7TNVOKE,KS126HY6YLTB9R7XJC4Z,KS440ZZ6HJGY92HPTWCV,KS120VC7108H86J50CYW,KS123SS6LVFYNXQPGJZW,KS121066QLTPPBGRDFQV,32131511,12111112,20321022,32131520,32131526
QVQLQ93BVMY7,KS1205G5ZKS8ZZWVPM9Y,ESA91D8112EB9ECA3570,BGS7C2767F79DDF8BC5C,KSM8TP2N6HPK1X9MFVRB,KS120ZX7019J4V8DHBTM,23101010,23121010,23111310,23101110,23121311
YAJ5ND3AO4ML,KS123HV63CZ5MTG987H4,KS122556LMQ829GZCCRV,KS1218W78FGVPVP2KXPX,KS1280H6816TH6WNVMND,KS1217P66NK6BW72M9FH,22111215,22101214,22111214,22111311,22111216
YTMV82LZWGE8,KS123X777H5WFNXQ6BPM,KS124216XT0CJXQQND1F,KS125ZB6BWF5RY40BH1B,ESC7FA9C2F88986150E7,KS120LK70665WL8LBX8G,11211010,11211211,19151210,11211014,32171011
FWPS64HMZYWD,KS123X36ZNX48FKY7WJQ,KS127D361PF0FTXDZ7C4,BGSE4F92B253B0FF8F19,KS1264Z5X6CKM8NHP6C9,KS121FF73FPRD54WNWG8,32161010,18191410,32161416,32151010,21111110
X79V37PRDDTB,KS1218W78FGVPVP2KXPX,KS442216KX06NQ2F1QWZ,KS1281M7573BG4S5QKMT,KS1200C5XQWW78VQ5ZYL,KS127D361PF0FTXDZ7C4,23171716,23171524,23171714,11151110,23171712
XU7FKC781HFL,KS4425C7820LCHZS7VGX,BGS53B3F3C1EA7627C1C,ESEF7DE047CD02DA1397,ES7D007E896BF43B4EC9,KS125BH5X5W0R09ZW3B7,23131115,11161610,16131015,23171712,23131110
N53KBH423L90,BGS151B15C7FBF8F986A,KS441S06L3NZBK0D6JM8,KS1222G6RD9GBB7Q6FY5,KS120XD77GTR3W3GXHBF,KS1253H61TTR1FZWSRH4,25111110,14171410,25111610,14121610,25111518
ZBC7QK4K6ILS,KS120B874P2P6BK1MQ0T,KS1238J5Z67LVF879RRH,KS4423G6BKW35ZSZ5N7C,KS1203C6N9B52QGB4H67,ESD1DE9AB64F03BEA790,27121313,27111214,27111222,27121210,32131011
3D7JI6I8E8QK,KS7G2ZM64RD6FRWS5NHD,KS126HY6YLTB9R7XJC4Z,KS123MC78KV644P5DDZ0,BGS7B708B9B8F0CC6ADD,KS120GV6C72JMSZKMTD7,25111518,25111515,25111110,25101110,25111610
RVI0R3X40G8G,KS440416LJHKZHQY4ZB9,KS123HX69V95SC2NJZYZ,KS122556LMQ829GZCCRV,ESE8E6C89348587B4CCC,ES501046F1CC91CBA0D3,36161117,36161120,36161112,36161124,36161110
Q8O9S4ZNMZOF,KS441S06L3NZBK0D6JM8,KS1253Q66NQSNHM7JR49,KS7G1YL6YHK2BJNK1W07,KS7G7LT731301PM8PGN8,KS126D668BLGSC15GFLS,18151212,18191210,18151121,18151014,18151117
OQNRSHFCA6R0,KS1217J6B5FTXYYNSTZY,BGSB805E8E694CF5F05B,KS125Y462DTP41N0WP4M,KS440SW6XXFCJJJ1LQFG,KS122L46TBBZJ9858RGR,15111011,15111013,21131010,19121416,19161111
K711UZQ6RF8L,KS122YN6108R0RSDXXRC,KS1287R64YNBZGR50Y1N,KS7AASDV6UOE7VFBGF4D,KS120RN6FDTS9FLCH3T0,KSKJX44T33B6D4UCC8CB,27121313,27111214,27111222,27121210,32131011
V6SGP3JK8XNL,KS125MK6L8XN70ZS40ZY,KS121CX75Q8F638ZCJVZ,KS123YJ6KVWC91BTMB4R,KS1203X6ZDCNW2J3RC4X,KS1228M6S0Q13JW8NV10,19111012,19111010,19111011,19101010,12131213
1OTKZH4OE1U2,ES6204EEE269AF03D4C4,KS122FM6NS52BCDZ7GWT,KS1281N6YRB0FN640PH8,ESBA29D2D0B143905837,KS122YN6108R0RSDXXRC,19111012,19111010,19111011,27121313,27111214
WC0BOGWHUPOF,KS126BR79LTY70GBNGML,KS7G4X66Q33J9N7G9J4J,KS1230Q5YBR9ZMPS74TP,KS44175745H9Q0DPBDNT,KS120406FZSMTZF4M5SH,20341227,20341221,20341216,20341222,20341229
NWD7E0L4OL5K,KS1253H61TTR1FZWSRH4,KS123X777H5WFNXQ6BPM,KS1226B6N54XJ43HGGJ2,KS120V86MZWV9Z9LKQY3,KS440RW6M035NGGH4ZBC,23171543,23151010,12101212,12101210,23171541
8K06MOXSFH4G,KS126HS6R7MH1W08PMVR,ESE4F7DFFFF4E8145229,BGS804B7B96BD4F8C5F1,ES316C395BF4FE1A7F97,KS1218B62M9QRBY8WRSK,27121313,16141210,32131011,27121210,27111214
HMGOLOQC3XNC,KS680KR72KH02C5GM5TY,KS122LX5X0P7XXZJKFWY,KS122556LMQ829GZCCRV,ESECA2A4B6CE3F728B24,KS1218B62M9QRBY8WRSK,32151019,24111910,32161416,32151014,32131525
7SU62J8LBDSG,KS120WT63K4HC6NX7QXV,ES17C067996128D7572C,KS1223966G4Q22CCCYC6,KSZX7YZWNR5IDR1I2VMZ,ESB6859F09DF2E149CC9,19101012,19161111,19121011,20221210,19141311
L7U1P8OTXOUS,KS1261W6S12LL9NC21GQ,KS120GZ5YXC6YVM1NGPR,BGS86A9FE717C2A294DC,KS1265C642JXF57FCJCH,ESCA52100E7DBDF47A7F,27111320,22111415,27111314,23171310,22101312
IOKPG3DP4FMP,ESDEF4173A4C8F26E0E5,ES7A07CF87C516875B23,KS441ZY6G3YT7CVHY3KY,KS1203X6ZDCNW2J3RC4X,KS43I7T7CU4Q66EGVQLU,19111010,19111012,19101010,19111011,27111214
LWI1CUF8GQ8D,KS127D361PF0FTXDZ7C4,KS120D96FHL88PZDKZKH,KS120HK5XY6JV257QLTX,KS123X777H5WFNXQ6BPM,KS441LF7187KS0CV4B6Y,23171524,23171712,23171541,23171511,23171710
8O8G8HZMVYD4,KS123X777H5WFNXQ6BPM,KS127Q56J10XVNDFQ3K1,KS123X777H5WFNXQ6BPM,ES6D557B9D5BE598FD74,ES899BA440FA3441F22A,23171528,23171710,23171524,23171541,23171511
JZK08CT6176C,KS7YXWLEAKN8QOFDFVS2,KS126HS6R7MH1W08PMVR,KS1218W78FGVPVP2KXPX,ES8F73CC75C618D72F72,KS128066XVJ3VBR23R8W,36111110,11191210,32101211,25111310,23171611
7HME6P4NP00N,BGS7B708B9B8F0CC6ADD,BGS8C11CE3DBEB1B77CE,KS125HH5XDBPZT3RFGZZ,KS1218W78FGVPVP2KXPX,KS120SQ5W4Q57JMD2Y81,20291110,23171528,20301110,25111518,20321022
I56FJPZ42Q8B,ES6204EEE269AF03D4C4,KS126ZZ7012DHZLZ9GC0,KS123MC78KV644P5DDZ0,KS4419X5ZRKVGF6RWG6Y,KS121Z26S4VJLQ1WXN21,32131111,23161012,23161015,15111013,23151215
3TSAZK8ZY7ES,KS126HY6YLTB9R7XJC4Z,ESB2877A0E158B0F0B41,KS1203W702ND09XHKJR5,KS122HK6LN2MZHFY69GJ,KS122BL6107G2Z27JWJW,27121210,27121510,27101212,32131011,27121313
BI6QSRER6LUU,KS7G09N768FLPTYZWXWV,KS122C06Z8NDM5G6NYNT,KS127D361PF0FTXDZ7C4,KS124WD6XB7RT57LR817,KS122556LMQ829GZCCRV,20251510,20341110,20311510,13101010,20251110
FULZ2ADS83GY,KS7G0CX6LFPQ6TGXWJCY,KS122HK6LN2MZHFY69GJ,ES501046F1CC91CBA0D3,KS127PD6HS17M78HDZHH,KS120626HMWCXJWJC7VK,23161012,23161015,23161013,23161110,11191413
20PS5I5FTOJT,KS7G4ML61B2JX1H1003Z,KS125LS6N7WP4S6SFTCK,KS123YJ6KVWC91BTMB4R,KS125LS6N7WP4S6SFTCK,KS120V86MZWV9Z9LKQY3,16141210,32131011,16141110,27121210,27101110
77IBRSJOX505,ESA2046B83319C31C349,KS121Z26S4VJLQ1WXN21,KS122D46PJ09YVSBV9DW,KS1263168F5Y15N2D3F8,KS122555YNWMN79XR7DH,21121010,20251010,21111510,21121110,21131110
NSPN5MRDPMBY,KS43I7T7CU4Q66EGVQLU,KS7G2F36GFX1K55V6GK4,KS120436N14BN10FM7W8,KS4415Q6ZQNW127ZTWRN,KS4407H64CVBMTRQZRCF,19111010,19111011,19111012,32171022,32161416
Z5G46TZMV6RL,KS123X777H5WFNXQ6BPM,KS121YT721BY2F3M5YDR,KS1218H6YTH21VYCT4YN,KS122HN7559WPNWPMDML,KS127FQ6L0G5SBYPYZ26,19141311,19101010,19141110,19101710,19141310
VGUW48TP37V7,KS1203T6J7F2P3TG6Y6K,KS4407C6SJKLF7H0MJP5,KS125BH5X5W0R09ZW3B7,KS127ZK6MBRN29QBC755,KS7G2FX6L5L0NXGGHKMH,32161417,32171011,32101110,32131526,32101010
LK872PK69CDO,KS1220L60W8P557BJZJS,KS122PG64BT2BT6X15HF,KS1281M7573BG4S5QKMT,KS440DJ6QFB9RZ4BD61P,KS440Z26T60HXNGBDLL2,23151114,23151115,23151010,36111110,23171521
9M0TTD78PRWY,ES4E81D4E042F468C897,KS124WD6XB7RT57LR817,KS122D46PJ09YVSBV9DW,KS127YF631YF6JYZNX9P,KS125BH5X5W0R09ZW3B7,21121010,21131110,21121210,32161010,21121110
55D5Q3OV9JYD,KS128716HL1C1Y0ZS84Q,KS124JB619VXG6RQ810C,KS1218W78FGVPVP2KXPX,KS123B75Z8CKNHP05L6Y,KS123JY6R6R7KBQYJ2Y5,36161117,36161120,36161124,36161112,36161110
08OPEVHTZ4VO,KS125ND687ZNB659FK3Z,KS1254T6VZ25D2NZX05S,KS123MC78KV644P5DDZ0,KS1253H61TTR1FZWSRH4,KS7G5CT61NJMNH0V22KQ,15111013,11161110,23141111,23161012,11221117
01EJT1WT805Q,KS120HW6J91L2BHXHRKP,KS1239W6QZKL1H0TF1TJ,KS122C06Z8NDM5G6NYNT,KS441G8674MJW487GW93,KS123KV6P7JVKY7RBTV2,21131110,36161117,21131010,21151010,25121510
BNIAB2YU7YF9,KS1223966G4Q22CCCYC6,KS121CR6XWVT7K2QBLFW,KS1217P66NK6BW72M9FH,ESE17AE8AD28D908E545,KS122YN6N9Q3JFJXV01G,23171521,16141210,32131520,27101212,27121510
FJ06DS8FL2WB,KS124N46RMFSBQFLTM0L,KS125BH5X5W0R09ZW3B7,KS123L46V8HMTWP5CV46,KS120HW6J91L2BHXHRKP,BGS30DF8D99417B93488,36161117,14111117,25121510,20321022,14111116
YN4O5U58PDD8,BGSD77209831104706B3,KS1213Q5Y632QWZ7PVVS,KS123X777H5WFNXQ6BPM,BGSDD5FB715C9C84D8AE,KS128066XVJ3VBR23R8W,11211010,32161416,36111110,11211014,26131114
1BSDX4W3LNAE,KSQPGV2XZO8UMNCC49LK,KS1217P66NK6BW72M9FH,KS124QR6F19BX4WPMW1H,KS7G2F36GFX1K55V6GK4,KS127D361PF0FTXDZ7C4,32131526,32101110,32171011,32101010,32171022
88U595CEKOF9,KS7G0C36YW29VS8KPC05,KS440PW66NNLYJ09D6MC,KS441FM75ZDSSYXG6M84,KS4407C6SJKLF7H0MJP5,KS1258F6VFFDYRTK8L0Y,32161417,27121510,27121210,27121313,32131011
N95S2GKFL5XF,KS125Q36QTY8PQT43BK3,KS7G4CW5X8X24LZR16CB,KS7G55M6TRB1N24LW2P5,KS126706DPFD3354M7YK,ESB38820A543FA4E3969,21161211,21161310,25111610,25111110,21161010
MMHLK1B17ZYQ,KS1225S77RQ7T10BMPXN,KS1227P6FBK34WLH6X8Z,KS122556LMQ829GZCCRV,KS121FF6R49VM6MK7YVG,KS1284G77CJNY040QM7B,32161012,32151013,32161420,32151018,11221117
L7MAYTXLAA6U,KS126J46GGVZB8BGGXSY,KS7G6D96PMHVV7MGQ3QS,KS124QR6F19BX4WPMW1H,KS1217P66NK6BW72M9FH,ES92BBFCE941D849C9A4,23151215,12101010,32131111,12101212,19111011
HGCRKFKJ6XHP,KS121Z26S4VJLQ1WXN21,KS441G8674MJW487GW93,KSQPGV2XZO8UMNCC49LK,KS121YT721BY2F3M5YDR,KS123X777H5WFNXQ6BPM,21131010,21131110,21151010,21121410,21141810
2WC3BNECJQ42,ESFA9982A2A945E439CB,KS125F678LV2KB3Z5XW0,KS125PC72CJK6RF79Q6B,ESEB1D4619E6E83A061D,KS127PM6PLRSPT9BHY6C,23161012,22101214,22111211,22111215,23161015
W4Q46DERG870,BGSDD5FB715C9C84D8AE,KS1206Y6W7F5JS3VBTFL,KS6840J6LR0TLQ86LZJC,KS124QR6F19BX4WPMW1H,ES8F73CC75C618D72F72,16141210,23171524,23171712,32161416,26131114
3CUS50AV7H4V,KS1253H61TTR1FZWSRH4,KS1217P66NK6BW72M9FH,KS4411H6DM87QLDT97JT,KS1205H6HZDXGDV2R0QZ,KS122HK6LN2MZHFY69GJ,14111117,14111210,14111115,14111116,14111114
X5Z3JUFXH8P0,KS4425C7820LCHZS7VGX,KS4418H63Z3RP725L3BW,KS122C06Z8NDM5G6NYNT,KS7G2F36GFX1K55V6GK4,KS1232170780JY3RQ3R5,11191512,11191514,11191511,11181210,11151110
A6ELOUQX0MUL,KS1218W78FGVPVP2KXPX,KS44241613XS4PFB9NNS,KS1241J6PC0N3DT65QG8,KS1206V6K46N1SDVJGBD,KS120XM6K01BDQNVTK1Q,16141210,26141210,21121010,21121210,21131110
9SHQ8BC4PW8Z,KS123X777H5WFNXQ6BPM,KS120NP6J9YGDMN22JGF,KS124KQ78ZWBPC39W1RC,KS1264X6Q6902BJMLNCB,KS440PP604XS7CPXZXHL,21121010,20251010,21131110,21111510,21131010
UTFEFZ811ID0,KS127CS79GV081FMJYKZ,KS124TG6C6GQ3RGYBJ3G,ESE1B279F38C73E025BD,KS120SR6WD1FP76Z6GC2,KS126X663B21NB77ZHSP,22101214,22111215,22101213,22101210,22111216
4BK8EJNFMOCT,KS125BH5X5W0R09ZW3B7,KS4407F6YY6SBS730MJ8,KS7G55M6TRB1N24LW2P5,KS4403G6XNX5KJSD906W,KS7G4YT72YHJ3BVJ4P56,32131526,32131520,19111011,32131523,32101010
BBSU04W4JSNY,KS43I7T7CU4Q66EGVQLU,KS441786F0PS9RV3QBS0,KS121YT721BY2F3M5YDR,KS44086772RVPJQ1SVW6,ESD80D145AC3BB84827D,19111310,19101022,19101512,24131326,19101611
0CD8A2IBCLTR,KS7G2JK6H86B84TR6BPK,KS127D361PF0FTXDZ7C4,KS120VD5ZH331TPJQYHK,KS123Z75WFFSZPXNH04Q,KS120RN6FDTS9FLCH3T0,23151010,23151016,23171521,27111222,23161114
G585I87XW69H,ESE4C6DAB864E4F13841,ES246381C6B751E993D6,KS120PP6GL94HJDMN0TQ,ES76F4C57A88877D6D64,KSKJX44T33B6D4UCC8CB,17171510,17141110,17171610,27101212,17141510
TZ4C3IYX95OJ,ESDB49B978B87315E726,KS126HY6YLTB9R7XJC4Z,KS122BM7899YNC6504SP,KS441FM75ZDSSYXG6M84,KS123YH6YZ1G0PZVVJW1,27121313,27111214,27111222,27121210,27111211
KA0914ABAZD8,KS1281B6JYRFQ307N4P2,KS124FP642Q7P7TBPPZN,KSM8TP2N6HPK1X9MFVRB,KS122BL6107G2Z27JWJW,KS123X777H5WFNXQ6BPM,27121313,36161126,27111222,27121210,27111214
2YY3HBTTH9KR,KS127D361PF0FTXDZ7C4,ES99A6D89D5C11F093DA,KS126HY6YLTB9R7XJC4Z,KS440Z26T60HXNGBDLL2,KS440726NL4QJRHCMR43,27121310,27111210,36111110,11121110,17121013
K9L1WDX68C4N,BGS29E3C902E1ECF21C3,KS440W865GC4VRBW6LJP,KS12160602V51N7SJSX8,KS1226Y6DNDT05G7FJ4J,KS122VW78Q67XR4C3ZDW,27111210,14111115,27121310,18121012,11221117
SV6Y39M3JGW8,ES83D504DA26283FDED8,KS120GV6C72JMSZKMTD7,KSQ39IM6T1T6MCGAI2LO,KS120NW68F2HJMBWBCF8,KS121CY5X6BPXPPMH95R,20131216,20131312,33141214,17141810,19161012
RNH2PH1DJVVH,ESAB2C2E5E7E78A3527D,ESD329DFE7AF20305B61,KS1228C646D4PFRLP3PF,BGSEE1E1C4671622F63B,ESEB1D4619E6E83A061D,16141210,27101110,11191514,32131011,27121210
9Y49DZ8FTMJN,KS126HS6R7MH1W08PMVR,BGSD9FE7563B24D87BF4,KS125F678LV2KB3Z5XW0,ES2F712D74818EF2888E,KS121CX75Q8F638ZCJVZ,32121310,12101212,19181312,19161012,19161111
I8XQ6TCLK04P,KSYS066TY12NQ9C68N2K,KS123PM708XTL2N3FJNX,KS1217T73BQWJGX5MZ43,KS7G4T15W4RYVZTCDSWZ,BGS562744528524D0AC6,21141810,21121310,21131010,32161416,21121410
0HPMNZ1UDBFW,KS121CX75Q8F638ZCJVZ,ESB0F6E1B6AF9849A4E7,KS120626HMWCXJWJC7VK,KS120HK5XY6JV257QLTX,ESEB1D4619E6E83A061D,23151121,23151115,23151111,23151114,23151117
GHM56VU6Z5GF,KS1259D6L30YYG3XR3VL,KS121YT721BY2F3M5YDR,KS7G2FX6L5L0NXGGHKMH,ES20CECA4FF83ECE8196,KS122556LMQ829GZCCRV,20291210,11221117,21161310,21131110,21121110
4HXXPW2GKQRA,BGS4180F925FBF0CEAE5,KS12043750BK3KLG30B5,KS1258Z5Y0RFS07P4JJM,KS122556LMQ829GZCCRV,KS441796583QGTMKQY3M,19101022,19111310,19101512,24131326,19101010
VKLQ0XJLAR90,ES2133DA6434CF028833,KS123S46J5HRBLZRMRJ0,KS1203W702ND09XHKJR5,KS128J35X63H07CSVVGV,KS1230W79VHJQSFBXW2G,23161012,19101010,19141311,23161015,19141110
13SD09OYM3MU,KS127TD6X5C909DYQ765,KS123TT6QV917SQWR32N,ES8B03DAD3B526316ED9,KS7G4ML61B2JX1H1003Z,ES1E6E52B1EC24E20E6E,16111010,21171310,32131011,27121210,16141210
PLLGF309HSUW,KS122556LMQ829GZCCRV,KS1259D6L30YYG3XR3VL,KS1218R61L2LHV8J334J,BGSDD5FB715C9C84D8AE,ES76F4C57A88877D6D64,32161416,26131114,32151013,32161415,32131526
SPI0VP1DZXGU,BGSB4E1D5CA81759D758,KSQPGV2XZO8UMNCC49LK,KS127D361PF0FTXDZ7C4,KS1282T6VG8BBVGX6ZS8,KS120L96KMYTDJ48NRSH,19101012,26131014,23171810,23171541,26131112
WUIH2JYHRQG3,KS123X777H5WFNXQ6BPM,ESE15CC456BBE39C7196,KS4411Q6V17S75QFD27S,KS441PL6JPXW200W0GRQ,BGS7EBD3D39CA2088015,22101213,22101214,22101210,32151018,23131115
ZAPUOLXPOUV7,KS125LS6N7WP4S6SFTCK,ESDA62349890992ACC1F,KS441FM75ZDSSYXG6M84,KS7G4YT72YHJ3BVJ4P56,KS127LN77V87V52LXM55,23151115,20101310,23151114,23151111,23151116
5DSJNCTFTT7I,KS123X777H5WFNXQ6BPM,KSKJX44T33B6D4UCC8CB,KS121Z26S4VJLQ1WXN21,KS1241J6ZY2S66SZG3QS,KS7G2F36GFX1K55V6GK4,21121010,20251010,21111510,21121110,21131110
S2WCZ5G19QGU,KS122556LMQ829GZCCRV,KS125F678LV2KB3Z5XW0,KS120Z470N04DCZV5SSD,KS122556LMQ829GZCCRV,KS125Z26XB67Y67KBRYP,11181013,20271110,13141111,13121011,11181014
YO6ILVB8DM1A,BGS392411BB432B57395,KS120XD77GTR3W3GXHBF,KS125F678LV2KB3Z5XW0,ES29DDAE9CCE34160768,KS124JB619VXG6RQ810C,25111110,32131528,25111610,25111518,32171024
G7NFDINU31EI,ES76F4C57A88877D6D64,KS123PM708XTL2N3FJNX,KS123KG6DL8N3D5ZW036,KS1218H6YTH21VYCT4YN,ESA7A804109FFEDA2EF8,19141311,23171528,19101010,21141210,19141110
ZWFFHHCMKTLZ,KS123X777H5WFNXQ6BPM,KS123Y66DNRSJ1QGK9NW,KS127D361PF0FTXDZ7C4,KS1203W702ND09XHKJR5,KS4425C7820LCHZS7VGX,19131211,19141112,19141311,19101010,19141314
53AYEQAHTHSJ,KS127D361PF0FTXDZ7C4,ES5821D6F8463BA854FC,KS125DK6CWSVBTFV17WW,KSCQ0SWSSG568HKQ1YNL,KS1203V5WXB7NG26XSR8,23151115,19111011,19111010,23151111,19111012
IMQ5GLHC0DJ9,KS124QR6F19BX4WPMW1H,KS125B45YZ8FF6LVXX3G,KS120SQ5W4Q57JMD2Y81,KS121Z26S4VJLQ1WXN21,KS126X663B21NB77ZHSP,32161416,32151014,11161310,32151018,11151110
KH5840ACUHGP,KS126DB6T061MHD7RTGQ,KS125KQ5WKM97L66SSQY,KS1205H6HZDXGDV2R0QZ,ESEB1D4619E6E83A061D,KS1203C6N9B52QGB4H67,23171510,23171716,23171524,23171712,32161416
563BTKF6XDN8,KS4425C7820LCHZS7VGX,KS12160602V51N7SJSX8,KS1200H6XYN1CR0G5NZ0,KS122C06Z8NDM5G6NYNT,KS128HP65N6N70YV5ZM7,27111210,32161416,27121310,32151013,32121312
HEXANVZGZTE0,KS123LB6XZYR844HMWHH,KS125F678LV2KB3Z5XW0,KS121Z26S4VJLQ1WXN21,KS123S46J5HRBLZRMRJ0,KS123X777H5WFNXQ6BPM,19141311,19101010,19141110,19101710,19101314
PKST69PV6LR0,KS122NY60HCYYDXHQGQN,KSDMUMHE63DLB9OKKW37,KS1206Y6W7F5JS3VBTFL,KS125F678LV2KB3Z5XW0,KSCK7UOCSNOZGW1Y1TSS,16141210,21121310,32161010,21131010,21121410
RX4ME6XKJUPQ,KS121CQ5ZTC3C77PYYVL,KS1259D6L30YYG3XR3VL,KSQPGV2XZO8UMNCC49LK,ES2A9C642878AF9B9757,KS1200H6XYN1CR0G5NZ0,16141210,16141110,21111010,32131011,27121210
Z6D86ZCHHXA7,KS125X473FY475QKKY02,ES8B03DAD3B526316ED9,ES6DB0E21CD4A9DAF791,ESFA9982A2A945E439CB,KS4407H64CVBMTRQZRCF,32171022,32161416,16121310,32131526,32151014
RLLGU1TLXZB6,KS120V66DMF8T750ZG11,KS1259D6L30YYG3XR3VL,KS4418371TN1X41T1P3G,KS1218W78FGVPVP2KXPX,KS4425C7820LCHZS7VGX,25131410,25131710,32161311,25131810,25111510
5D3NMYB4BOMZ,KS1218W78FGVPVP2KXPX,KS680KR72KH02C5GM5TY,KS124R469YBN5SX8XNMH,KS121YT721BY2F3M5YDR,KS125MK6L8XN70ZS40ZY,18151712,23151210,18111114,18151212,18151710
ZAE557O7RCI2,ES76F4C57A88877D6D64,KS125RV5ZRHFGPJPKD8W,KS7G1J176WLQC95ZRJBS,ESDBE903059CD049B5EA,KS121Z26S4VJLQ1WXN21,19161111,32161416,32131522,32121312,32101211
9XED3A27F57U,ES73A557482F94D812CB,KS127D361PF0FTXDZ7C4,KS441FM75ZDSSYXG6M84,KS120LB6XV5409BCQ0NF,ES9DB203FA3AD2266DA9,23151115,18192016,18192015,32161416,23161012
KNL2LUHHS4DI,KS1219677F286BXFPBNC,ES9BD12EB76B360E0E89,KS124N25XCM21768Z4PJ,KS127PY6XCQSQ6R44N9K,KS1289C6QS0TSSB4PNGG,13101010,20251110,20251510,11171020,20341110
UPU536LZMS80,KS123X777H5WFNXQ6BPM,KS126966H39MX8JKF9TX,KS1206Y6W7F5JS3VBTFL,KS125RT75ZYS4TCFJ0H8,ES314A8628331352466D,25131410,32161311,25131710,25131810,25111510
NLYDJIXL7VSK,KS123MC78KV644P5DDZ0,KS1203W702ND09XHKJR5,KS1218W78FGVPVP2KXPX,KS123X777H5WFNXQ6BPM,KS440SR65FDSYM6XM21G,19101010,19141311,19141110,19101314,19101710
6PVS9V9BD9ZM,KS440Z26T60HXNGBDLL2,KS124VJ71BKMYXC1PP09,ESB2877A0E158B0F0B41,KS4425C7820LCHZS7VGX,KS1218W78FGVPVP2KXPX,36111110,13141111,20271110,13121011,26151210
ZACFAXR57EV1,KS128HP65N6N70YV5ZM7,KS123YJ6KVWC91BTMB4R,KS7G7LT731301PM8PGN8,KS122CJ6ZVCCTTDGYB6B,KS1280B68GD79P4WMVYW,32161416,32101110,32131526,32171011,19111012
J39QZJ9YR33I,KS124VF5YCVWCW6NR1Z6,KS127D361PF0FTXDZ7C4,ES76F4C57A88877D6D64,KS122626T550SLQ7QZ1C,KS441S06L3NZBK0D6JM8,11211010,19121011,22101210,22101214,22101012
146VEY0A94XF,KS126SW5ZZYP3HXXPX1X,KS124PM66CYVH7XC6F2Y,KSQPGV2XZO8UMNCC49LK,ES247E73D0513B602714,KS120QQ6ZN003B8B7FK1,25111110,25111610,19101510,25111518,19101010
7QODSU9F16X1,ESFA97FD56769BC20EA2,KSZX7YZWNR5IDR1I2VMZ,KS121Z26S4VJLQ1WXN21,KS123YM600CLQQD1GP56,KS4401V5WX78L6JX0NW7,32161313,32161010,32161416,23171528,23171710
XKIZIYPI1XW4,ES2F32D3C54C12C60760,KSQPGV2XZO8UMNCC49LK,KS1265G69GQZ33ZXGMDP,ES4D1994458481F3A438,KS1217R6SMDJ0WQHN6LK,36111010,19151210,20371310,14111115,11161010
B3Z30ZBTVFH7,KS1267F6MSPN366LX7ST,KS1253H61TTR1FZWSRH4,KS125S36C8SFQ912VYBS,KS120WN5YJQ2HKQ3K2DR,KS126966H39MX8JKF9TX,25131410,32161311,25131710,25131810,25111510
RM6DFHG6W3ST,KS123SS6LVFYNXQPGJZW,ES39E5C01E1593CE9E72,KS440X76WQQP92FXSGVW,KS124JB619VXG6RQ810C,KS120QQ6ZN003B8B7FK1,23171310,23171410,21131010,26102110,25111110
NPS4INCO8O9G,KS127YF631YF6JYZNX9P,KS124QR6F19BX4WPMW1H,KSKJX44T33B6D4UCC8CB,KS440W865GC4VRBW6LJP,KS122HK6LN2MZHFY69GJ,32161010,32161416,21121210,21131110,32151014
YSWV20K9JX42,KS123X777H5WFNXQ6BPM,ESEB1D4619E6E83A061D,KS127PG6M8XYRM4K36G4,ES2884E132F1A422AC8F,KS1243B6K2MM7JTJHFM5,21131010,23121010,21131110,21121210,23121311
F3TF14FRUXTN,KS121Z26S4VJLQ1WXN21,KS1244K68C6XP7VF1ZCX,KS122W26SKGLZJ2KLF5M,KS124RX787SQ1WVD8XF6,BGSDD5FB715C9C84D8AE,12101211,32161416,21141810,26131114,20231010
ASF5EHLH07JR,KS7G747655VG23WXMS9B,KS440PV6FRJ90X0QFNLY,KS127D361PF0FTXDZ7C4,KS440PV6FRJ90X0QFNLY,KS122YF6TFTKSPQ21RY8,16141210,32131011,27121210,27101212,27121510
UA9O6H0FEEB9,KS123Y66DNRSJ1QGK9NW,KS122BL6107G2Z27JWJW,KS122BL6107G2Z27JWJW,ES65C485CF3B67FE16DF,KS7G55M6TRB1N24LW2P5,27101212,27121510,27121210,32131011,27101110
3ZKWDEEKGYSP,ESF6784E14B1812D7FE4,KS123FF6ZJD7NDMHW0WL,ESD6900529C590F09DE6,BGS30DF8D99417B93488,BGS728518228C0E9B62C,19121011,14111117,32151018,11221117,14111116
UKM7Y1UVJYTM,ESF23FB2EE8707FB9397,KS121W46CJXQ5ZQ506MS,KS123YJ6KVWC91BTMB4R,KS124QR6F19BX4WPMW1H,KSQPGV2XZO8UMNCC49LK,22111215,20321111,22101214,22111211,22101213
6IWKVYTNDJJO,KS440Z26T60HXNGBDLL2,KS1241P6PXRCKTDSWHTV,ES249EC655339813E06E,KS7G4ML61B2JX1H1003Z,KSCQ0SWSSG568HKQ1YNL,16141210,36111110,32131011,16141110,27121210
PDXXSYKQVOX2,KS126SW5ZZYP3HXXPX1X,KS123MF6JT9PVPX9HHXS,KS1264H778JLQY5FK48G,BGS1FCE2AB7FEAB78B2D,KS122626T550SLQ7QZ1C,27101024,18171025,27121510,27101212,18191316
R1AR6UFCMVQ9,KS123X777H5WFNXQ6BPM,KS120RN6FDTS9FLCH3T0,KS441DK5ZDF8Q8FWL19R,KS121YT721BY2F3M5YDR,KS126706DPFD3354M7YK,11221117,32161416,21121110,21161211,11221115
34RH7CJJEY7Q,KS122D46PJ09YVSBV9DW,KS1200578T5QCYT0Z98G,KS126SW5ZZYP3HXXPX1X,KS440W3640PNXPGB5MSW,ESFD841993BCE5021F3B,21121010,23171521,20251010,21111510,21121110
5XMUFU7XI7FC,KS123X777H5WFNXQ6BPM,KSKG9OA3NDST6929VROF,KS120406FZSMTZF4M5SH,KS1222G6RD9GBB7Q6FY5,KS13USA80NE38XJHA2TL,19101010,19141110,19141311,19111012,19111010
M43O8JOCUJVX,KS126BK72NQVGDQ6Q7K3,KS440W865GC4VRBW6LJP,KS1217J6B5FTXYYNSTZY,ES3A9408ABAD9C286489,KS123HX6YG0PPBXV3922,20311610,27121313,27111214,27111222,27121510
6C2CU7ONZ3JB,KS124GV78MYQ469S38M8,KS125F678LV2KB3Z5XW0,KS123YM69C56NFT1CWPJ,KS4417C74STWPWR9TNT1,KSJ1E41H65BM1QXAN1S9,19111310,19101022,19101512,19101611,24131326
0F72VE4IRF7B,KS123J36CN950KHKWC4T,KS124QR6F19BX4WPMW1H,KS7G4ML61B2JX1H1003Z,KS125Y462DTP41N0WP4M,KS120PQ6XD1JWMFQVJNW,16141210,19161111,19121416,22111215,22101214
OMUWAHK2LSLA,ES4E81D4E042F468C897,ES3A9408ABAD9C286489,KS126HY6YLTB9R7XJC4Z,BGS2B5070B09778B1443,KS686Y976L1WJ98QFSD4,32131516,32131520,27121313,27111214,27111222
VXO3PEOJ3M48,KS120GV5ZXR64CJLL1J4,KS123HX6YG0PPBXV3922,KS122PG64BT2BT6X15HF,KS121W46CJXQ5ZQ506MS,KS441SQ6VR8JQHHSW9ZS,27121313,27111214,27111222,27121210,27121510
PFB3HN14EB87,KS121Z26S4VJLQ1WXN21,KS123GK6Z30G7QTFCY4N,KS441786PB65SYX6X6HV,KSBFJJZ004CRBMIU8GAC,KS1239W6QZKL1H0TF1TJ,19111310,19101022,19101512,19101611,19101511
SZCLM4F8FWS0,KS0R7EAFEF4YURUY3RZR,KS125C05ZSYGWN3V1DXK,KS1261W6S12LL9NC21GQ,KS126L563YF9YNQQQ832,KS122556LMQ829GZCCRV,23151215,23161111,23151214,23161015,32131111
BNMJSXTDHDX1,KS120PP6GL94HJDMN0TQ,ES3C8650B6A0820DAFF4,KS440Z26T60HXNGBDLL2,KS7G747655VG23WXMS9B,KS44086772RVPJQ1SVW6,36111110,11121110,17121013,26131114,27101212
SKZO3I9LLIFF,KS4409D76NW1S5LNCL18,KSCH2TPBQX91532Y3Q8E,KS122NR5WBK04FGMP0HD,ESBE4D467630FE886087,KS44086772RVPJQ1SVW6,14121010,23111310,23101010,23111810,23121010
0EN4IEDBTFDC,KSQPGV2XZO8UMNCC49LK,KS1200771D9CR9LB4MWW,KS127D361PF0FTXDZ7C4,KS1282K6QK68NJHMG8V2,ESE1B279F38C73E025BD,16131015,23131115,23171712,23171524,27111320
U3F0MEE0Q45T,ES8B03DAD3B526316ED9,KS122C06Z8NDM5G6NYNT,KS1218B62M9QRBY8WRSK,ESF586319EAC399E9394,KS440ZZ6HJGY92HPTWCV,11171012,11181014,11171013,11181013,11211010
0QFX7A1L1CEG,KS122556LMQ829GZCCRV,ES899BA440FA3441F22A,KS124QR6F19BX4WPMW1H,BGSB1AA3A12976AFDDA2,KS127JV5XZQ7398C1F20,11151010,11151110,32151014,32161416,32121312
VQRIQYE1SOFP,KS125B569R313XT23LHY,KS124HT633CCV946QB53,KS123X777H5WFNXQ6BPM,KS127C1660W6F87D6YQF,KS122NR6NY1KB0TD40G4,23171521,18151712,23151010,23151020,23151011
948JU63LXSY4,KS1228M6S0Q13JW8NV10,KS1206V6K46N1SDVJGBD,BGSDD5FB715C9C84D8AE,KS440Z26T60HXNGBDLL2,KS4407J75X4WDBY7RGLC,26131114,16141210,32161416,32131520,32131526
SOZ9E5GV7P2A,KS122556LMQ829GZCCRV,KS1241P6PXRCKTDSWHTV,KS123MC78KV644P5DDZ0,KSQPGV2XZO8UMNCC49LK,ES8F73CC75C618D72F72,19141112,19131211,32101010,19141311,32131520
6K52BI86MTZH,KS1259D6L30YYG3XR3VL,KS120V86MZWV9Z9LKQY3,KS1253H61TTR1FZWSRH4,KS126DB6T061MHD7RTGQ,KS4425C7820LCHZS7VGX,32121010,32161416,32121312,32151014,23151010
E9VIFTTD96QE,KS121YT721BY2F3M5YDR,KS125B56QRYZLXXCSM5Q,KS1200H6XYN1CR0G5NZ0,ESA4E1398D144871DB68,KS6833T66CBZHBTRQG5Q,32161311,27101026,27101110,27101024,11131318
GIUNWELAJM3U,ES194AC9D5F2AF783E62,KS121Z26S4VJLQ1WXN21,KS123X777H5WFNXQ6BPM,KS1256W6MPKRNM11QMPM,KS120XP636CB5432F5TP,32131111,15101115,23151010,23151215,23151016
IX6R1NXHBQAM,ES86C12B1AA904C0F35F,KS121YT721BY2F3M5YDR,KS7G4ML61B2JX1H1003Z,KS127ZG6DBSF76WF7VYX,ESB38820A543FA4E3969,16141210,32131011,16141110,27121210,27101110
MSSEWKN8XQKY,KS125F678LV2KB3Z5XW0,KS4403G6XNX5KJSD906W,KS127ZG6DBSF76WF7VYX,KS122556LMQ829GZCCRV,KS123X777H5WFNXQ6BPM,19131910,19131713,11221117,19151110,24151313
XVH7KATQYDSH,KS1259C5ZCWP0W21KJ6Y,ESE32E789240D17A61B7,KS124JB619VXG6RQ810C,KS13USA80NE38XJHA2TL,ESEB1D4619E6E83A061D,23111310,21121010,23101010,21121410,11111012
CK88D0TGSIWG,ESF7CBEBE067150B911F,ES76F4C57A88877D6D64,ES47BA93FC30E2F301DC,KS122Q96S1LT3253TW3H,ESBF952629C36426E564,23121010,23101010,27121510,23101110,23111310
AS0ZBTBOP51V,KS1259D6L30YYG3XR3VL,KS120006NFM1YCMZ32GB,KS127CG7631Y7MD1QPWY,KS1226Y6DNDT05G7FJ4J,KS124QR6F19BX4WPMW1H,18151712,18151710,12131213,18151213,18151214
LFQF5E8OSAQ3,ESB0C6E0FE9CAB4E6D38,KS123FS6SM7YBY0BS2T7,KS121F56HCNN8HS317LM,KS124QR6F19BX4WPMW1H,KS120HL62LT111PDC7HS,19141311,19101010,32151018,19141110,13141011
9BTD5PU139KA,KS1217P66NK6BW72M9FH,KSDJCA4E89LB98JAZ7LZ,KS120QQ6ZN003B8B7FK1,KSKJX44T33B6D4UCC8CB,KS12161691DMDRWTSBL3,16141210,23171524,23171712,16141110,23171541
W3JGEQE5158O,KS123Z75WFFSZPXNH04Q,KS1219261TYVPMGX8KVQ,KS122556LMQ829GZCCRV,KS123X777H5WFNXQ6BPM,KS120WT63K4HC6NX7QXV,19161111,19121011,19161012,19121711,32131111
K2P3AJFAX1CQ,KS123C55Z1M04L014HL0,KS4424P6G7QVWXC3B756,KS123ZK6F9YRJJBS1FJG,KS126BJ6F5ZN6DWCCR0X,KS120RN6FDTS9FLCH3T0,19101012,26131014,27121313,32131011,27121210
A7DORFKI1IJE,KS1241P6PXRCKTDSWHTV,KS127D361PF0FTXDZ7C4,KSFS12Z1D00MRUX8Z7E8,KS1203T6J7F2P3TG6Y6K,KS6CJM32I4K83KU8GYOG,27121013,32101110,27121014,32171011,32101010
JY1O2RNTJLMZ,KS440Y975RD841M02V3S,KS680KR72KH02C5GM5TY,ESB4C707E98B551DE4A2,KS125BH5X5W0R09ZW3B7,KS4407N6CMTCYT0NYSVM,19101016,19131211,19141112,19141311,19101010
UA9GYDBXE1BF,KS122PG64BT2BT6X15HF,ESED820E6065D9AA8D6F,KS120RN6FDTS9FLCH3T0,KS44175745H9Q0DPBDNT,KSKJX44T33B6D4UCC8CB,20291110,23111310,23121312,23121311,23121010
BEWUD30E47LQ,KS124QR6F19BX4WPMW1H,KS1240N6S76T3SLDH7F3,KS120406FZSMTZF4M5SH,ESF6784E14B1812D7FE4,KS127ZG6DBSF76WF7VYX,19101010,19141110,19141311,18151117,19111012
TI2V0ZSLWEUZ,KS123X777H5WFNXQ6BPM,ESDBE903059CD049B5EA,KS124JB619VXG6RQ810C,KS1228S6YKWXMH4M4DL7,KS121Z26S4VJLQ1WXN21,32161416,32121312,32151013,21161310,32161415
S2E2FOZZ1JPA,KSDJCA4E89LB98JAZ7LZ,KS121CX75Q8F638ZCJVZ,KS123YR5XXWF2B1L80CG,KS121975WDFKW7W3PYZN,KS7G747655VG23WXMS9B,23171524,23171712,11151110,11151010,32171011
0P5MW1C8N3VO,KS1258X6TN4MM1GP0SFK,KS122556LMQ829GZCCRV,KS43I7T7CU4Q66EGVQLU,KS123X777H5WFNXQ6BPM,KS1218W78FGVPVP2KXPX,27111222,27121313,27121210,32131011,27111214
0IV1GGXRED8U,KS1237L6PKFC8187JKW5,KS1219261TYVPMGX8KVQ,KS122556LMQ829GZCCRV,KS122P378DGNVX4NKQKN,KS126X663B21NB77ZHSP,23121010,23121311,23101010,23111310,23101110
G6OOH1XAWJ28,KS1206V5WFXYXG27QYFD,KS126HY6YLTB9R7XJC4Z,BGS1E1B7E03C22EE6F65,KS1240H6KF8DFNQDLL3B,KS120SR6WD1FP76Z6GC2,16141210,16141110,16141410,27101212,23131010
O4F6T8RBA2FY,ES39A67F403EB3EAAF1A,ES6C29DABFE2921A7EA3,KS440XG6F9DTD3VG7JTV,KS1246S7411DK3YRQG6B,ESBF952629C36426E564,25111610,25111110,25111310,10131210,23161012
X9H4AVYKR6J6,ES7C0F86EFAD9BAC3F30,KS123X777H5WFNXQ6BPM,KS120RN6FDTS9FLCH3T0,BGSDD5FB715C9C84D8AE,ESEB1D4619E6E83A061D,32161416,23171521,26131114,32151013,32161415
1NLC8JPR7VGR,KS120GV5ZXR64CJLL1J4,ES47BA93FC30E2F301DC,ESED820E6065D9AA8D6F,ES9262EB46A460722CB4,KS122556LMQ829GZCCRV,27121313,27111214,27111222,27121210,32131011
VME942HQFXCL,KS7G2FX6L5L0NXGGHKMH,KS125F678LV2KB3Z5XW0,KS122B16Y09Y48N1HZCD,BGS3A9918446203012B2,KS680KR72KH02C5GM5TY,16141210,16141110,26101519,16111210,16111010
QBB3XMDKRLC0,KS122RM6RTFWYVZQB39Q,KS1200H6XYN1CR0G5NZ0,KS1219261TYVPMGX8KVQ,ES3805A39975A2FA02A1,KS1200H6XYN1CR0G5NZ0,19141311,19101010,19141112,23161015,23151215
947XKJQ6X5LD,ESA7A804109FFEDA2EF8,KS122556LMQ829GZCCRV,KS4401F74RC4CCJ4DR2F,KS120LB6XV5409BCQ0NF,KS121Z26S4VJLQ1WXN21,32131525,23161012,15111013,32171022,23161015
96MJ9N6EQV5Y,KS122556LMQ829GZCCRV,ES71C18378814E6740D6,KS1280B68GD79P4WMVYW,ESA2046B83319C31C349,KS122VV71XNN7Y03XJNN,23161114,23151016,23161115,23161015,23171521
GFPPSYAZHXDO,KS122NY60HCYYDXHQGQN,ES76F4C57A88877D6D64,KS1212B6QR5SK1LSD4S4,ESDC71ADB625C6AF8112,KS125RT75ZYS4TCFJ0H8,32131510,32171011,12121610,32131526,25111510
ENGWYX9TRFLQ,KS125F678LV2KB3Z5XW0,KS1219261TYVPMGX8KVQ,KS440PV6FRJ90X0QFNLY,KS7G4YT72YHJ3BVJ4P56,KS1218W78FGVPVP2KXPX,27121210,27121313,32131011,27111214,27121510
BMC97C7BO119,KS1259D6L30YYG3XR3VL,ESB4149C63B4F6081616,KS124QR6F19BX4WPMW1H,BGS2E1275F3C96CC1BA8,ESE8E6C89348587B4CCC,20311610,12131213,12101212,12101310,12101210
324ZBL5KZHCM,KS125Q36QTY8PQT43BK3,KS128866SHL94J005TTG,ES1A29D8EF25130304B9,ES44C38C0A5850449C4A,KS122CH79G2KSBRRJHTN,19111012,19111010,25111610,19111011,25111110
RXRMJOPPRILU,ESF80FF10258D686691A,KS7G2VT72L9WMFRCG4G0,KS121Z26S4VJLQ1WXN21,KS1203Y62Y4C11XJ6PHP,KS122556LMQ829GZCCRV,19101010,19111010,16141210,19141311,19141110
IH4O8JG78IA6,KS1203S6MM7GLDM71WQD,BGS30DF8D99417B93488,KSKJX44T33B6D4UCC8CB,KS1253H61TTR1FZWSRH4,ES5028D950B5137C3970,19111012,19101010,19111010,19141311,19141110
LDC08FC0TR58,KS124416HQSCT1J2JQVJ,ESA420F05EBBD34B3C2A,ES4E81D4E042F468C897,KS121TP68VPZF07NBS5Q,KS440C365HRHPM9VQDFF,25131410,25131710,32161311,25131810,25111510
XZ6UK18F2DXR,KS4413M6FXN7CQ6QF15D,KS7G4YT72YHJ3BVJ4P56,KS122B675FC1JT787TRB,KS121YT721BY2F3M5YDR,KS123X777H5WFNXQ6BPM,19121416,19161111,19121011,19161110,32161420
COWEEVX3NY6V,KS44086772RVPJQ1SVW6,KS127HT6PY61NVMR3PWG,KS122556LMQ829GZCCRV,BGSB1AA3A12976AFDDA2,ES6942CD173CAA05BA26,23171521,32151014,32161416,23151010,32151018
W8D09JRD4HQF,KS120WT63K4HC6NX7QXV,KS123MC78KV644P5DDZ0,BGSDD5FB715C9C84D8AE,ES3138113FCCC45863D9,ES20CECA4FF83ECE8196,36161117,36161124,36161120,36161112,19161111
WNT0Z85PRCPK,KS7G40J769R8LWTZ9550,ES8F73CC75C618D72F72,KSQPGV2XZO8UMNCC49LK,KS122QH61M1MNJ0BP4XZ,ES65621B26F53842D8BE,23171524,23171712,23171710,23171541,23171510
JKQQNJ0ROCMQ,KS440ZB70KSLV18DM7M2,KS127296VDYS7ZFWVC46,KS124QR6F19BX4WPMW1H,KS122VJ6BSMHB6YCH502,ES6C29DABFE2921A7EA3,23171524,23171528,23171541,23171710,23171712
3BBT873LKMGS,KS44175745H9Q0DPBDNT,ES8B03DAD3B526316ED9,KS441846Q382NVKJSSC7,KS126X663B21NB77ZHSP,KS124WD6XB7RT57LR817,20251510,20341110,20311510,13101010,20251110
I5B9OIN25N8L,KS120L16S3RLJ82VQ08H,KS1253D6B27CMTZ496YL,ES3887D0EF43C2DFE14D,KS120MQ655HPY3MW500F,KS123YH6YZ1G0PZVVJW1,19141311,19101010,19131211,19141112,23171510
YNJTPS9O5SRP,BGSDD5FB715C9C84D8AE,ESCB38C6B130340D9E34,KS124QR6F19BX4WPMW1H,ESF33377FEB029256815,KS4401V5WX78L6JX0NW7,27121510,27101212,27101024,32151013,27121210
Q8WHT37OJ98B,KS1218B62M9QRBY8WRSK,KS127D361PF0FTXDZ7C4,KS127D361PF0FTXDZ7C4,KS4417Q6D106VZ6CTKC0,KS122Q96S1LT3253TW3H,23121010,23101010,23101110,23111310,23121311
H31A2MF3G1PU,KS681KH79MJLQDPB9T88,KS7G09N768FLPTYZWXWV,ESE7CF2084EE07193255,KS126256R04NWVG6Y5C0,KS123PM708XTL2N3FJNX,21141210,23161012,23161015,27111216,23161013
3DYH97DIYX02,KS1264Z76VQV2ZW2MB02,KS122556LMQ829GZCCRV,ESBF3D51B7AF0070EC8D,KS122B071LMGXVTT3Z91,KS4418462TTGKL3CWJHT,27111320,27111314,32171011,27111322,23171310
NXV50OT1K8HC,KS125F678LV2KB3Z5XW0,KS681KH79MJLQDPB9T88,KS1274M64JQK9PB2G3Q1,KS120626HMWCXJWJC7VK,KS124RX787SQ1WVD8XF6,17171610,23171541,23171810,23151010,23121010
WM31YIHAIR4C,KS1248T6MC5L69MZ2L3R,KS1200H6XYN1CR0G5NZ0,KS120QD64Z8Z6TXQF418,KS123GC5ZMQPKSPTRFBF,KS123X777H5WFNXQ6BPM,20371210,12101010,12101214,12101212,18191710
TI221XJ7WWUD,ES73A557482F94D812CB,KS680KR72KH02C5GM5TY,KS121056X529461ZF6XW,KS44086772RVPJQ1SVW6,KS1241J6PC0N3DT65QG8,21131110,32121312,32161010,21121010,21121210
D4ZYEFG5ODHD,KS1218W78FGVPVP2KXPX,KS1248N67V89TD6KBPT4,KS4418462TTGKL3CWJHT,KS122556LMQ829GZCCRV,KS123X777H5WFNXQ6BPM,32161416,32121312,32161010,21121210,32161311
AKUXDRH4K4JK,KS122556LMQ829GZCCRV,ESDE6EFE718C84112BC7,BGSDD5FB715C9C84D8AE,ESB7D4D9034BC8B2CAB1,ES72D57E1BC4BB22BBB0,32161416,26131114,11211010,19131910,19131713
RAEJPFAWXD0D,KS1217P66NK6BW72M9FH,KS120SQ5W4Q57JMD2Y81,KS125F678LV2KB3Z5XW0,KS125MK6L8XN70ZS40ZY,KS12752715S2P1XNBR43,20341227,20301314,20341212,20341110,20301313
Q0S9AJYGZCUJ,KS125K663RKQMY6CFN29,KS120VW6JMZHZXZGD72C,KS1213Q5Y632QWZ7PVVS,KS128296MSCLM11LM55F,KS7G2F36GFX1K55V6GK4,32171028,25111110,25111610,25101110,25111518
7V1QSA11PTKF,ES86013436A6B64C8A45,KS685WP6F6NWNGF4YVD3,KS122F96DJHT3ZXB8FCZ,KS124QR6F19BX4WPMW1H,KS122556LMQ829GZCCRV,11191514,23121010,23111310,23101010,23121312
9PQRMOU803JW,KS122BC6GQWRTG03SR9G,KS0OX58VDQ5P1TCYANAN,KS1282R607CFYF1FWJ74,KS7G46R6Q0KY5FGB4RXV,KS1206Y6W7F5JS3VBTFL,32161311,25131410,20371210,25131710,32161416
E4N2524GPZBO,KS440PV6H6S2F16NLXYF,KS122556LMQ829GZCCRV,KS9ZSS5UNBOR9NT1GMGF,KS128866SHL94J005TTG,KS1225S77RQ7T10BMPXN,23171521,27121510,27121210,32131011,27101212
F1IH6LB3K5RU,KS127W26ZXHHV5G8M4HQ,KSMNXY6MPS1EDWJ8P6B0,BGS2B00C35FF71F8880A,KS4403G6XNX5KJSD906W,KS124QR6F19BX4WPMW1H,32161313,32121010,32121312,32161010,32161416
DN5V38N2UIZI,KSKJX44T33B6D4UCC8CB,BGSDDE0EBD9790EC1F61,ES9BD12EB76B360E0E89,KS441K2756CXYXBG990G,KS1238J5Z67LVF879RRH,27121313,27111214,27111222,27121210,32131011
BHC9GCMYZ20F,KS1289C6QS0TSSB4PNGG,KS126BK72NQVGDQ6Q7K3,KSKJX44T33B6D4UCC8CB,ES457D5D0FD300794074,ES85709E566FBB33D2B0,20311610,19141112,21171010,19161111,19161012
LCQZJ82ZQYJM,KS128066XVJ3VBR23R8W,ESCE0C9EA47C719A51CF,KS122SG5Y0Q5YQM7V8KT,KS122PG79GBGKLPG9WNK,KS125BH5X5W0R09ZW3B7,22111416,22111415,36111110,11191210,22111413
ZX5BT8ZEH3RP,KS127QD6R8SVZFYYKLLM,KS125ZD5XCZ75KJNHXTH,KS441076RVCYNSQP485M,KS4403G6XNX5KJSD906W,KS123YH6YZ1G0PZVVJW1,22101213,32151014,22101214,22101210,32161416
XJ37C9H42M44,KS120WQ677W47TWMCBB2,KS440Z26T60HXNGBDLL2,ES15B16B907D759C1EC2,KS440Z1754M82K9VYJFV,KSQOOX1S2DYD0E1VVZ5X,19111012,19111010,19101010,19111011,23171524
IHN70N6JBP33,KS127SW65NSYKS9RH8PN,KS126G76RCMD7LSXHZC0,ES8B03DAD3B526316ED9,ES51980193663083AED5,KS123YM600CLQQD1GP56,15101115,19121416,19161111,32131527,20131312
8J0KKAGIQDZ7,KS441FY5W02XK1J43Y2L,KS126YC6X4DNKKPN2W0W,KS1281M7573BG4S5QKMT,KS7G7GK6K3ZQ6N1Q1560,ES4B1693B37B1A697054,23121010,23121311,23151115,23151114,23111310
8LYMJ1QI9MQV,KS125BH5X5W0R09ZW3B7,KS4402T6094D6F35MTXR,KS125B56QRYZLXXCSM5Q,KS121W46CJXQ5ZQ506MS,KS122716P0Q9TPWQFJH3,32161311,23151115,23151111,32121312,32161416
GTQMOR9EH7OL,BGSDD5FB715C9C84D8AE,KS7G7RG6HZ6DJGX617R2,KS122556LMQ829GZCCRV,KS440D46TXLZWJB033XL,KS121Z26S4VJLQ1WXN21,27111214,27121313,27111222,27121210,27111221
0GCHF4AKDNAD,KS120ZX7019J4V8DHBTM,KS124JB619VXG6RQ810C,ES71C18378814E6740D6,ESE0791019D52949B971,ES3EF0AC27C63CC2CD8D,20251510,16141110,16141210,23101010,23121010
V9J2FUW48XLP,KS1272B6L0Q19J0Q313P,KS123X777H5WFNXQ6BPM,ES812939CB590F78C693,KS440F476G8SKQRTH4CY,KS7G2F36GFX1K55V6GK4,23171521,23151010,23151016,23171541,23151011
90DPIMRBZN59,KS7G0DQ67KZ6M95B3V5T,KS120LH5W508G8HMY9GG,ES192DCB6EF143DC9DCC,KS125MK6L8XN70ZS40ZY,KS122VT6S2JJ5C5D80NF,21111510,21121010,21121110,20251010,21131110
287QMRMPLXC0,KS680KR72KH02C5GM5TY,ES25EC3E78EC23883293,KS7G2F36GFX1K55V6GK4,KS127PD690VYHDQRDC77,ES32D9DAFE37545AE8B6,21131010,21131110,32171018,20171810,32161416
7NIDP9MGYH52,KS122626T550SLQ7QZ1C,KS127CR6S5TQJVYMG3HB,KS125F678LV2KB3Z5XW0,KS125MK6L8XN70ZS40ZY,KS1203V5WXB7NG26XSR8,19111011,19111010,19111012,32161416,32151014
Q9CS4A2IS069,KS1265F71V3PY4KH0JW5,KS1248L77TSY3J2V2XC1,KS121T569X502KJPS0F3,ES76F4C57A88877D6D64,KS1200H6XYN1CR0G5NZ0,19111010,19111012,19101010,19111011,19141311
1PTXGSRMQ0ML,KS1218W78FGVPVP2KXPX,KS122YN6108R0RSDXXRC,KS127D361PF0FTXDZ7C4,KS1241P6PXRCKTDSWHTV,KS1217P66NK6BW72M9FH,27121313,27111214,27111222,27121210,32131011
JFEDTEETQP3P,KS123Y76D7JBC3TT7S7W,BGSF575CE29337D53CE3,KS124QR6F19BX4WPMW1H,KS123NJ76GJLK91JS75M,KS120RN6FDTS9FLCH3T0,32171211,32131610,15111011,32131311,19101010
GLCKWT2E077U,KS122HN63RD7JX5WNCJ8,ES8B8C52EA70D3BD184E,KS1219N6Z3XQ19V0HSKR,KS128275ZSJDZ37SNG87,ES6396FBA9C5007CE9B6,22101214,22111215,22101210,22101213,23171510
Y1EYN70W1PFX,KS124685Z7C03V020F5V,KS121Z26S4VJLQ1WXN21,BGSAD87B6586137D36B9,KS126B176T0R9RVGBZBS,KS1259D6L30YYG3XR3VL,32171012,20311610,20311810,21121010,21141210
P35T54GYLBI1,ES1B33296DDAE6EFAC74,KS120H36F1V9NQRQC3VM,KS123X777H5WFNXQ6BPM,KS125PC6JNQW658X4N1G,KS441846K903WT1RYDKJ,20171810,22111215,22101213,22101214,20171811
EADCT1ZHT4EI,KS1261W6S12LL9NC21GQ,BGSDD5FB715C9C84D8AE,KS122555YNWMN79XR7DH,KS440216KGVWB92YCJRK,KSCBIQIDO78W54OA3D7T,14161210,19121416,32161416,19161111,19131110
AW3OVY92DEFQ,KS122BM5XDGQTZXSWWPX,KS124TG6C6GQ3RGYBJ3G,KS124QR6F19BX4WPMW1H,KS1203T6J7F2P3TG6Y6K,KS1203W6419RJG2KW4QS,22101214,19111011,22111215,19111010,32101110
W9MYYOKEAEA8,KS7G2FX6L5L0NXGGHKMH,ES32FA076CE75DC246FE,KS1284D6DPR42RSQDKG2,ESBE0AEFFCC9FEA76A31,KS123X777H5WFNXQ6BPM,32171011,32131526,11221117,32131510,32101010
MHMX5NYQ3YHG,KS1258T726SRJLTWL70J,KS1217P66NK6BW72M9FH,KS122VW78Q67XR4C3ZDW,BGSBC6553CCF3F292F02,KS1253H61TTR1FZWSRH4,32151013,32161416,32161415,32121312,19101310
PAV7QA80EHAP,ES8F73CC75C618D72F72,KS122YN6108R0RSDXXRC,KS124DQ6JX0NX9DBFDM8,ESC7869CF7378283E0AA,KS121W46CJXQ5ZQ506MS,27121313,27111214,27111222,27121210,32131011
EEOD1VAA4LTV,KS122556LMQ829GZCCRV,KS125MK6L8XN70ZS40ZY,KS120KC6MWP1T51KVTJK,KS1241P6PXRCKTDSWHTV,KS128456FPN85WYD0SH8,19101018,19101011,16141210,27101212,16141510
9EL8HL88KZRU,ESF7CBEBE067150B911F,ES2AAD427D871251857E,KS122VW78Q67XR4C3ZDW,KS7G4YT72YHJ3BVJ4P56,KS7G4ZG6RL1N54RYXYX2,27121510,27101024,27121210,32131011,32121010
C5PNEDL60YOK,KS122556LMQ829GZCCRV,KS120LB6XV5409BCQ0NF,KS127Z365XP74FVZSZ5L,KS1280B68GD79P4WMVYW,KS123YJ6KVWC91BTMB4R,21111510,21121010,20251010,21121110,21111310
2O4M84P4K9DX,ES3937EEC3D5D7345412,BGSF0A1E8E08B0A3255A,KSQPGV2XZO8UMNCC49LK,ESC5567F7A6FA12D0DCD,BGSDD5FB715C9C84D8AE,23171524,23171712,32161416,23171541,23171510
573HXB8B6J39,KS441LF7187KS0CV4B6Y,KS120RN6FDTS9FLCH3T0,KS440W865GC4VRBW6LJP,ES65C485CF3B67FE16DF,KS1259D6L30YYG3XR3VL,23171524,23171712,27101212,27121510,23171511
K2K0JJ4UGG6S,ES2293CD01E12A395E9F,KS122556LMQ829GZCCRV,KSUMUUUWH2LGA7IKVOX7,KS125QD6CX29H8YCS9XR,KS122QK6TH01FWQ9X8CH,32101114,27111320,32101110,32171024,16151110
ZOBZOUJJ30TL,KS125MK6L8XN70ZS40ZY,BGSB805E8E694CF5F05B,KS7G2F36GFX1K55V6GK4,KS127ZG6DBSF76WF7VYX,KS1218W78FGVPVP2KXPX,15111011,15111013,15101010,32121010,15101114
NKVB2HQBWO7B,KSWR4RCZQM7RAQNUFC40,KS1219W70LY1GXZDSKW5,KSWDR9J0249TFZ6NUP6X,KS123X777H5WFNXQ6BPM,KS125RT75ZYS4TCFJ0H8,23121010,23171521,23151010,23151016,23171541
SA6S9RCB2OXE,KS1218W78FGVPVP2KXPX,ES76F4C57A88877D6D64,KS123X777H5WFNXQ6BPM,KS120076FGP5WGWYMP0F,KS1253H61TTR1FZWSRH4,23171528,23171710,23171541,23171524,23171810
B4IBHIF5SL1Y,KS123Y170CZM0V5Z3XXB,BGSCC1F7B0B427EAE756,ES70CD6E89F6DAD8F319,KS126SW5ZZYP3HXXPX1X,KS441LF7187KS0CV4B6Y,19131213,23171524,23171712,23171511,23131116
QGM5V2WWG84D,ESC5567F7A6FA12D0DCD,KS683SQ6ZD2227YN4C93,ESFC43DCA3801E591CD5,KS124QR6F19BX4WPMW1H,KS122556LMQ829GZCCRV,21121010,32121312,21131110,20101310,20101110
14JPONZV1V8P,KS123Y56VDHMZ288XX1W,KS4423G6BKW35ZSZ5N7C,KS123NJ76GJLK91JS75M,KS1259D6L30YYG3XR3VL,ES3BB8A5686AF0ADA01D,19101010,32131311,19141311,32101010,32161416
UUJ2G430LR3O,KS123X777H5WFNXQ6BPM,KS123X777H5WFNXQ6BPM,KS440PV6FRJ90X0QFNLY,KS1218Y74WJ6YV4KH0DM,KS1207L6QQP6TYRGY3L9,16141210,27101212,32131011,27121210,27121510
4BKTCV1LTWBJ,KS125F678LV2KB3Z5XW0,KS123X777H5WFNXQ6BPM,KS441ZY6P0PDB5DWTRB8,KS127YF631YF6JYZNX9P,KS123X777H5WFNXQ6BPM,32161010,32161416,21121210,23171510,21131110
KI4JKJ7OPJQB,KS123Z75WFFSZPXNH04Q,KS1218W78FGVPVP2KXPX,KS125966RSZSRH0J74BL,KS1218W78FGVPVP2KXPX,KS440Q1695HNGHGP6T45,13101010,20251110,20251510,20251210,32131111
CQ99CHJ755NF,KS1253H61TTR1FZWSRH4,KSMR7JUMAR3WHRWW5087,KS1218W78FGVPVP2KXPX,ESAEEF5760144B8210FD,ES8A837D0DD657D1FD5C,36161117,36161120,36161112,36161124,36161110
NEOGE9B4UNEI,KS441PP66W2WKCZJ7FR1,KS120LB6XV5409BCQ0NF,KS4411Q657NLLX1MK3HY,KS125Y462DTP41N0WP4M,KS120GV6C72JMSZKMTD7,19121416,19161111,23161012,23171541,23171528
OW8DT8CQ1XGB,KS122J96Z72S4MNP021Z,BGSEE1E1C4671622F63B,BGSD2202B2068482C30B,KS126X663B21NB77ZHSP,KS440PW770CYFKBSPCW3,32161419,32131527,32131412,11221114,11161510
CLKA9LZ57V4N,KS1249W5XCGQDS6DV3R1,KS122T4649YBSJHD4ZWV,KS1225T707CD39S7QHV4,KS121Z26S4VJLQ1WXN21,KS1263K71W66XVVGKG2F,25111110,25101110,25111518,23171610,23171611
M8L10I187YOH,KS12571603WK30XFFFKS,KS1285T645JRKKFWSV0W,KS1203C6N9B52QGB4H67,KS1222G6RD9GBB7Q6FY5,KS1225T707CD39S7QHV4,36161117,36161120,36161112,36161124,36161110
8RL9QFCPK7PW,KS680KR72KH02C5GM5TY,KS1203W702ND09XHKJR5,KS441S06L3NZBK0D6JM8,KS120436N14BN10FM7W8,KS1208P6ZMZ4N872Y7X5,19111010,19111011,19111012,19101010,19141311
DFPPWC1QY9MB,KS122BL6107G2Z27JWJW,KS123X777H5WFNXQ6BPM,KS125F678LV2KB3Z5XW0,ESEB1D4619E6E83A061D,ES9BD12EB76B360E0E89,27121210,27121510,27101212,32131011,27121313
Q80I4527KKZ4,KSGQ9QZ5IFB2Q2JYUENP,ES6204EEE269AF03D4C4,KS123NQ6N6KV4RM7RTXJ,KS120HK5XY6JV257QLTX,BGSD663E7801D0013709,23161012,23161015,15111013,23151016,23161114
JYDAK4U9M305,KS1259D6L30YYG3XR3VL,KS4415H69VWMG9JC170Z,KS120BV6SR75RBKQH0G3,KS121XY60R6Z5C3R172K,KS122626T550SLQ7QZ1C,18171015,23111410,14111210,18121010,23151016
MGAB1W1HGW5F,KS122CB6Q88SGJ14VL6X,KS122556LMQ829GZCCRV,KS1218W78FGVPVP2KXPX,KS120626HMWCXJWJC7VK,KS124DX6G31F5M9ZHNGC,32151013,32151015,25101010,15101116,32161416
4FEGYYJ5N860,KS1227V6WBR3BH3SJYSZ,KSOVUQHJIJAIHI0SZNZ3,KS1226Y6DNDT05G7FJ4J,KS681KH79MJLQDPB9T88,KS1259D6L30YYG3XR3VL,26141910,14171410,26141210,25111110,14111210
F1CLNVXNZU6M,KS121DD6WB06Z93C8K76,KS125Y462DTP41N0WP4M,KS441ML6ZTK71MVYGP67,KS1239W6QZKL1H0TF1TJ,ES8112FBBD916F633942,23171528,23151115,19121416,23151111,19161111
HQE86O3Z0ANI,KS1259D6L30YYG3XR3VL,KS1200H6XYN1CR0G5NZ0,KS441S06L3NZBK0D6JM8,KS120GV6C72JMSZKMTD7,KS122B06FRJSHG3ZF56F,32101010,32131523,32131520,32131526,32161416
3AH4EM5GOTUA,KS1218W78FGVPVP2KXPX,BGSBC6553CCF3F292F02,KS127D361PF0FTXDZ7C4,KS125F678LV2KB3Z5XW0,KSQ99JKTZ4VRBARWNW2X,32161416,15111013,32151013,32121312,32161415
HRLNF6NV5XU6,KS1242C6S44TD4DN39K5,KS120RN6FDTS9FLCH3T0,KS122Q960QYMW3YH0YWF,KS120LH5W508G8HMY9GG,KS127296VDYS7ZFWVC46,23171524,23171712,23171541,23171511,23171510
TWDL9ZS13C9X,KS1248L77TSY3J2V2XC1,KS127D361PF0FTXDZ7C4,KS125BD6LRLXQN2CPNS3,KS7G0C36YW29VS8KPC05,KS1203W702ND09XHKJR5,19111010,19101010,19111012,19111011,19141311
4EHMW5MXVWBQ,ESEB1D4619E6E83A061D,KS680KR72KH02C5GM5TY,ESB38820A543FA4E3969,KSQPGV2XZO8UMNCC49LK,KS127Y978519ZR40DPMP,19161012,19121411,19181312,19181313,19131212
0UFUCGUW0V0I,KS125B569R313XT23LHY,KS1218W78FGVPVP2KXPX,KS1218W78FGVPVP2KXPX,KS123X777H5WFNXQ6BPM,KS1259D6L30YYG3XR3VL,32151018,21131010,32161416,20291110,32151014
C11UH3DR99UP,KS7G09N768FLPTYZWXWV,KS122LD637YPGLCX4K77,KS4425C7820LCHZS7VGX,KS1218L60PDVZX16NZT1,KS1218W78FGVPVP2KXPX,19171310,19121711,21111110,32161010,19161111
WHCEKFQNKMB5,KS1207Y5XBMWD4PCQWW7,KS1242D6XNLNKMBM0ZP2,KS124G66QWSYM012SWS5,BGS893CDAAACEF63B0CE,KS125F678LV2KB3Z5XW0,11151010,11151110,11131113,24111010,11161610
RSKOQV333C2U,KS1203W702ND09XHKJR5,KS1265F71V3PY4KH0JW5,BGS3865AE8153716B4EB,KS1218W78FGVPVP2KXPX,ES44C38C0A5850449C4A,19111010,19111012,19111011,19131213,19101010
LED1LG8Y2WGE,KS120PQ6XD1JWMFQVJNW,KS125Y462DTP41N0WP4M,KS123QP63LG9VDX8RHW5,ESF707BD3D8541EC62C5,KS122N264PVV9MP6G4K3,22111411,23121010,23121311,23121312,19121416
CJG8VUAZXKDQ,KS123SZ5ZKHS1PS8XJDH,KS122556LMQ829GZCCRV,ES8B03DAD3B526316ED9,KS122NQ78JV15M7TG886,KS1224W5XSXCJBNSLLVX,21161211,21161310,11231010,25111110,25111610
MPD7Z4KSO03W,KS123YJ6KVWC91BTMB4R,KS120076FGP5WGWYMP0F,KS440K266YPXFVKMWMCR,KS441626TDSV2J6GBB86,KS127D361PF0FTXDZ7C4,27111214,27121313,27121013,27111222,27121210
TP7BD4W1ARAG,KS126DB6T061MHD7RTGQ,ESB4149C63B4F6081616,KS1248N67V89TD6KBPT4,KS1218F6BBP93B6NJNYL,KS127D361PF0FTXDZ7C4,20311610,32161416,32121312,32151018,32161010
IVWOE58OAGP0,KS128866SHL94J005TTG,KS121W46CJXQ5ZQ506MS,KSQPGV2XZO8UMNCC49LK,KS125F678LV2KB3Z5XW0,KS127D361PF0FTXDZ7C4,26151214,20321022,26151114,26151216,32121312
O5A439GF5LXK,KS123DZ63CL4S5D74XVG,ES599AD4E48EC1029AA8,KS126K06YSWLGCMB6B0Y,ES76F4C57A88877D6D64,KS441NW6L8RQ4GD0HFRX,11131314,32161416,19141112,23161012,23161015
B3MK8TEWA5UY,KS122BL6107G2Z27JWJW,KS124JB619VXG6RQ810C,KS123X777H5WFNXQ6BPM,ESB4F2BD367F3364EA7E,ESB5D9A022CCBA78A229,16141210,27101212,27121210,32131011,13151210
LNBOHUXS928Q,ESCC8F99B130EAC431A5,KS6840J6LR0TLQ86LZJC,ES92C25CB4A4612B2156,KS1255H684R4ZB45F6JP,KS125BH5X5W0R09ZW3B7,23171712,27121313,16141210,23171524,23171716
0KDN3TN60TLX,ES8C6945DC3A8C3BEE38,KS120RN6FDTS9FLCH3T0,ES1A29D8EF25130304B9,KS127PD6XH0GQ380FJ3N,KS4400P73W7HVMVZ7HCB,32101010,32131526,32171011,32131520,32131510
GHDILUVNHDCZ,ES1BEEB0EA9BCFD65927,KS125F678LV2KB3Z5XW0,KS120RN6FDTS9FLCH3T0,KS1264X6Q6902BJMLNCB,KS1289C6QS0TSSB4PNGG,19101512,19101611,19101022,19101511,36111110
BHWTGDK4SNV9,ESF5E4E161916F0E64A4,KS123TB6ZJGV3SJ0ZTZ7,ESE15CC456BBE39C7196,KS1203W6419RJG2KW4QS,KS120PJ610KTK6TMWZPV,19111011,21111110,19111010,19111012,21131110
66VW9B0MQOQ4,KS1280B68GD79P4WMVYW,KS1203C6N9B52QGB4H67,KS1248L77TSY3J2V2XC1,KS124FP642Q7P7TBPPZN,ESFA9982A2A945E439CB,19111010,19111012,19101010,19111011,27121313
TMD4F9HG3SD2,BGS54A43ECB52F728E4C,KS441FM75ZDSSYXG6M84,KS124JB619VXG6RQ810C,ES899BA440FA3441F22A,KS121056X529461ZF6XW,23151115,26111210,26111010,23151111,23151114
THW9P0IEIHCJ,ESFA9982A2A945E439CB,KS126QY605N7YVHFYCTW,BGS794951D216441A250,KS1203V5WXB7NG26XSR8,KSVJXALDJ7E7I9CJZUJB,19111010,19111011,19111012,19101010,19141311
